id_venta,fecha,cliente,producto,cantidad,importe,medio_pago
V-1001,2025-10-01,Distribuidora Sur,Servicio mensual,1,46679.50,cheque
V-1002,2025-10-01,Imprenta Rapida,Agua mineral x6,16,28822.43,efectivo
V-1003,2025-10-01,Mueblerias Hogar,Disco SSD 1TB,3,227802.61,tarjeta
V-1004,2025-10-01,Carniceria El Toro,Detergente 5L,15,65195.47,transferencia
V-1005,2025-10-01,Inmobiliaria Sol,Pendrive 64GB,14,126337.65,transferencia
V-1006,2025-10-01,Marta Gomez,Mouse inalambrico,3,26772.02,transferencia
V-1007,2025-10-01,Farmacia San Martin,Disco SSD 1TB,2,164505.97,transferencia
V-1008,2025-10-01,Ana Martinez,Notebook Lenovo,3,1965780.95,efectivo
V-1009,2025-10-01,Estudio Contable RyR,Notebook Lenovo,2,1317878.50,tarjeta
V-1010,2025-10-01,Valentina Diaz,Detergente 5L,19,85622.87,tarjeta
V-1011,2025-10-01,Restaurante El Puerto,Lapiceras x12,27,68646.96,efectivo
V-1012,2025-10-01,Imprenta Rapida,Notebook Lenovo,2,1212113.55,mercadopago
V-1013,2025-10-02,Carlos Rodriguez,Notebook Lenovo,1,650215.08,tarjeta
V-1014,2025-10-02,Hotel Plaza,Disco SSD 1TB,4,319799.01,efectivo
V-1015,2025-10-02,Carlos Rodriguez,Cartucho tinta,4,27435.96,transferencia
V-1016,2025-10-02,Libreria Central,Tornillos x100,48,7026.38,efectivo
V-1017,2025-10-02,Consultora Delta,Toner HP,4,29423.31,tarjeta
V-1018,2025-10-02,Farmacia San Martin,Golosinas surtidas,40,6100.78,transferencia
V-1019,2025-10-02,Imprenta Rapida,Monitor 24'',2,326875.72,tarjeta
V-1020,2025-10-02,Lucia Fernandez,Disco SSD 1TB,6,460404.78,tarjeta
V-1021,2025-10-02,Imprenta Rapida,Servicio de mantenimiento,1,29266.44,tarjeta
V-1022,2025-10-02,Peluqueria Glamour,Tornillos x100,38,5554.90,transferencia
V-1023,2025-10-02,Supermercado Don Pepe,Cartucho tinta,7,41786.70,mercadopago
V-1024,2025-10-02,Restaurante El Puerto,Detergente 5L,12,48697.15,transferencia
V-1025,2025-10-02,Valentina Diaz,Disco SSD 1TB,5,377287.42,efectivo
V-1026,2025-10-03,Gimnasio Fuerza,Agua mineral x6,5,8306.50,tarjeta
V-1027,2025-10-03,Cafe Colonial,Carpeta A4,46,56455.26,transferencia
V-1028,2025-10-03,Pedro Sanchez,Notebook Lenovo,3,2003465.58,mercadopago
V-1029,2025-10-03,Restaurante El Puerto,Toner HP,4,30822.71,transferencia
V-1030,2025-10-03,Peluqueria Glamour,Lapiceras x12,28,70835.44,efectivo
V-1031,2025-10-03,Carlos Rodriguez,Monitor 24'',4,654314.64,transferencia
V-1032,2025-10-03,Carniceria El Toro,Resma A4,11,10165.59,tarjeta
V-1033,2025-10-03,Ana Martinez,Agua mineral x6,9,15262.93,efectivo
V-1034,2025-10-03,Almacen La Paz,Teclado mecanico,1,35762.40,tarjeta
V-1035,2025-10-04,Veterinaria Patitas,Resma A4,14,12539.84,transferencia
V-1036,2025-10-04,Farmacia San Martin,Resma A4,8,7409.94,tarjeta
V-1037,2025-10-04,Clinica Belgrano,Servicio de mantenimiento,1,34630.31,tarjeta
V-1038,2025-10-04,Garcia SA,Agua mineral x6,30,53276.67,tarjeta
V-1039,2025-10-04,Cafe Colonial,Toner HP,5,36497.78,transferencia
V-1040,2025-10-04,Kiosco El Sol,Cable HDMI,10,31818.62,tarjeta
V-1041,2025-10-04,Lucia Fernandez,Lapiceras x12,5,11495.61,tarjeta
V-1042,2025-10-04,Garcia SA,Cuaderno,33,14497.80,tarjeta
V-1043,2025-10-04,Constructora Norte,Cartucho tinta,4,24109.18,efectivo
V-1044,2025-10-04,Panaderia Ortiz,Pendrive 64GB,18,146726.34,transferencia
V-1045,2025-10-04,Comercial Andrade,Carpeta A4,46,53799.36,tarjeta
V-1046,2025-10-04,Comercial Andrade,Cartucho tinta,3,18030.62,tarjeta
V-1047,2025-10-05,Ferreteria Nuñez,Mouse inalambrico,9,89038.35,transferencia
V-1048,2025-10-05,Gimnasio Fuerza,Cable HDMI,12,45389.79,transferencia
V-1049,2025-10-05,Panaderia Ortiz,Carpeta A4,46,59080.11,transferencia
V-1050,2025-10-05,Carlos Rodriguez,Cafe en grano,11,23472.89,transferencia
V-1051,2025-10-05,Valentina Diaz,Detergente 5L,20,89917.82,tarjeta
V-1052,2025-10-05,Kiosco El Sol,Cartucho tinta,2,12455.70,transferencia
V-1053,2025-10-05,Gimnasio Fuerza,Servicio mensual,1,49063.86,transferencia
V-1054,2025-10-05,Cafe Colonial,Agua mineral x6,20,33120.32,transferencia
V-1055,2025-10-05,Veterinaria Patitas,Servicio mensual,1,44872.75,tarjeta
V-1056,2025-10-05,Hotel Plaza,Cuaderno,14,6382.60,efectivo
V-1057,2025-10-05,Taller Mecanico Lopez,Teclado mecanico,2,68473.44,efectivo
V-1058,2025-10-05,Consultora Delta,Bolsas x100,52,58811.19,efectivo
V-1059,2025-10-05,Transportes Rios,Golosinas surtidas,62,10002.87,tarjeta
V-1060,2025-10-05,Estudio Contable RyR,Disco SSD 1TB,3,224413.71,transferencia
V-1061,2025-10-05,Distribuidora Sur,Licencia software anual,1,128203.03,mercadopago
V-1062,2025-10-05,Kiosco El Sol,Servicio mensual,1,47101.90,efectivo
V-1063,2025-10-05,Garcia SA,Carpeta A4,6,7703.41,efectivo
V-1064,2025-10-05,Ana Martinez,Servicio de mantenimiento,1,33722.88,mercadopago
V-1065,2025-10-05,Carniceria El Toro,Cartucho tinta,5,32782.55,tarjeta
V-1066,2025-10-06,Supermercado Don Pepe,Disco SSD 1TB,2,145974.56,mercadopago
V-1067,2025-10-06,Peluqueria Glamour,Servicio de mantenimiento,1,29656.84,tarjeta
V-1068,2025-10-06,Taller Mecanico Lopez,Mouse inalambrico,6,58825.49,efectivo
V-1069,2025-10-06,Distribuidora Sur,Hosting mensual,1,12617.29,tarjeta
V-1070,2025-10-06,Panaderia Ortiz,Tornillos x100,41,7148.71,efectivo
V-1071,2025-10-06,Diego Torres,Silla ergonomica,3,258803.93,transferencia
V-1072,2025-10-06,Ana Martinez,Aceite x12,6,32380.69,tarjeta
V-1073,2025-10-07,Transportes Rios,Hosting mensual,1,11731.42,mercadopago
V-1074,2025-10-07,Inmobiliaria Sol,Notebook Lenovo,3,1794554.45,tarjeta
V-1075,2025-10-07,Agropecuaria Campo Verde,Aceite x12,5,28948.20,transferencia
V-1076,2025-10-07,Kiosco El Sol,Agua mineral x6,29,50793.70,tarjeta
V-1077,2025-10-07,Gimnasio Fuerza,Mouse inalambrico,4,39328.35,efectivo
V-1078,2025-10-07,Martin Castro,Armazon,4,65628.95,transferencia
V-1079,2025-10-07,Supermercado Don Pepe,Carpeta A4,13,15412.48,transferencia
V-1080,2025-10-07,Libreria Central,Agua mineral x6,22,37315.22,transferencia
V-1081,2025-10-07,Clinica Belgrano,Licencia software anual,1,123866.63,efectivo
V-1082,2025-10-07,Escuela Sarmiento,Cable HDMI,2,6974.12,tarjeta
V-1083,2025-10-07,Clinica Belgrano,Servicio de mantenimiento,1,32942.46,transferencia
V-1084,2025-10-08,Optica Vision,Notebook Lenovo,1,629112.33,transferencia
V-1085,2025-10-08,Panaderia Ortiz,Lapiceras x12,3,7762.75,transferencia
V-1086,2025-10-08,Constructora Norte,Aceite x12,3,17156.91,tarjeta
V-1087,2025-10-08,Restaurante El Puerto,Servicio de mantenimiento,1,34422.46,mercadopago
V-1088,2025-10-08,Escuela Sarmiento,Servicio mensual,1,45958.73,efectivo
V-1089,2025-10-08,Martin Castro,Tornillos x100,19,3240.86,transferencia
V-1090,2025-10-08,Peluqueria Glamour,Servicio de mantenimiento,1,32788.56,transferencia
V-1091,2025-10-08,Transportes Rios,Cable HDMI,11,37288.57,tarjeta
V-1092,2025-10-08,Distribuidora Sur,Resma A4,19,18351.83,transferencia
V-1093,2025-10-08,Martin Castro,Servicio mensual,1,47938.63,transferencia
V-1094,2025-10-09,Carniceria El Toro,Silla ergonomica,5,484482.31,tarjeta
V-1095,2025-10-09,Distribuidora Sur,Toner HP,1,8071.23,mercadopago
V-1096,2025-10-09,Almacen La Paz,Cartucho tinta,1,7016.06,tarjeta
V-1097,2025-10-09,Almacen La Paz,Armazon,1,16112.69,transferencia
V-1098,2025-10-09,Pedro Sanchez,Hosting mensual,1,12694.93,tarjeta
V-1099,2025-10-09,Farmacia San Martin,Hosting mensual,1,11821.17,tarjeta
V-1100,2025-10-09,Martin Castro,Cafe en grano,15,27502.91,mercadopago
V-1101,2025-10-09,Comercial Andrade,Teclado mecanico,3,106909.68,tarjeta
V-1102,2025-10-09,Ana Martinez,Toner HP,5,36508.27,efectivo
V-1103,2025-10-09,Panaderia Ortiz,Harina x25kg,8,24116.86,tarjeta
V-1104,2025-10-09,Carniceria El Toro,Servicio de mantenimiento,1,30472.34,tarjeta
V-1105,2025-10-09,Constructora Norte,Armazon,3,51073.73,efectivo
V-1106,2025-10-09,Escuela Sarmiento,Teclado mecanico,5,200783.96,transferencia
V-1107,2025-10-10,Lucia Fernandez,Cartucho tinta,8,49439.29,tarjeta
V-1108,2025-10-10,Distribuidora Sur,Disco SSD 1TB,6,440831.68,efectivo
V-1109,2025-10-10,Sofia Ramirez,Detergente 5L,5,22040.82,efectivo
V-1110,2025-10-10,Constructora Norte,Tornillos x100,11,1659.49,efectivo
V-1111,2025-10-10,Comercial Andrade,Hosting mensual,1,11185.77,efectivo
V-1112,2025-10-10,Martin Castro,Capacitacion,1,59660.02,tarjeta
V-1113,2025-10-10,Ferreteria Nuñez,Resma A4,21,19633.12,tarjeta
V-1114,2025-10-10,Constructora Norte,Cable HDMI,7,26610.36,tarjeta
V-1115,2025-10-10,Martin Castro,Lapiceras x12,11,27517.28,transferencia
V-1116,2025-10-10,Sofia Ramirez,Disco SSD 1TB,2,154208.74,transferencia
V-1117,2025-10-11,Juan Perez,Pendrive 64GB,17,138315.59,efectivo
V-1118,2025-10-11,Cafe Colonial,Lapiceras x12,18,44914.61,transferencia
V-1119,2025-10-11,Comercial Andrade,Notebook Lenovo,2,1175335.64,cheque
V-1120,2025-10-11,Gimnasio Fuerza,Resma A4,22,22998.26,efectivo
V-1121,2025-10-11,Comercial Andrade,Mouse inalambrico,10,92126.08,efectivo
V-1122,2025-10-11,Valentina Diaz,Resma A4,10,9998.19,mercadopago
V-1123,2025-10-11,Consultora Delta,Armazon,3,50808.58,transferencia
V-1124,2025-10-11,Agropecuaria Campo Verde,Servicio mensual,1,48867.42,transferencia
V-1125,2025-10-11,Valentina Diaz,Tornillos x100,31,4966.19,transferencia
V-1126,2025-10-11,Peluqueria Glamour,Cuaderno,26,12746.02,mercadopago
V-1127,2025-10-11,Agropecuaria Campo Verde,Carpeta A4,39,49731.06,transferencia
V-1128,2025-10-11,Taller Mecanico Lopez,Monitor 24'',4,729096.28,efectivo
V-1129,2025-10-12,Mueblerias Hogar,Disco SSD 1TB,4,310895.68,efectivo
V-1130,2025-10-12,Pedro Sanchez,Silla ergonomica,1,90398.58,tarjeta
V-1131,2025-10-12,Imprenta Rapida,Cafe en grano,12,24965.65,tarjeta
V-1132,2025-10-12,Farmacia San Martin,Armazon,1,16122.54,transferencia
V-1133,2025-10-12,Veterinaria Patitas,Resma A4,30,30731.77,transferencia
V-1134,2025-10-12,Gimnasio Fuerza,Auriculares,3,65690.53,transferencia
V-1135,2025-10-12,Carlos Rodriguez,Servicio de mantenimiento,1,29969.82,tarjeta
V-1136,2025-10-12,Farmacia San Martin,Servicio mensual,1,47118.86,transferencia
V-1137,2025-10-13,Gimnasio Fuerza,Servicio mensual,1,48027.01,transferencia
V-1138,2025-10-13,Diego Torres,Toner HP,1,8780.70,tarjeta
V-1139,2025-10-13,Escuela Sarmiento,Disco SSD 1TB,5,409349.48,tarjeta
V-1140,2025-10-13,Agropecuaria Campo Verde,Harina x25kg,9,30121.52,efectivo
V-1141,2025-10-13,Peluqueria Glamour,Silla ergonomica,2,208407.00,transferencia
V-1142,2025-10-13,Marta Gomez,Cafe en grano,14,28429.33,tarjeta
V-1143,2025-10-13,Juan Perez,Teclado mecanico,4,165365.49,tarjeta
V-1144,2025-10-14,Bar La Esquina,Mouse inalambrico,3,29148.31,efectivo
V-1145,2025-10-14,Comercial Andrade,Monitor 24'',3,560434.74,efectivo
V-1146,2025-10-14,Hotel Plaza,Mouse inalambrico,10,90174.66,tarjeta
V-1147,2025-10-14,Taller Mecanico Lopez,Aceite x12,3,17266.09,transferencia
V-1148,2025-10-14,Diego Torres,Licencia software anual,3,350346.54,tarjeta
V-1149,2025-10-14,Constructora Norte,Teclado mecanico,3,110923.78,transferencia
V-1150,2025-10-14,Agropecuaria Campo Verde,Tornillos x100,41,6076.05,efectivo
V-1151,2025-10-14,Taller Mecanico Lopez,Capacitacion,1,62649.79,tarjeta
V-1152,2025-10-14,Panaderia Ortiz,Pendrive 64GB,13,103783.00,tarjeta
V-1153,2025-10-14,Distribuidora Sur,Servicio de consultoria,1,18209.63,cheque
V-1154,2025-10-14,Imprenta Rapida,Pendrive 64GB,17,145482.10,efectivo
V-1155,2025-10-14,Agropecuaria Campo Verde,Cuaderno,21,9567.44,transferencia
V-1156,2025-10-14,Ana Martinez,Toner HP,6,45327.68,efectivo
V-1157,2025-10-14,Veterinaria Patitas,Silla ergonomica,6,523978.42,transferencia
V-1158,2025-10-14,Clinica Belgrano,Armazon,3,45050.50,transferencia
V-1159,2025-10-14,Agropecuaria Campo Verde,Pendrive 64GB,20,159764.58,tarjeta
V-1160,2025-10-14,Restaurante El Puerto,Cartucho tinta,3,21369.56,tarjeta
V-1161,2025-10-15,Sofia Ramirez,Detergente 5L,18,75410.91,mercadopago
V-1162,2025-10-15,Panaderia Ortiz,Mouse inalambrico,10,93815.86,efectivo
V-1163,2025-10-15,Cafe Colonial,Agua mineral x6,26,46068.20,tarjeta
V-1164,2025-10-15,Veterinaria Patitas,Pendrive 64GB,3,23353.47,transferencia
V-1165,2025-10-15,Consultora Delta,Harina x25kg,12,35647.69,tarjeta
V-1166,2025-10-15,Hotel Plaza,Mouse inalambrico,5,52799.38,efectivo
V-1167,2025-10-15,Libreria Central,Lapiceras x12,16,37739.44,efectivo
V-1168,2025-10-15,Ferreteria Nuñez,Golosinas surtidas,50,7743.03,transferencia
V-1169,2025-10-15,Escuela Sarmiento,Mouse inalambrico,2,18014.57,tarjeta
V-1170,2025-10-15,Ferreteria Nuñez,Servicio de consultoria,1,18588.74,transferencia
V-1171,2025-10-15,Pedro Sanchez,Licencia software anual,2,220046.94,transferencia
V-1172,2025-10-15,Distribuidora Sur,Cafe en grano,13,24877.71,transferencia
V-1173,2025-10-15,Gimnasio Fuerza,Capacitacion,1,54342.86,efectivo
V-1174,2025-10-16,Carniceria El Toro,Harina x25kg,9,27716.94,mercadopago
V-1175,2025-10-16,Carniceria El Toro,Cartucho tinta,8,48205.20,transferencia
V-1176,2025-10-16,Agropecuaria Campo Verde,Licencia software anual,4,492580.56,tarjeta
V-1177,2025-10-16,Gimnasio Fuerza,Agua mineral x6,45,81547.30,tarjeta
V-1178,2025-10-16,Lucia Fernandez,Cafe en grano,14,25701.50,tarjeta
V-1179,2025-10-16,Comercial Andrade,Aceite x12,3,16428.22,tarjeta
V-1180,2025-10-16,Escuela Sarmiento,Disco SSD 1TB,2,145316.55,tarjeta
V-1181,2025-10-16,Escuela Sarmiento,Bolsas x100,36,43139.90,transferencia
V-1182,2025-10-16,Martin Castro,Disco SSD 1TB,4,317877.89,transferencia
V-1183,2025-10-16,Valentina Diaz,Servicio de consultoria,1,17347.71,tarjeta
V-1184,2025-10-16,Pedro Sanchez,Cafe en grano,4,8343.90,efectivo
V-1185,2025-10-16,Taller Mecanico Lopez,Cafe en grano,6,10990.10,tarjeta
V-1186,2025-10-16,Carniceria El Toro,Hosting mensual,1,11483.22,efectivo
V-1187,2025-10-16,Libreria Central,Teclado mecanico,2,81372.93,transferencia
V-1188,2025-10-17,Sofia Ramirez,Toner HP,6,48165.93,transferencia
V-1189,2025-10-17,Garcia SA,Licencia software anual,4,450027.79,transferencia
V-1190,2025-10-17,Estudio Contable RyR,Cartucho tinta,1,6091.72,transferencia
V-1191,2025-10-17,Supermercado Don Pepe,Golosinas surtidas,76,11917.80,transferencia
V-1192,2025-10-17,Clinica Belgrano,Servicio de consultoria,1,17453.60,transferencia
V-1193,2025-10-17,Transportes Rios,Hosting mensual,1,13195.11,efectivo
V-1194,2025-10-17,Panaderia Ortiz,Notebook Lenovo,2,1135895.33,transferencia
V-1195,2025-10-17,Escuela Sarmiento,Disco SSD 1TB,4,274283.08,transferencia
V-1196,2025-10-17,Comercial Andrade,Carpeta A4,21,26798.94,transferencia
V-1197,2025-10-17,Sofia Ramirez,Disco SSD 1TB,6,427406.61,transferencia
V-1198,2025-10-17,Estudio Contable RyR,Notebook Lenovo,1,615143.49,tarjeta
V-1199,2025-10-17,Lucia Fernandez,Servicio mensual,1,44002.11,mercadopago
V-1200,2025-10-17,Valentina Diaz,Tornillos x100,45,7528.66,tarjeta
V-1201,2025-10-17,Carlos Rodriguez,Aceite x12,8,46863.30,tarjeta
V-1202,2025-10-17,Bar La Esquina,Notebook Lenovo,3,1755017.23,transferencia
V-1203,2025-10-18,Consultora Delta,Teclado mecanico,3,102943.54,tarjeta
V-1204,2025-10-18,Juan Perez,Mouse inalambrico,4,35350.01,tarjeta
V-1205,2025-10-18,Panaderia Ortiz,Bolsas x100,35,39950.73,tarjeta
V-1206,2025-10-18,Ferreteria Nuñez,Resma A4,20,18444.49,efectivo
V-1207,2025-10-18,Gimnasio Fuerza,Harina x25kg,12,33926.79,tarjeta
V-1208,2025-10-18,Distribuidora Sur,Bolsas x100,39,45400.78,tarjeta
V-1209,2025-10-18,Gimnasio Fuerza,Harina x25kg,10,32789.08,efectivo
V-1210,2025-10-19,Pedro Sanchez,Monitor 24'',2,325537.40,tarjeta
V-1211,2025-10-19,Diego Torres,Golosinas surtidas,52,8421.91,efectivo
V-1212,2025-10-19,Diego Torres,Cartucho tinta,5,32777.77,transferencia
V-1213,2025-10-19,Transportes Rios,Tornillos x100,39,6049.89,transferencia
V-1214,2025-10-19,Valentina Diaz,Capacitacion,3,194921.06,transferencia
V-1215,2025-10-19,Farmacia San Martin,Lapiceras x12,6,14254.23,tarjeta
V-1216,2025-10-19,Peluqueria Glamour,Monitor 24'',1,189933.04,tarjeta
V-1217,2025-10-19,Hotel Plaza,Tornillos x100,6,982.99,efectivo
V-1218,2025-10-19,Carniceria El Toro,Cafe en grano,7,14618.81,efectivo
V-1219,2025-10-19,Panaderia Ortiz,Servicio mensual,1,47391.61,tarjeta
V-1220,2025-10-19,Bar La Esquina,Harina x25kg,8,25498.88,transferencia
V-1221,2025-10-20,Distribuidora Sur,Detergente 5L,4,15267.09,transferencia
V-1222,2025-10-20,Carlos Rodriguez,Notebook Lenovo,1,571274.84,transferencia
V-1223,2025-10-20,Inmobiliaria Sol,Servicio de mantenimiento,1,33010.70,tarjeta
V-1224,2025-10-20,Supermercado Don Pepe,Servicio de mantenimiento,1,29114.15,tarjeta
V-1225,2025-10-20,Ana Martinez,Resma A4,5,5375.91,efectivo
V-1226,2025-10-20,Marta Gomez,Auriculares,2,43718.92,tarjeta
V-1227,2025-10-20,Hotel Plaza,Cable HDMI,15,51617.51,efectivo
V-1228,2025-10-20,Juan Perez,Notebook Lenovo,3,1772883.42,efectivo
V-1229,2025-10-20,Ana Martinez,Capacitacion,2,109870.45,mercadopago
V-1230,2025-10-20,Carniceria El Toro,Toner HP,1,8464.78,tarjeta
V-1231,2025-10-20,Libreria Central,Servicio mensual,1,45630.25,tarjeta
V-1232,2025-10-20,Agropecuaria Campo Verde,Cartucho tinta,7,47739.59,tarjeta
V-1233,2025-10-20,Optica Vision,Monitor 24'',4,775126.66,efectivo
V-1234,2025-10-20,Optica Vision,Cartucho tinta,7,45542.70,tarjeta
V-1235,2025-10-21,Imprenta Rapida,Licencia software anual,4,521617.92,tarjeta
V-1236,2025-10-21,Almacen La Paz,Harina x25kg,7,21319.57,efectivo
V-1237,2025-10-21,Carniceria El Toro,Harina x25kg,11,32331.73,transferencia
V-1238,2025-10-21,Farmacia San Martin,Disco SSD 1TB,5,406961.02,tarjeta
V-1239,2025-10-21,Comercial Andrade,Monitor 24'',4,786214.72,efectivo
V-1240,2025-10-21,Lucia Fernandez,Cuaderno,6,2709.51,transferencia
V-1241,2025-10-21,Garcia SA,Cafe en grano,5,10711.44,efectivo
V-1242,2025-10-21,Valentina Diaz,Bolsas x100,57,59890.50,tarjeta
V-1243,2025-10-21,Transportes Rios,Servicio de mantenimiento,1,29403.44,tarjeta
V-1244,2025-10-21,Mueblerias Hogar,Golosinas surtidas,53,7738.66,transferencia
V-1245,2025-10-21,Constructora Norte,Aceite x12,5,26173.86,tarjeta
V-1246,2025-10-21,Escuela Sarmiento,Servicio mensual,1,47012.22,transferencia
V-1247,2025-10-21,Estudio Contable RyR,Capacitacion,3,187302.52,tarjeta
V-1248,2025-10-22,Agropecuaria Campo Verde,Cuaderno,7,3295.40,tarjeta
V-1249,2025-10-22,Veterinaria Patitas,Disco SSD 1TB,1,81328.07,transferencia
V-1250,2025-10-22,Bar La Esquina,Capacitacion,2,117996.52,efectivo
V-1251,2025-10-22,Martin Castro,Cafe en grano,13,26794.45,mercadopago
V-1252,2025-10-22,Lucia Fernandez,Agua mineral x6,45,79096.29,tarjeta
V-1253,2025-10-22,Imprenta Rapida,Harina x25kg,10,31402.46,tarjeta
V-1254,2025-10-22,Constructora Norte,Cafe en grano,4,7280.83,cheque
V-1255,2025-10-22,Ferreteria Nuñez,Disco SSD 1TB,5,380644.11,transferencia
V-1256,2025-10-22,Veterinaria Patitas,Cuaderno,30,12549.63,transferencia
V-1257,2025-10-22,Farmacia San Martin,Servicio de mantenimiento,1,32308.18,transferencia
V-1258,2025-10-22,Distribuidora Sur,Lapiceras x12,15,37971.54,efectivo
V-1259,2025-10-22,Constructora Norte,Silla ergonomica,5,446320.31,efectivo
V-1260,2025-10-23,Consultora Delta,Servicio mensual,1,42680.84,efectivo
V-1261,2025-10-23,Ferreteria Nuñez,Harina x25kg,12,40355.59,transferencia
V-1262,2025-10-23,Carlos Rodriguez,Teclado mecanico,4,147904.14,transferencia
V-1263,2025-10-23,Optica Vision,Licencia software anual,1,126472.35,cheque
V-1264,2025-10-23,Sofia Ramirez,Licencia software anual,4,491825.49,transferencia
V-1265,2025-10-23,Hotel Plaza,Capacitacion,1,56396.22,transferencia
V-1266,2025-10-23,Marta Gomez,Cable HDMI,14,44940.98,transferencia
V-1267,2025-10-23,Restaurante El Puerto,Licencia software anual,2,257700.11,transferencia
V-1268,2025-10-23,Sofia Ramirez,Bolsas x100,56,56810.94,tarjeta
V-1269,2025-10-23,Ana Martinez,Harina x25kg,5,16244.04,transferencia
V-1270,2025-10-23,Escuela Sarmiento,Lapiceras x12,26,59388.05,tarjeta
V-1271,2025-10-23,Inmobiliaria Sol,Golosinas surtidas,22,3218.56,transferencia
V-1272,2025-10-23,Cafe Colonial,Tornillos x100,8,1224.71,transferencia
V-1273,2025-10-23,Consultora Delta,Monitor 24'',1,164397.52,efectivo
V-1274,2025-10-23,Garcia SA,Auriculares,6,141617.05,transferencia
V-1275,2025-10-24,Pedro Sanchez,Carpeta A4,46,53947.22,tarjeta
V-1276,2025-10-24,Diego Torres,Bolsas x100,11,13077.37,efectivo
V-1277,2025-10-24,Peluqueria Glamour,Cartucho tinta,2,12184.69,mercadopago
V-1278,2025-10-24,Inmobiliaria Sol,Cartucho tinta,1,5901.68,transferencia
V-1279,2025-10-24,Garcia SA,Silla ergonomica,4,398573.69,transferencia
V-1280,2025-10-24,Taller Mecanico Lopez,Armazon,3,47664.65,cheque
V-1281,2025-10-24,Farmacia San Martin,Lapiceras x12,10,25497.09,mercadopago
V-1282,2025-10-24,Consultora Delta,Carpeta A4,6,7839.56,transferencia
V-1283,2025-10-24,Ferreteria Nuñez,Harina x25kg,8,25578.38,efectivo
V-1284,2025-10-24,Supermercado Don Pepe,Lapiceras x12,23,56441.43,tarjeta
V-1285,2025-10-24,Lucia Fernandez,Servicio de mantenimiento,1,31529.38,mercadopago
V-1286,2025-10-24,Ana Martinez,Harina x25kg,9,28135.66,efectivo
V-1287,2025-10-24,Lucia Fernandez,Servicio de mantenimiento,1,34320.56,efectivo
V-1288,2025-10-24,Almacen La Paz,Carpeta A4,38,49335.21,cheque
V-1289,2025-10-24,Agropecuaria Campo Verde,Disco SSD 1TB,2,154686.95,mercadopago
V-1290,2025-10-24,Bar La Esquina,Harina x25kg,3,9406.65,transferencia
V-1291,2025-10-24,Imprenta Rapida,Capacitacion,1,62724.95,mercadopago
V-1292,2025-10-24,Consultora Delta,Teclado mecanico,4,146021.78,transferencia
V-1293,2025-10-24,Garcia SA,Servicio mensual,1,41683.91,efectivo
V-1294,2025-10-24,Agropecuaria Campo Verde,Licencia software anual,5,572023.51,tarjeta
V-1295,2025-10-25,Garcia SA,Licencia software anual,2,227083.79,tarjeta
V-1296,2025-10-25,Peluqueria Glamour,Bolsas x100,54,59122.03,efectivo
V-1297,2025-10-25,Libreria Central,Silla ergonomica,6,587050.82,efectivo
V-1298,2025-10-25,Carlos Rodriguez,Silla ergonomica,4,352450.97,transferencia
V-1299,2025-10-25,Clinica Belgrano,Teclado mecanico,1,41233.31,transferencia
V-1300,2025-10-25,Kiosco El Sol,Detergente 5L,8,35332.26,transferencia
V-1301,2025-10-25,Transportes Rios,Monitor 24'',4,747052.23,mercadopago
V-1302,2025-10-25,Martin Castro,Teclado mecanico,4,160396.93,efectivo
V-1303,2025-10-25,Agropecuaria Campo Verde,Mouse inalambrico,6,57555.21,tarjeta
V-1304,2025-10-25,Juan Perez,Lapiceras x12,22,56768.27,tarjeta
V-1305,2025-10-25,Juan Perez,Monitor 24'',4,767089.45,mercadopago
V-1306,2025-10-25,Juan Perez,Cafe en grano,10,20151.48,tarjeta
V-1307,2025-10-25,Marta Gomez,Lapiceras x12,26,64030.49,transferencia
V-1308,2025-10-26,Restaurante El Puerto,Monitor 24'',4,775353.25,tarjeta
V-1309,2025-10-26,Marta Gomez,Teclado mecanico,3,116579.46,efectivo
V-1310,2025-10-26,Sofia Ramirez,Carpeta A4,14,16677.63,transferencia
V-1311,2025-10-26,Mueblerias Hogar,Lapiceras x12,5,11231.45,mercadopago
V-1312,2025-10-26,Clinica Belgrano,Bolsas x100,39,39770.93,transferencia
V-1313,2025-10-26,Carlos Rodriguez,Servicio de consultoria,1,18328.62,mercadopago
V-1314,2025-10-26,Optica Vision,Resma A4,21,20058.50,efectivo
V-1315,2025-10-26,Sofia Ramirez,Toner HP,1,7474.95,tarjeta
V-1316,2025-10-26,Peluqueria Glamour,Resma A4,38,39179.57,tarjeta
V-1317,2025-10-26,Juan Perez,Tornillos x100,29,4686.72,efectivo
V-1318,2025-10-26,Panaderia Ortiz,Auriculares,6,133728.98,transferencia
V-1319,2025-10-26,Marta Gomez,Golosinas surtidas,42,6639.14,tarjeta
V-1320,2025-10-26,Libreria Central,Cuaderno,33,14222.68,transferencia
V-1321,2025-10-26,Farmacia San Martin,Golosinas surtidas,45,6079.77,transferencia
V-1322,2025-10-26,Comercial Andrade,Silla ergonomica,4,383306.09,tarjeta
V-1323,2025-10-26,Escuela Sarmiento,Silla ergonomica,2,179241.21,tarjeta
V-1324,2025-10-26,Comercial Andrade,Monitor 24'',1,183643.80,transferencia
V-1325,2025-10-26,Valentina Diaz,Cartucho tinta,5,33278.48,efectivo
V-1326,2025-10-27,Marta Gomez,Servicio mensual,1,42163.56,efectivo
V-1327,2025-10-27,Agropecuaria Campo Verde,Notebook Lenovo,1,663874.83,efectivo
V-1328,2025-10-27,Marta Gomez,Cuaderno,26,12683.70,transferencia
V-1329,2025-10-27,Cafe Colonial,Tornillos x100,15,2482.60,efectivo
V-1330,2025-10-27,Valentina Diaz,Bolsas x100,43,47983.79,transferencia
V-1331,2025-10-27,Ferreteria Nuñez,Monitor 24'',3,586599.82,efectivo
V-1332,2025-10-27,Kiosco El Sol,Harina x25kg,7,23425.28,efectivo
V-1333,2025-10-27,Escuela Sarmiento,Capacitacion,3,164337.33,transferencia
V-1334,2025-10-27,Inmobiliaria Sol,Bolsas x100,60,63022.32,tarjeta
V-1335,2025-10-27,Estudio Contable RyR,Servicio mensual,1,46008.48,tarjeta
V-1336,2025-10-27,Escuela Sarmiento,Agua mineral x6,38,75064.75,efectivo
V-1337,2025-10-27,Imprenta Rapida,Licencia software anual,3,354747.86,transferencia
V-1338,2025-10-27,Cafe Colonial,Servicio de mantenimiento,1,34733.47,tarjeta
V-1339,2025-10-27,Diego Torres,Lapiceras x12,25,61582.29,efectivo
V-1340,2025-10-27,Restaurante El Puerto,Carpeta A4,44,49977.54,cheque
V-1341,2025-10-28,Bar La Esquina,Servicio de consultoria,1,16738.75,efectivo
V-1342,2025-10-28,Veterinaria Patitas,Servicio mensual,1,44226.37,transferencia
V-1343,2025-10-28,Carlos Rodriguez,Hosting mensual,1,10827.11,efectivo
V-1344,2025-10-28,Peluqueria Glamour,Aceite x12,2,10961.72,tarjeta
V-1345,2025-10-28,Veterinaria Patitas,Disco SSD 1TB,1,69207.55,transferencia
V-1346,2025-10-28,Garcia SA,Cable HDMI,10,35811.95,efectivo
V-1347,2025-10-28,Escuela Sarmiento,Servicio mensual,1,48004.43,mercadopago
V-1348,2025-10-28,Escuela Sarmiento,Hosting mensual,1,12349.57,transferencia
V-1349,2025-10-28,Clinica Belgrano,Monitor 24'',3,535946.77,mercadopago
V-1350,2025-10-28,Imprenta Rapida,Notebook Lenovo,3,1785355.87,tarjeta
V-1351,2025-10-28,Veterinaria Patitas,Servicio de consultoria,1,18786.37,efectivo
V-1352,2025-10-28,Panaderia Ortiz,Carpeta A4,27,29589.06,transferencia
V-1353,2025-10-28,Carniceria El Toro,Servicio de consultoria,1,20289.39,efectivo
V-1354,2025-10-28,Bar La Esquina,Servicio de mantenimiento,1,29999.23,efectivo
V-1355,2025-10-29,Imprenta Rapida,Disco SSD 1TB,3,234236.98,efectivo
V-1356,2025-10-29,Taller Mecanico Lopez,Aceite x12,7,36602.65,tarjeta
V-1357,2025-10-29,Lucia Fernandez,Capacitacion,2,113187.36,transferencia
V-1358,2025-10-29,Ferreteria Nuñez,Armazon,1,16361.15,tarjeta
V-1359,2025-10-29,Panaderia Ortiz,Servicio de consultoria,1,19998.34,transferencia
V-1360,2025-10-29,Inmobiliaria Sol,Auriculares,8,184181.93,transferencia
V-1361,2025-10-29,Estudio Contable RyR,Harina x25kg,4,13068.31,efectivo
V-1362,2025-10-29,Ana Martinez,Lapiceras x12,23,60639.63,efectivo
V-1363,2025-10-29,Inmobiliaria Sol,Monitor 24'',4,750769.54,transferencia
V-1364,2025-10-29,Martin Castro,Cuaderno,7,3267.84,mercadopago
V-1365,2025-10-29,Estudio Contable RyR,Harina x25kg,9,30071.66,tarjeta
V-1366,2025-10-29,Lucia Fernandez,Detergente 5L,11,41787.72,tarjeta
V-1367,2025-10-29,Restaurante El Puerto,Servicio mensual,1,42305.00,transferencia
V-1368,2025-10-30,Consultora Delta,Harina x25kg,9,28854.87,transferencia
V-1369,2025-10-30,Cafe Colonial,Aceite x12,2,10294.79,tarjeta
V-1370,2025-10-30,Valentina Diaz,Toner HP,2,16337.79,transferencia
V-1371,2025-10-30,Optica Vision,Golosinas surtidas,56,8524.46,transferencia
V-1372,2025-10-30,Marta Gomez,Licencia software anual,3,362921.55,transferencia
V-1373,2025-10-30,Pedro Sanchez,Silla ergonomica,6,518751.99,transferencia
V-1374,2025-10-30,Martin Castro,Teclado mecanico,4,142241.08,mercadopago
V-1375,2025-10-30,Cafe Colonial,Agua mineral x6,49,91716.81,tarjeta
V-1376,2025-10-30,Carniceria El Toro,Harina x25kg,5,16159.99,transferencia
V-1377,2025-10-30,Ferreteria Nuñez,Auriculares,8,178386.18,efectivo
V-1378,2025-10-30,Lucia Fernandez,Auriculares,8,161823.66,efectivo
V-1379,2025-10-30,Supermercado Don Pepe,Bolsas x100,54,58988.91,mercadopago
V-1380,2025-10-30,Hotel Plaza,Golosinas surtidas,98,13988.68,tarjeta
V-1381,2025-10-31,Imprenta Rapida,Bolsas x100,47,49945.59,tarjeta
V-1382,2025-10-31,Gimnasio Fuerza,Servicio de consultoria,1,18408.74,tarjeta
V-1383,2025-10-31,Gimnasio Fuerza,Pendrive 64GB,6,48779.03,tarjeta
V-1384,2025-10-31,Estudio Contable RyR,Golosinas surtidas,85,11737.48,transferencia
V-1385,2025-10-31,Carniceria El Toro,Agua mineral x6,9,17147.48,tarjeta
V-1386,2025-10-31,Taller Mecanico Lopez,Servicio de mantenimiento,1,30326.88,tarjeta
V-1387,2025-10-31,Ana Martinez,Silla ergonomica,4,347020.56,efectivo
V-1388,2025-10-31,Almacen La Paz,Servicio de mantenimiento,1,33819.61,tarjeta
V-1389,2025-10-31,Libreria Central,Harina x25kg,10,32203.63,efectivo
V-1390,2025-10-31,Martin Castro,Resma A4,36,32890.89,tarjeta
V-1391,2025-10-31,Libreria Central,Cartucho tinta,2,13837.26,transferencia
V-1392,2025-10-31,Martin Castro,Mouse inalambrico,2,19985.18,efectivo
V-1393,2025-10-31,Marta Gomez,Mouse inalambrico,6,58732.91,transferencia
V-1394,2025-10-31,Comercial Andrade,Capacitacion,1,64647.14,efectivo
V-1395,2025-10-31,Restaurante El Puerto,Detergente 5L,6,24962.99,tarjeta
V-1396,2025-10-31,Imprenta Rapida,Servicio de mantenimiento,1,30052.27,transferencia
V-1397,2025-11-01,Almacen La Paz,Hosting mensual,1,13004.40,efectivo
V-1398,2025-11-01,Mueblerias Hogar,Auriculares,6,144943.64,transferencia
V-1399,2025-11-01,Restaurante El Puerto,Lapiceras x12,14,35936.12,transferencia
V-1400,2025-11-01,Comercial Andrade,Carpeta A4,40,52491.84,efectivo
V-1401,2025-11-01,Restaurante El Puerto,Capacitacion,2,110632.76,efectivo
V-1402,2025-11-01,Constructora Norte,Cafe en grano,8,16647.11,tarjeta
V-1403,2025-11-01,Almacen La Paz,Bolsas x100,29,31300.49,tarjeta
V-1404,2025-11-01,Carlos Rodriguez,Detergente 5L,7,29252.24,tarjeta
V-1405,2025-11-01,Panaderia Ortiz,Capacitacion,2,128159.10,transferencia
V-1406,2025-11-01,Kiosco El Sol,Pendrive 64GB,5,39391.36,tarjeta
V-1407,2025-11-01,Distribuidora Sur,Golosinas surtidas,82,12688.50,transferencia
V-1408,2025-11-01,Martin Castro,Agua mineral x6,31,59819.30,mercadopago
V-1409,2025-11-01,Almacen La Paz,Licencia software anual,2,237810.93,tarjeta
V-1410,2025-11-01,Libreria Central,Monitor 24'',4,699164.24,tarjeta
V-1411,2025-11-01,Taller Mecanico Lopez,Servicio de consultoria,1,19783.17,efectivo
V-1412,2025-11-02,Agropecuaria Campo Verde,Aceite x12,7,43303.98,tarjeta
V-1413,2025-11-02,Hotel Plaza,Notebook Lenovo,3,1853775.75,transferencia
V-1414,2025-11-02,Inmobiliaria Sol,Silla ergonomica,6,522127.19,cheque
V-1415,2025-11-02,Ferreteria Nuñez,Disco SSD 1TB,3,223422.13,tarjeta
V-1416,2025-11-02,Kiosco El Sol,Licencia software anual,1,113885.55,efectivo
V-1417,2025-11-02,Veterinaria Patitas,Cartucho tinta,5,33234.75,tarjeta
V-1418,2025-11-02,Escuela Sarmiento,Servicio de consultoria,1,18329.93,tarjeta
V-1419,2025-11-02,Restaurante El Puerto,Harina x25kg,8,24070.46,transferencia
V-1420,2025-11-02,Lucia Fernandez,Notebook Lenovo,3,2017305.60,efectivo
V-1421,2025-11-02,Escuela Sarmiento,Servicio de mantenimiento,1,29193.07,tarjeta
V-1422,2025-11-02,Restaurante El Puerto,Servicio de mantenimiento,1,33000.45,efectivo
V-1423,2025-11-02,Ferreteria Nuñez,Licencia software anual,1,114883.58,transferencia
V-1424,2025-11-02,Cafe Colonial,Resma A4,22,20699.93,transferencia
V-1425,2025-11-02,Bar La Esquina,Pendrive 64GB,9,69067.31,tarjeta
V-1426,2025-11-03,Hotel Plaza,Auriculares,3,68100.85,efectivo
V-1427,2025-11-03,Inmobiliaria Sol,Aceite x12,4,22731.23,efectivo
V-1428,2025-11-03,Martin Castro,Harina x25kg,3,10169.26,mercadopago
V-1429,2025-11-03,Clinica Belgrano,Golosinas surtidas,83,13079.38,efectivo
V-1430,2025-11-03,Optica Vision,Cafe en grano,12,23712.89,transferencia
V-1431,2025-11-03,Farmacia San Martin,Cable HDMI,14,47481.74,efectivo
V-1432,2025-11-03,Constructora Norte,Toner HP,1,7561.51,tarjeta
V-1433,2025-11-03,Carniceria El Toro,Silla ergonomica,6,621100.70,transferencia
V-1434,2025-11-03,Panaderia Ortiz,Detergente 5L,14,58501.17,tarjeta
V-1435,2025-11-03,Sofia Ramirez,Teclado mecanico,1,36394.82,tarjeta
V-1436,2025-11-04,Juan Perez,Harina x25kg,10,32133.83,transferencia
V-1437,2025-11-04,Almacen La Paz,Cartucho tinta,6,42558.23,tarjeta
V-1438,2025-11-04,Consultora Delta,Agua mineral x6,22,38292.94,efectivo
V-1439,2025-11-04,Taller Mecanico Lopez,Aceite x12,10,55759.15,efectivo
V-1440,2025-11-04,Libreria Central,Servicio de mantenimiento,1,32127.69,transferencia
V-1441,2025-11-04,Comercial Andrade,Servicio de consultoria,1,19727.25,tarjeta
V-1442,2025-11-04,Gimnasio Fuerza,Lapiceras x12,5,12445.20,transferencia
V-1443,2025-11-04,Garcia SA,Cuaderno,21,8869.92,tarjeta
V-1444,2025-11-04,Ana Martinez,Notebook Lenovo,3,1918257.25,mercadopago
V-1445,2025-11-04,Bar La Esquina,Agua mineral x6,12,22498.88,transferencia
V-1446,2025-11-04,Agropecuaria Campo Verde,Licencia software anual,2,234046.01,efectivo
V-1447,2025-11-04,Farmacia San Martin,Tornillos x100,12,1995.13,transferencia
V-1448,2025-11-04,Consultora Delta,Detergente 5L,4,17266.30,efectivo
V-1449,2025-11-05,Imprenta Rapida,Bolsas x100,47,54490.56,transferencia
V-1450,2025-11-05,Marta Gomez,Disco SSD 1TB,1,71659.31,tarjeta
V-1451,2025-11-05,Farmacia San Martin,Harina x25kg,2,5900.22,transferencia
V-1452,2025-11-05,Carlos Rodriguez,Resma A4,36,39057.32,tarjeta
V-1453,2025-11-05,Panaderia Ortiz,Tornillos x100,46,7348.31,tarjeta
V-1454,2025-11-05,Estudio Contable RyR,Teclado mecanico,2,77732.29,mercadopago
V-1455,2025-11-05,Kiosco El Sol,Bolsas x100,21,21267.19,transferencia
V-1456,2025-11-05,Garcia SA,Cable HDMI,5,18470.33,mercadopago
V-1457,2025-11-05,Pedro Sanchez,Golosinas surtidas,20,3259.74,transferencia
V-1458,2025-11-05,Agropecuaria Campo Verde,Bolsas x100,26,30914.41,transferencia
V-1459,2025-11-05,Almacen La Paz,Bolsas x100,54,59289.27,tarjeta
V-1460,2025-11-05,Kiosco El Sol,Cable HDMI,13,48341.71,tarjeta
V-1461,2025-11-05,Escuela Sarmiento,Servicio de consultoria,1,20180.37,transferencia
V-1462,2025-11-05,Lucia Fernandez,Cartucho tinta,6,37700.83,tarjeta
V-1463,2025-11-05,Carniceria El Toro,Agua mineral x6,46,76021.45,efectivo
V-1464,2025-11-05,Restaurante El Puerto,Harina x25kg,3,9934.60,tarjeta
V-1465,2025-11-06,Pedro Sanchez,Tornillos x100,40,5810.34,efectivo
V-1466,2025-11-06,Gimnasio Fuerza,Cuaderno,29,14084.76,tarjeta
V-1467,2025-11-06,Carlos Rodriguez,Carpeta A4,45,53330.22,transferencia
V-1468,2025-11-06,Mueblerias Hogar,Servicio mensual,1,46977.65,transferencia
V-1469,2025-11-06,Lucia Fernandez,Mouse inalambrico,2,20747.54,tarjeta
V-1470,2025-11-06,Garcia SA,Capacitacion,2,131197.78,transferencia
V-1471,2025-11-06,Juan Perez,Notebook Lenovo,2,1311369.08,tarjeta
V-1472,2025-11-06,Carniceria El Toro,Servicio mensual,1,48960.81,transferencia
V-1473,2025-11-06,Juan Perez,Servicio de mantenimiento,1,34718.82,efectivo
V-1474,2025-11-07,Cafe Colonial,Silla ergonomica,6,515173.18,transferencia
V-1475,2025-11-07,Libreria Central,Bolsas x100,46,46861.04,tarjeta
V-1476,2025-11-07,Estudio Contable RyR,Carpeta A4,24,30647.46,tarjeta
V-1477,2025-11-07,Estudio Contable RyR,Tornillos x100,42,6133.96,transferencia
V-1478,2025-11-07,Carlos Rodriguez,Licencia software anual,5,566468.70,tarjeta
V-1479,2025-11-07,Agropecuaria Campo Verde,Hosting mensual,1,11578.16,tarjeta
V-1480,2025-11-07,Mueblerias Hogar,Harina x25kg,5,16319.11,transferencia
V-1481,2025-11-07,Clinica Belgrano,Resma A4,12,11342.77,transferencia
V-1482,2025-11-07,Mueblerias Hogar,Armazon,2,30619.70,transferencia
V-1483,2025-11-07,Optica Vision,Toner HP,6,49692.93,transferencia
V-1484,2025-11-07,Libreria Central,Silla ergonomica,1,85620.64,mercadopago
V-1485,2025-11-07,Restaurante El Puerto,Bolsas x100,46,51548.55,tarjeta
V-1486,2025-11-07,Ana Martinez,Hosting mensual,1,12461.66,transferencia
V-1487,2025-11-07,Taller Mecanico Lopez,Aceite x12,9,50791.30,mercadopago
V-1488,2025-11-07,Diego Torres,Licencia software anual,1,122310.53,tarjeta
V-1489,2025-11-07,Comercial Andrade,Resma A4,24,23037.00,tarjeta
V-1490,2025-11-07,Estudio Contable RyR,Servicio mensual,1,49379.43,tarjeta
V-1491,2025-11-07,Transportes Rios,Pendrive 64GB,18,153230.75,efectivo
V-1492,2025-11-07,Carlos Rodriguez,Detergente 5L,8,32097.59,transferencia
V-1493,2025-11-07,Optica Vision,Golosinas surtidas,80,11994.04,efectivo
V-1494,2025-11-08,Restaurante El Puerto,Notebook Lenovo,1,637962.74,transferencia
V-1495,2025-11-08,Transportes Rios,Aceite x12,6,34999.04,transferencia
V-1496,2025-11-08,Libreria Central,Cable HDMI,1,3797.40,transferencia
V-1497,2025-11-08,Kiosco El Sol,Servicio de consultoria,1,18555.14,mercadopago
V-1498,2025-11-08,Imprenta Rapida,Cable HDMI,8,28519.16,tarjeta
V-1499,2025-11-08,Supermercado Don Pepe,Cable HDMI,11,41567.47,efectivo
V-1500,2025-11-08,Clinica Belgrano,Harina x25kg,5,14254.00,efectivo
V-1501,2025-11-08,Mueblerias Hogar,Mouse inalambrico,4,35856.47,tarjeta
V-1502,2025-11-08,Cafe Colonial,Carpeta A4,32,35673.15,tarjeta
V-1503,2025-11-08,Carlos Rodriguez,Mouse inalambrico,6,54524.12,tarjeta
V-1504,2025-11-08,Juan Perez,Aceite x12,4,22051.66,efectivo
V-1505,2025-11-08,Transportes Rios,Notebook Lenovo,2,1149852.37,tarjeta
V-1506,2025-11-08,Restaurante El Puerto,Tornillos x100,26,3926.92,tarjeta
V-1507,2025-11-08,Valentina Diaz,Hosting mensual,1,12187.49,efectivo
V-1508,2025-11-08,Diego Torres,Resma A4,31,32881.10,efectivo
V-1509,2025-11-08,Consultora Delta,Servicio mensual,1,48032.90,transferencia
V-1510,2025-11-08,Almacen La Paz,Teclado mecanico,2,72167.04,tarjeta
V-1511,2025-11-08,Agropecuaria Campo Verde,Carpeta A4,42,54898.22,mercadopago
V-1512,2025-11-09,Escuela Sarmiento,Teclado mecanico,1,34504.45,efectivo
V-1513,2025-11-09,Constructora Norte,Lapiceras x12,3,7093.00,tarjeta
V-1514,2025-11-09,Taller Mecanico Lopez,Hosting mensual,1,11885.86,transferencia
V-1515,2025-11-09,Clinica Belgrano,Disco SSD 1TB,1,77897.40,mercadopago
V-1516,2025-11-09,Ferreteria Nuñez,Golosinas surtidas,65,9351.79,transferencia
V-1517,2025-11-09,Transportes Rios,Detergente 5L,11,43075.06,efectivo
V-1518,2025-11-09,Transportes Rios,Cable HDMI,10,31670.89,tarjeta
V-1519,2025-11-09,Hotel Plaza,Golosinas surtidas,71,9978.93,tarjeta
V-1520,2025-11-09,Kiosco El Sol,Bolsas x100,45,44563.50,tarjeta
V-1521,2025-11-09,Restaurante El Puerto,Bolsas x100,26,28776.86,tarjeta
V-1522,2025-11-09,Ana Martinez,Aceite x12,10,57483.76,efectivo
V-1523,2025-11-09,Marta Gomez,Resma A4,26,26953.70,tarjeta
V-1524,2025-11-09,Bar La Esquina,Auriculares,6,142242.62,tarjeta
V-1525,2025-11-10,Libreria Central,Monitor 24'',1,175160.56,tarjeta
V-1526,2025-11-10,Ana Martinez,Bolsas x100,9,10020.30,transferencia
V-1527,2025-11-10,Escuela Sarmiento,Harina x25kg,5,15622.86,efectivo
V-1528,2025-11-10,Ana Martinez,Disco SSD 1TB,5,402834.85,efectivo
V-1529,2025-11-10,Consultora Delta,Disco SSD 1TB,2,144613.91,tarjeta
V-1530,2025-11-10,Hotel Plaza,Teclado mecanico,3,103841.69,transferencia
V-1531,2025-11-10,Bar La Esquina,Silla ergonomica,5,477534.85,tarjeta
V-1532,2025-11-10,Hotel Plaza,Cartucho tinta,5,32187.86,efectivo
V-1533,2025-11-10,Kiosco El Sol,Bolsas x100,56,67490.00,transferencia
V-1534,2025-11-10,Constructora Norte,Carpeta A4,34,37432.44,mercadopago
V-1535,2025-11-10,Consultora Delta,Cuaderno,9,3733.59,transferencia
V-1536,2025-11-10,Ana Martinez,Golosinas surtidas,83,11579.74,tarjeta
V-1537,2025-11-10,Carniceria El Toro,Agua mineral x6,6,10353.25,mercadopago
V-1538,2025-11-10,Garcia SA,Silla ergonomica,3,280447.41,transferencia
V-1539,2025-11-10,Supermercado Don Pepe,Resma A4,6,6381.69,efectivo
V-1540,2025-11-10,Mueblerias Hogar,Lapiceras x12,22,51066.87,transferencia
V-1541,2025-11-10,Inmobiliaria Sol,Agua mineral x6,25,44875.34,efectivo
V-1542,2025-11-11,Distribuidora Sur,Monitor 24'',4,691787.86,mercadopago
V-1543,2025-11-11,Supermercado Don Pepe,Cuaderno,15,7140.51,tarjeta
V-1544,2025-11-11,Restaurante El Puerto,Cuaderno,8,3346.80,tarjeta
V-1545,2025-11-11,Carniceria El Toro,Tornillos x100,44,7637.18,transferencia
V-1546,2025-11-11,Panaderia Ortiz,Tornillos x100,50,8308.57,transferencia
V-1547,2025-11-11,Agropecuaria Campo Verde,Toner HP,1,8899.91,transferencia
V-1548,2025-11-11,Valentina Diaz,Aceite x12,6,32041.96,efectivo
V-1549,2025-11-11,Panaderia Ortiz,Detergente 5L,12,55218.47,tarjeta
V-1550,2025-11-11,Bar La Esquina,Cartucho tinta,3,19631.21,mercadopago
V-1551,2025-11-11,Transportes Rios,Mouse inalambrico,8,82610.36,mercadopago
V-1552,2025-11-11,Carniceria El Toro,Golosinas surtidas,20,3282.09,cheque
V-1553,2025-11-11,Escuela Sarmiento,Harina x25kg,12,38728.56,mercadopago
V-1554,2025-11-11,Agropecuaria Campo Verde,Disco SSD 1TB,5,387516.58,efectivo
V-1555,2025-11-11,Bar La Esquina,Auriculares,8,170321.69,efectivo
V-1556,2025-11-11,Valentina Diaz,Carpeta A4,7,7794.23,transferencia
V-1557,2025-11-11,Supermercado Don Pepe,Servicio de consultoria,1,18934.83,tarjeta
V-1558,2025-11-11,Carlos Rodriguez,Resma A4,25,22547.42,tarjeta
V-1559,2025-11-12,Consultora Delta,Cafe en grano,14,30439.72,transferencia
V-1560,2025-11-12,Ferreteria Nuñez,Resma A4,39,41308.46,cheque
V-1561,2025-11-12,Martin Castro,Mouse inalambrico,4,39125.25,tarjeta
V-1562,2025-11-12,Panaderia Ortiz,Notebook Lenovo,3,1808316.13,efectivo
V-1563,2025-11-12,Comercial Andrade,Teclado mecanico,3,111403.37,transferencia
V-1564,2025-11-12,Valentina Diaz,Armazon,3,50940.97,transferencia
V-1565,2025-11-12,Clinica Belgrano,Cable HDMI,15,51914.31,efectivo
V-1566,2025-11-12,Almacen La Paz,Cuaderno,15,7162.66,efectivo
V-1567,2025-11-12,Martin Castro,Teclado mecanico,2,81099.78,transferencia
V-1568,2025-11-13,Inmobiliaria Sol,Servicio mensual,1,44771.52,cheque
V-1569,2025-11-13,Clinica Belgrano,Resma A4,29,26346.87,tarjeta
V-1570,2025-11-13,Transportes Rios,Aceite x12,7,37305.65,efectivo
V-1571,2025-11-13,Pedro Sanchez,Disco SSD 1TB,2,140977.73,transferencia
V-1572,2025-11-13,Lucia Fernandez,Silla ergonomica,1,101133.19,efectivo
V-1573,2025-11-13,Transportes Rios,Cuaderno,36,16392.07,transferencia
V-1574,2025-11-13,Lucia Fernandez,Hosting mensual,1,11169.66,mercadopago
V-1575,2025-11-13,Restaurante El Puerto,Capacitacion,3,179011.48,tarjeta
V-1576,2025-11-13,Garcia SA,Silla ergonomica,6,586505.59,transferencia
V-1577,2025-11-13,Kiosco El Sol,Aceite x12,8,50108.32,tarjeta
V-1578,2025-11-13,Farmacia San Martin,Armazon,4,62813.12,tarjeta
V-1579,2025-11-13,Hotel Plaza,Silla ergonomica,6,606284.01,tarjeta
V-1580,2025-11-13,Optica Vision,Servicio de mantenimiento,1,34209.79,tarjeta
V-1581,2025-11-13,Distribuidora Sur,Golosinas surtidas,60,8929.88,tarjeta
V-1582,2025-11-13,Gimnasio Fuerza,Notebook Lenovo,2,1205568.54,transferencia
V-1583,2025-11-13,Kiosco El Sol,Cuaderno,38,17575.20,tarjeta
V-1584,2025-11-13,Estudio Contable RyR,Disco SSD 1TB,6,421492.27,tarjeta
V-1585,2025-11-13,Imprenta Rapida,Tornillos x100,39,6018.61,efectivo
V-1586,2025-11-14,Hotel Plaza,Detergente 5L,11,44088.28,transferencia
V-1587,2025-11-14,Comercial Andrade,Servicio de mantenimiento,1,34069.21,transferencia
V-1588,2025-11-14,Clinica Belgrano,Cuaderno,28,13302.60,transferencia
V-1589,2025-11-14,Panaderia Ortiz,Auriculares,3,60751.92,tarjeta
V-1590,2025-11-14,Valentina Diaz,Capacitacion,1,63541.28,tarjeta
V-1591,2025-11-14,Valentina Diaz,Capacitacion,3,192458.51,efectivo
V-1592,2025-11-14,Kiosco El Sol,Hosting mensual,1,11801.63,transferencia
V-1593,2025-11-14,Lucia Fernandez,Golosinas surtidas,22,3286.48,efectivo
V-1594,2025-11-14,Martin Castro,Golosinas surtidas,76,12288.58,tarjeta
V-1595,2025-11-14,Garcia SA,Harina x25kg,4,12920.54,efectivo
V-1596,2025-11-14,Panaderia Ortiz,Toner HP,2,14997.03,efectivo
V-1597,2025-11-14,Ferreteria Nuñez,Cuaderno,13,5510.51,tarjeta
V-1598,2025-11-14,Escuela Sarmiento,Disco SSD 1TB,1,68666.03,efectivo
V-1599,2025-11-15,Peluqueria Glamour,Notebook Lenovo,1,571369.36,tarjeta
V-1600,2025-11-15,Juan Perez,Silla ergonomica,1,102762.06,transferencia
V-1601,2025-11-15,Bar La Esquina,Detergente 5L,2,8827.64,mercadopago
V-1602,2025-11-15,Gimnasio Fuerza,Servicio mensual,1,42163.04,transferencia
V-1603,2025-11-15,Gimnasio Fuerza,Golosinas surtidas,55,8990.51,tarjeta
V-1604,2025-11-15,Cafe Colonial,Pendrive 64GB,17,152615.18,transferencia
V-1605,2025-11-15,Mueblerias Hogar,Servicio de mantenimiento,1,29434.28,efectivo
V-1606,2025-11-15,Restaurante El Puerto,Lapiceras x12,8,20028.72,transferencia
V-1607,2025-11-15,Estudio Contable RyR,Disco SSD 1TB,5,337824.67,mercadopago
V-1608,2025-11-15,Mueblerias Hogar,Auriculares,8,171299.50,transferencia
V-1609,2025-11-15,Gimnasio Fuerza,Detergente 5L,5,19659.56,cheque
V-1610,2025-11-16,Clinica Belgrano,Teclado mecanico,2,76216.62,transferencia
V-1611,2025-11-16,Inmobiliaria Sol,Harina x25kg,3,9236.58,transferencia
V-1612,2025-11-16,Valentina Diaz,Disco SSD 1TB,3,234212.89,efectivo
V-1613,2025-11-16,Pedro Sanchez,Resma A4,25,24718.88,transferencia
V-1614,2025-11-16,Sofia Ramirez,Licencia software anual,3,373467.35,transferencia
V-1615,2025-11-16,Almacen La Paz,Teclado mecanico,3,125057.14,transferencia
V-1616,2025-11-16,Hotel Plaza,Resma A4,35,37692.84,transferencia
V-1617,2025-11-16,Constructora Norte,Detergente 5L,17,73857.52,tarjeta
V-1618,2025-11-16,Constructora Norte,Detergente 5L,4,15520.57,tarjeta
V-1619,2025-11-16,Optica Vision,Servicio de mantenimiento,1,33545.17,transferencia
V-1620,2025-11-16,Constructora Norte,Servicio mensual,1,42302.37,transferencia
V-1621,2025-11-16,Consultora Delta,Capacitacion,2,125404.81,efectivo
V-1622,2025-11-16,Constructora Norte,Disco SSD 1TB,5,382023.75,tarjeta
V-1623,2025-11-16,Peluqueria Glamour,Detergente 5L,14,64533.27,transferencia
V-1624,2025-11-16,Farmacia San Martin,Disco SSD 1TB,4,276482.20,tarjeta
V-1625,2025-11-16,Garcia SA,Cafe en grano,12,26123.53,transferencia
V-1626,2025-11-16,Garcia SA,Notebook Lenovo,1,619768.73,cheque
V-1627,2025-11-16,Panaderia Ortiz,Mouse inalambrico,10,101512.41,transferencia
V-1628,2025-11-16,Inmobiliaria Sol,Licencia software anual,1,126244.11,efectivo
V-1629,2025-11-16,Diego Torres,Hosting mensual,1,11284.64,tarjeta
V-1630,2025-11-16,Carniceria El Toro,Aceite x12,9,49695.50,tarjeta
V-1631,2025-11-16,Bar La Esquina,Disco SSD 1TB,1,82360.67,tarjeta
V-1632,2025-11-17,Juan Perez,Harina x25kg,8,24515.08,transferencia
V-1633,2025-11-17,Optica Vision,Cartucho tinta,5,35000.55,tarjeta
V-1634,2025-11-17,Diego Torres,Golosinas surtidas,59,9231.83,efectivo
V-1635,2025-11-17,Carniceria El Toro,Servicio de mantenimiento,1,33024.50,tarjeta
V-1636,2025-11-17,Peluqueria Glamour,Silla ergonomica,5,508663.39,transferencia
V-1637,2025-11-17,Pedro Sanchez,Aceite x12,8,46430.33,tarjeta
V-1638,2025-11-17,Garcia SA,Armazon,3,44830.49,tarjeta
V-1639,2025-11-17,Mueblerias Hogar,Golosinas surtidas,66,9600.78,transferencia
V-1640,2025-11-17,Estudio Contable RyR,Carpeta A4,45,52285.57,tarjeta
V-1641,2025-11-17,Taller Mecanico Lopez,Armazon,4,60155.74,transferencia
V-1642,2025-11-17,Kiosco El Sol,Agua mineral x6,24,43999.47,efectivo
V-1643,2025-11-17,Carniceria El Toro,Toner HP,3,22695.13,transferencia
V-1644,2025-11-17,Clinica Belgrano,Monitor 24'',4,729799.11,transferencia
V-1645,2025-11-17,Imprenta Rapida,Bolsas x100,35,39177.52,tarjeta
V-1646,2025-11-17,Diego Torres,Mouse inalambrico,6,59653.05,transferencia
V-1647,2025-11-17,Peluqueria Glamour,Detergente 5L,8,32497.70,efectivo
V-1648,2025-11-17,Lucia Fernandez,Detergente 5L,12,47039.60,tarjeta
V-1649,2025-11-17,Kiosco El Sol,Teclado mecanico,2,75953.67,efectivo
V-1650,2025-11-17,Marta Gomez,Cartucho tinta,4,24894.25,transferencia
V-1651,2025-11-17,Cafe Colonial,Servicio de mantenimiento,1,33949.46,efectivo
V-1652,2025-11-18,Consultora Delta,Resma A4,11,11090.08,transferencia
V-1653,2025-11-18,Gimnasio Fuerza,Hosting mensual,1,11825.05,efectivo
V-1654,2025-11-18,Lucia Fernandez,Agua mineral x6,24,43240.09,tarjeta
V-1655,2025-11-18,Constructora Norte,Cartucho tinta,6,36660.60,transferencia
V-1656,2025-11-18,Valentina Diaz,Lapiceras x12,16,39717.58,transferencia
V-1657,2025-11-18,Ana Martinez,Servicio de consultoria,1,18784.32,efectivo
V-1658,2025-11-18,Consultora Delta,Capacitacion,3,195771.71,mercadopago
V-1659,2025-11-18,Marta Gomez,Cartucho tinta,7,49455.19,tarjeta
V-1660,2025-11-18,Panaderia Ortiz,Armazon,4,57632.02,efectivo
V-1661,2025-11-18,Clinica Belgrano,Disco SSD 1TB,3,240485.49,transferencia
V-1662,2025-11-18,Clinica Belgrano,Capacitacion,1,61607.13,transferencia
V-1663,2025-11-19,Martin Castro,Cuaderno,15,6421.20,transferencia
V-1664,2025-11-19,Garcia SA,Cafe en grano,3,5579.95,transferencia
V-1665,2025-11-19,Valentina Diaz,Capacitacion,2,119139.83,cheque
V-1666,2025-11-19,Consultora Delta,Teclado mecanico,1,35735.13,transferencia
V-1667,2025-11-19,Libreria Central,Aceite x12,5,29404.42,tarjeta
V-1668,2025-11-19,Garcia SA,Notebook Lenovo,3,1854733.21,transferencia
V-1669,2025-11-19,Lucia Fernandez,Carpeta A4,10,11553.37,efectivo
V-1670,2025-11-19,Ferreteria Nuñez,Carpeta A4,31,40151.99,tarjeta
V-1671,2025-11-19,Taller Mecanico Lopez,Capacitacion,3,192339.01,transferencia
V-1672,2025-11-19,Inmobiliaria Sol,Cable HDMI,9,34227.49,efectivo
V-1673,2025-11-19,Ferreteria Nuñez,Servicio de mantenimiento,1,31977.29,transferencia
V-1674,2025-11-19,Mueblerias Hogar,Toner HP,3,23470.33,efectivo
V-1675,2025-11-19,Ana Martinez,Hosting mensual,1,13045.20,transferencia
V-1676,2025-11-19,Sofia Ramirez,Tornillos x100,18,3150.68,tarjeta
V-1677,2025-11-20,Carniceria El Toro,Pendrive 64GB,19,147156.39,tarjeta
V-1678,2025-11-20,Escuela Sarmiento,Toner HP,3,24522.32,efectivo
V-1679,2025-11-20,Hotel Plaza,Aceite x12,3,16631.45,efectivo
V-1680,2025-11-20,Marta Gomez,Servicio de consultoria,1,19763.45,efectivo
V-1681,2025-11-20,Pedro Sanchez,Hosting mensual,1,11407.16,transferencia
V-1682,2025-11-20,Bar La Esquina,Bolsas x100,28,33283.45,tarjeta
V-1683,2025-11-20,Comercial Andrade,Cafe en grano,15,29654.42,mercadopago
V-1684,2025-11-20,Taller Mecanico Lopez,Mouse inalambrico,5,47048.70,transferencia
V-1685,2025-11-20,Imprenta Rapida,Pendrive 64GB,6,55242.09,mercadopago
V-1686,2025-11-20,Juan Perez,Disco SSD 1TB,6,441565.99,transferencia
V-1687,2025-11-20,Clinica Belgrano,Resma A4,36,35433.94,mercadopago
V-1688,2025-11-20,Estudio Contable RyR,Harina x25kg,8,26668.74,efectivo
V-1689,2025-11-20,Gimnasio Fuerza,Bolsas x100,21,23129.27,tarjeta
V-1690,2025-11-21,Imprenta Rapida,Cable HDMI,14,49467.73,tarjeta
V-1691,2025-11-21,Libreria Central,Servicio de consultoria,1,19023.08,tarjeta
V-1692,2025-11-21,Carlos Rodriguez,Hosting mensual,1,10807.38,tarjeta
V-1693,2025-11-21,Optica Vision,Harina x25kg,11,31250.82,transferencia
V-1694,2025-11-21,Distribuidora Sur,Bolsas x100,54,63327.78,efectivo
V-1695,2025-11-21,Imprenta Rapida,Detergente 5L,15,66687.29,tarjeta
V-1696,2025-11-21,Mueblerias Hogar,Pendrive 64GB,5,40465.78,efectivo
V-1697,2025-11-21,Clinica Belgrano,Hosting mensual,1,11276.79,tarjeta
V-1698,2025-11-21,Agropecuaria Campo Verde,Mouse inalambrico,7,74702.07,transferencia
V-1699,2025-11-21,Transportes Rios,Servicio de consultoria,1,20005.33,transferencia
V-1700,2025-11-21,Constructora Norte,Bolsas x100,59,60600.45,tarjeta
V-1701,2025-11-21,Hotel Plaza,Licencia software anual,3,334746.09,transferencia
V-1702,2025-11-21,Inmobiliaria Sol,Servicio de mantenimiento,1,28890.34,tarjeta
V-1703,2025-11-21,Diego Torres,Auriculares,8,187519.46,transferencia
V-1704,2025-11-21,Consultora Delta,Bolsas x100,18,18574.55,transferencia
V-1705,2025-11-21,Ana Martinez,Silla ergonomica,4,351895.15,tarjeta
V-1706,2025-11-21,Carlos Rodriguez,Capacitacion,2,125440.99,tarjeta
V-1707,2025-11-21,Farmacia San Martin,Teclado mecanico,2,68837.35,transferencia
V-1708,2025-11-21,Transportes Rios,Monitor 24'',2,350613.92,transferencia
V-1709,2025-11-21,Constructora Norte,Silla ergonomica,2,204114.85,efectivo
V-1710,2025-11-22,Martin Castro,Bolsas x100,29,33229.93,transferencia
V-1711,2025-11-22,Veterinaria Patitas,Toner HP,5,36925.89,mercadopago
V-1712,2025-11-22,Martin Castro,Silla ergonomica,3,313314.15,efectivo
V-1713,2025-11-22,Peluqueria Glamour,Hosting mensual,1,10812.87,tarjeta
V-1714,2025-11-22,Distribuidora Sur,Cuaderno,30,13962.41,mercadopago
V-1715,2025-11-22,Farmacia San Martin,Cartucho tinta,1,6604.63,transferencia
V-1716,2025-11-22,Distribuidora Sur,Silla ergonomica,3,306540.11,transferencia
V-1717,2025-11-22,Farmacia San Martin,Bolsas x100,38,41239.29,transferencia
V-1718,2025-11-22,Consultora Delta,Notebook Lenovo,1,619902.12,efectivo
V-1719,2025-11-22,Farmacia San Martin,Auriculares,7,147314.11,tarjeta
V-1720,2025-11-22,Almacen La Paz,Disco SSD 1TB,3,225763.77,mercadopago
V-1721,2025-11-22,Panaderia Ortiz,Harina x25kg,9,29371.31,tarjeta
V-1722,2025-11-22,Panaderia Ortiz,Auriculares,8,160273.42,transferencia
V-1723,2025-11-22,Optica Vision,Tornillos x100,7,1113.34,efectivo
V-1724,2025-11-22,Diego Torres,Teclado mecanico,1,41763.53,transferencia
V-1725,2025-11-22,Bar La Esquina,Armazon,4,61476.22,efectivo
V-1726,2025-11-22,Ferreteria Nuñez,Pendrive 64GB,5,39301.06,transferencia
V-1727,2025-11-22,Peluqueria Glamour,Cuaderno,16,7682.33,efectivo
V-1728,2025-11-22,Comercial Andrade,Servicio de mantenimiento,1,32534.70,tarjeta
V-1729,2025-11-22,Kiosco El Sol,Servicio de mantenimiento,1,31465.08,transferencia
V-1730,2025-11-23,Veterinaria Patitas,Silla ergonomica,6,523750.80,transferencia
V-1731,2025-11-23,Mueblerias Hogar,Detergente 5L,5,20555.51,mercadopago
V-1732,2025-11-23,Ferreteria Nuñez,Toner HP,3,22617.35,tarjeta
V-1733,2025-11-23,Consultora Delta,Bolsas x100,47,51491.70,tarjeta
V-1734,2025-11-23,Cafe Colonial,Servicio de consultoria,1,20238.15,mercadopago
V-1735,2025-11-23,Marta Gomez,Harina x25kg,11,31571.96,efectivo
V-1736,2025-11-23,Kiosco El Sol,Cuaderno,25,11920.83,tarjeta
V-1737,2025-11-23,Farmacia San Martin,Licencia software anual,4,440884.90,transferencia
V-1738,2025-11-23,Ana Martinez,Disco SSD 1TB,4,275351.30,transferencia
V-1739,2025-11-23,Panaderia Ortiz,Disco SSD 1TB,4,287096.15,transferencia
V-1740,2025-11-23,Lucia Fernandez,Silla ergonomica,4,397927.59,mercadopago
V-1741,2025-11-24,Estudio Contable RyR,Licencia software anual,2,233234.12,efectivo
V-1742,2025-11-24,Pedro Sanchez,Lapiceras x12,8,19160.15,tarjeta
V-1743,2025-11-24,Almacen La Paz,Servicio de mantenimiento,1,29377.42,efectivo
V-1744,2025-11-24,Almacen La Paz,Licencia software anual,2,236837.08,transferencia
V-1745,2025-11-24,Supermercado Don Pepe,Lapiceras x12,12,31526.05,tarjeta
V-1746,2025-11-24,Inmobiliaria Sol,Bolsas x100,14,16726.46,tarjeta
V-1747,2025-11-24,Almacen La Paz,Lapiceras x12,4,9198.15,transferencia
V-1748,2025-11-24,Distribuidora Sur,Hosting mensual,1,11520.94,efectivo
V-1749,2025-11-24,Restaurante El Puerto,Cuaderno,20,9041.57,tarjeta
V-1750,2025-11-24,Peluqueria Glamour,Cartucho tinta,2,14084.99,transferencia
V-1751,2025-11-24,Agropecuaria Campo Verde,Teclado mecanico,4,139672.32,efectivo
V-1752,2025-11-24,Peluqueria Glamour,Armazon,3,47295.78,transferencia
V-1753,2025-11-24,Libreria Central,Cable HDMI,11,38214.17,efectivo
V-1754,2025-11-24,Lucia Fernandez,Notebook Lenovo,1,609615.19,transferencia
V-1755,2025-11-24,Sofia Ramirez,Cable HDMI,8,29441.18,tarjeta
V-1756,2025-11-24,Libreria Central,Aceite x12,6,37392.36,transferencia
V-1757,2025-11-24,Estudio Contable RyR,Resma A4,21,22335.18,tarjeta
V-1758,2025-11-25,Comercial Andrade,Servicio de consultoria,1,18111.26,transferencia
V-1759,2025-11-25,Martin Castro,Silla ergonomica,4,394577.27,efectivo
V-1760,2025-11-25,Constructora Norte,Cuaderno,28,13080.47,efectivo
V-1761,2025-11-25,Carlos Rodriguez,Resma A4,13,11930.78,transferencia
V-1762,2025-11-25,Ana Martinez,Servicio de consultoria,1,19828.34,tarjeta
V-1763,2025-11-25,Carniceria El Toro,Golosinas surtidas,50,7403.68,transferencia
V-1764,2025-11-25,Almacen La Paz,Cuaderno,34,14223.39,transferencia
V-1765,2025-11-25,Sofia Ramirez,Tornillos x100,14,2346.97,mercadopago
V-1766,2025-11-25,Mueblerias Hogar,Silla ergonomica,1,101836.13,transferencia
V-1767,2025-11-25,Comercial Andrade,Cuaderno,30,12287.49,transferencia
V-1768,2025-11-25,Diego Torres,Pendrive 64GB,14,130411.79,efectivo
V-1769,2025-11-25,Juan Perez,Licencia software anual,5,659883.16,tarjeta
V-1770,2025-11-25,Cafe Colonial,Silla ergonomica,5,483648.73,mercadopago
V-1771,2025-11-25,Marta Gomez,Carpeta A4,36,40883.67,tarjeta
V-1772,2025-11-25,Kiosco El Sol,Teclado mecanico,5,183002.31,transferencia
V-1773,2025-11-25,Bar La Esquina,Agua mineral x6,31,60142.81,tarjeta
V-1774,2025-11-25,Almacen La Paz,Agua mineral x6,27,48097.72,transferencia
V-1775,2025-11-26,Sofia Ramirez,Cuaderno,17,7602.94,transferencia
V-1776,2025-11-26,Veterinaria Patitas,Cafe en grano,11,23799.91,mercadopago
V-1777,2025-11-26,Restaurante El Puerto,Pendrive 64GB,15,118094.54,efectivo
V-1778,2025-11-26,Hotel Plaza,Mouse inalambrico,7,73169.87,efectivo
V-1779,2025-11-26,Restaurante El Puerto,Hosting mensual,1,12292.42,efectivo
V-1780,2025-11-26,Carlos Rodriguez,Resma A4,35,32079.64,transferencia
V-1781,2025-11-26,Diego Torres,Silla ergonomica,1,100576.17,transferencia
V-1782,2025-11-26,Gimnasio Fuerza,Servicio mensual,1,49493.35,mercadopago
V-1783,2025-11-26,Peluqueria Glamour,Armazon,2,28983.23,transferencia
V-1784,2025-11-27,Cafe Colonial,Resma A4,26,25382.83,transferencia
V-1785,2025-11-27,Veterinaria Patitas,Cartucho tinta,4,25929.10,efectivo
V-1786,2025-11-27,Valentina Diaz,Disco SSD 1TB,1,79051.42,transferencia
V-1787,2025-11-27,Estudio Contable RyR,Golosinas surtidas,85,13015.94,efectivo
V-1788,2025-11-27,Bar La Esquina,Auriculares,8,186524.34,cheque
V-1789,2025-11-27,Juan Perez,Hosting mensual,1,12776.66,tarjeta
V-1790,2025-11-27,Ana Martinez,Tornillos x100,45,6650.01,mercadopago
V-1791,2025-11-27,Peluqueria Glamour,Tornillos x100,23,3833.21,tarjeta
V-1792,2025-11-27,Hotel Plaza,Pendrive 64GB,4,31649.21,transferencia
V-1793,2025-11-27,Sofia Ramirez,Golosinas surtidas,35,5616.02,mercadopago
V-1794,2025-11-27,Escuela Sarmiento,Disco SSD 1TB,1,71179.74,transferencia
V-1795,2025-11-27,Hotel Plaza,Lapiceras x12,7,15406.39,efectivo
V-1796,2025-11-28,Taller Mecanico Lopez,Teclado mecanico,3,116951.24,transferencia
V-1797,2025-11-28,Supermercado Don Pepe,Disco SSD 1TB,5,369129.17,transferencia
V-1798,2025-11-28,Transportes Rios,Teclado mecanico,4,164707.81,mercadopago
V-1799,2025-11-28,Garcia SA,Lapiceras x12,27,67161.29,tarjeta
V-1800,2025-11-28,Inmobiliaria Sol,Disco SSD 1TB,1,78264.39,mercadopago
V-1801,2025-11-28,Optica Vision,Resma A4,26,24786.61,tarjeta
V-1802,2025-11-28,Panaderia Ortiz,Mouse inalambrico,1,10113.95,mercadopago
V-1803,2025-11-28,Inmobiliaria Sol,Notebook Lenovo,3,2038577.51,cheque
V-1804,2025-11-28,Valentina Diaz,Teclado mecanico,4,163727.80,mercadopago
V-1805,2025-11-28,Gimnasio Fuerza,Cable HDMI,12,40435.04,transferencia
V-1806,2025-11-28,Panaderia Ortiz,Aceite x12,9,52432.71,efectivo
V-1807,2025-11-28,Cafe Colonial,Monitor 24'',2,387905.74,efectivo
V-1808,2025-11-28,Constructora Norte,Agua mineral x6,33,61745.96,efectivo
V-1809,2025-11-28,Carniceria El Toro,Carpeta A4,24,26405.46,transferencia
V-1810,2025-11-28,Distribuidora Sur,Cable HDMI,12,44016.44,tarjeta
V-1811,2025-11-28,Peluqueria Glamour,Cartucho tinta,5,30639.27,tarjeta
V-1812,2025-11-28,Optica Vision,Lapiceras x12,12,30280.59,transferencia
V-1813,2025-11-28,Taller Mecanico Lopez,Carpeta A4,39,47665.83,efectivo
V-1814,2025-11-28,Bar La Esquina,Cuaderno,32,15802.43,efectivo
V-1815,2025-11-28,Peluqueria Glamour,Capacitacion,2,114234.15,tarjeta
V-1816,2025-11-28,Sofia Ramirez,Notebook Lenovo,3,2024179.61,transferencia
V-1817,2025-11-28,Taller Mecanico Lopez,Cable HDMI,1,3467.20,efectivo
V-1818,2025-11-29,Restaurante El Puerto,Servicio de mantenimiento,1,31042.16,efectivo
V-1819,2025-11-29,Distribuidora Sur,Capacitacion,3,182619.57,efectivo
V-1820,2025-11-29,Imprenta Rapida,Lapiceras x12,25,56971.60,tarjeta
V-1821,2025-11-29,Panaderia Ortiz,Servicio mensual,1,44588.79,efectivo
V-1822,2025-11-29,Marta Gomez,Capacitacion,2,109966.73,tarjeta
V-1823,2025-11-29,Kiosco El Sol,Golosinas surtidas,80,11315.48,tarjeta
V-1824,2025-11-29,Inmobiliaria Sol,Lapiceras x12,14,34192.97,efectivo
V-1825,2025-11-29,Almacen La Paz,Pendrive 64GB,9,77789.85,cheque
V-1826,2025-11-29,Clinica Belgrano,Bolsas x100,36,41435.20,efectivo
V-1827,2025-11-29,Transportes Rios,Golosinas surtidas,84,11660.35,transferencia
V-1828,2025-11-29,Bar La Esquina,Bolsas x100,37,43657.03,efectivo
V-1829,2025-11-29,Optica Vision,Monitor 24'',4,652695.46,mercadopago
V-1830,2025-11-29,Clinica Belgrano,Armazon,1,15814.96,transferencia
V-1831,2025-11-29,Panaderia Ortiz,Armazon,3,42224.62,transferencia
V-1832,2025-11-30,Diego Torres,Cuaderno,28,12104.22,transferencia
V-1833,2025-11-30,Clinica Belgrano,Golosinas surtidas,38,6023.52,transferencia
V-1834,2025-11-30,Ana Martinez,Carpeta A4,24,31040.97,transferencia
V-1835,2025-11-30,Valentina Diaz,Cable HDMI,8,25211.68,transferencia
V-1836,2025-11-30,Agropecuaria Campo Verde,Pendrive 64GB,2,16719.76,transferencia
V-1837,2025-11-30,Escuela Sarmiento,Monitor 24'',3,570385.73,efectivo
V-1838,2025-11-30,Distribuidora Sur,Capacitacion,3,166781.15,tarjeta
V-1839,2025-11-30,Panaderia Ortiz,Monitor 24'',4,744079.79,efectivo
V-1840,2025-11-30,Cafe Colonial,Harina x25kg,3,9857.65,tarjeta
V-1841,2025-11-30,Juan Perez,Cafe en grano,8,15484.79,mercadopago
V-1842,2025-11-30,Ferreteria Nuñez,Carpeta A4,33,41468.43,efectivo
V-1843,2025-11-30,Lucia Fernandez,Bolsas x100,6,6695.03,tarjeta
V-1844,2025-11-30,Carlos Rodriguez,Toner HP,6,49176.91,mercadopago
V-1845,2025-11-30,Inmobiliaria Sol,Cartucho tinta,1,7094.48,transferencia
V-1846,2025-12-01,Bar La Esquina,Silla ergonomica,5,512702.11,efectivo
V-1847,2025-12-01,Consultora Delta,Cartucho tinta,3,21303.27,efectivo
V-1848,2025-12-01,Mueblerias Hogar,Cafe en grano,15,31233.71,tarjeta
V-1849,2025-12-01,Juan Perez,Hosting mensual,1,11764.31,tarjeta
V-1850,2025-12-01,Libreria Central,Auriculares,1,21295.81,tarjeta
V-1851,2025-12-01,Farmacia San Martin,Pendrive 64GB,17,139222.35,transferencia
V-1852,2025-12-01,Panaderia Ortiz,Toner HP,5,37812.06,transferencia
V-1853,2025-12-01,Clinica Belgrano,Disco SSD 1TB,1,69813.41,efectivo
V-1854,2025-12-01,Libreria Central,Notebook Lenovo,3,2031537.88,transferencia
V-1855,2025-12-01,Imprenta Rapida,Notebook Lenovo,2,1212705.05,transferencia
V-1856,2025-12-01,Bar La Esquina,Carpeta A4,25,28547.61,transferencia
V-1857,2025-12-01,Taller Mecanico Lopez,Cafe en grano,14,28543.23,tarjeta
V-1858,2025-12-01,Bar La Esquina,Disco SSD 1TB,5,366378.65,transferencia
V-1859,2025-12-01,Kiosco El Sol,Harina x25kg,9,28196.42,tarjeta
V-1860,2025-12-02,Garcia SA,Teclado mecanico,2,82288.77,transferencia
V-1861,2025-12-02,Valentina Diaz,Servicio de mantenimiento,1,30376.42,efectivo
V-1862,2025-12-02,Sofia Ramirez,Golosinas surtidas,58,8818.75,transferencia
V-1863,2025-12-02,Panaderia Ortiz,Agua mineral x6,37,62650.05,tarjeta
V-1864,2025-12-02,Almacen La Paz,Tornillos x100,20,3224.02,mercadopago
V-1865,2025-12-02,Transportes Rios,Cartucho tinta,8,47234.64,mercadopago
V-1866,2025-12-02,Optica Vision,Licencia software anual,3,371020.24,transferencia
V-1867,2025-12-02,Farmacia San Martin,Auriculares,8,168020.26,efectivo
V-1868,2025-12-02,Ana Martinez,Mouse inalambrico,6,62827.08,tarjeta
V-1869,2025-12-02,Carniceria El Toro,Lapiceras x12,11,24000.16,tarjeta
V-1870,2025-12-02,Bar La Esquina,Cuaderno,10,4405.77,efectivo
V-1871,2025-12-03,Almacen La Paz,Cable HDMI,9,34642.57,transferencia
V-1872,2025-12-03,Veterinaria Patitas,Lapiceras x12,27,62445.22,tarjeta
V-1873,2025-12-03,Taller Mecanico Lopez,Disco SSD 1TB,6,445744.63,efectivo
V-1874,2025-12-03,Martin Castro,Harina x25kg,7,20444.11,transferencia
V-1875,2025-12-03,Comercial Andrade,Auriculares,3,67933.05,tarjeta
V-1876,2025-12-03,Clinica Belgrano,Servicio de consultoria,1,19139.01,tarjeta
V-1877,2025-12-03,Constructora Norte,Bolsas x100,50,54878.74,tarjeta
V-1878,2025-12-03,Sofia Ramirez,Hosting mensual,1,12092.76,efectivo
V-1879,2025-12-03,Gimnasio Fuerza,Armazon,4,66060.59,tarjeta
V-1880,2025-12-03,Bar La Esquina,Capacitacion,3,197416.64,tarjeta
V-1881,2025-12-03,Supermercado Don Pepe,Auriculares,4,87024.57,efectivo
V-1882,2025-12-03,Gimnasio Fuerza,Disco SSD 1TB,3,233124.95,transferencia
V-1883,2025-12-03,Supermercado Don Pepe,Capacitacion,3,184508.52,transferencia
V-1884,2025-12-04,Diego Torres,Silla ergonomica,3,258597.37,mercadopago
V-1885,2025-12-04,Carlos Rodriguez,Bolsas x100,43,44547.96,cheque
V-1886,2025-12-04,Consultora Delta,Agua mineral x6,30,49798.22,tarjeta
V-1887,2025-12-04,Agropecuaria Campo Verde,Silla ergonomica,2,191967.84,efectivo
V-1888,2025-12-04,Mueblerias Hogar,Licencia software anual,5,561063.46,transferencia
V-1889,2025-12-04,Agropecuaria Campo Verde,Resma A4,13,12251.27,efectivo
V-1890,2025-12-04,Consultora Delta,Carpeta A4,38,47687.56,transferencia
V-1891,2025-12-04,Carniceria El Toro,Detergente 5L,2,9226.48,tarjeta
V-1892,2025-12-04,Comercial Andrade,Detergente 5L,19,85914.31,mercadopago
V-1893,2025-12-04,Marta Gomez,Agua mineral x6,48,94056.32,efectivo
V-1894,2025-12-04,Clinica Belgrano,Harina x25kg,8,26507.93,transferencia
V-1895,2025-12-04,Hotel Plaza,Detergente 5L,18,75094.79,tarjeta
V-1896,2025-12-04,Consultora Delta,Notebook Lenovo,3,1757531.93,mercadopago
V-1897,2025-12-04,Constructora Norte,Cartucho tinta,8,50088.92,transferencia
V-1898,2025-12-05,Supermercado Don Pepe,Resma A4,6,6522.43,cheque
V-1899,2025-12-05,Carlos Rodriguez,Teclado mecanico,1,41169.16,transferencia
V-1900,2025-12-05,Estudio Contable RyR,Cuaderno,9,4152.06,transferencia
V-1901,2025-12-05,Veterinaria Patitas,Teclado mecanico,1,38703.23,efectivo
V-1902,2025-12-05,Veterinaria Patitas,Cafe en grano,3,5968.29,efectivo
V-1903,2025-12-05,Taller Mecanico Lopez,Capacitacion,2,120472.20,mercadopago
V-1904,2025-12-05,Estudio Contable RyR,Disco SSD 1TB,5,383967.49,tarjeta
V-1905,2025-12-05,Marta Gomez,Servicio de mantenimiento,1,29347.42,mercadopago
V-1906,2025-12-05,Kiosco El Sol,Mouse inalambrico,6,63387.38,efectivo
V-1907,2025-12-05,Cafe Colonial,Notebook Lenovo,2,1129587.63,tarjeta
V-1908,2025-12-05,Valentina Diaz,Resma A4,11,11276.74,transferencia
V-1909,2025-12-05,Cafe Colonial,Pendrive 64GB,13,108327.20,efectivo
V-1910,2025-12-06,Cafe Colonial,Cafe en grano,15,30597.46,transferencia
V-1911,2025-12-06,Cafe Colonial,Mouse inalambrico,8,83028.18,tarjeta
V-1912,2025-12-06,Garcia SA,Harina x25kg,12,40455.63,tarjeta
V-1913,2025-12-06,Estudio Contable RyR,Harina x25kg,11,32002.72,transferencia
V-1914,2025-12-06,Carlos Rodriguez,Bolsas x100,9,10083.92,mercadopago
V-1915,2025-12-06,Clinica Belgrano,Golosinas surtidas,85,12128.53,tarjeta
V-1916,2025-12-06,Distribuidora Sur,Licencia software anual,4,449848.65,efectivo
V-1917,2025-12-06,Almacen La Paz,Notebook Lenovo,1,596646.69,tarjeta
V-1918,2025-12-06,Carniceria El Toro,Agua mineral x6,27,46764.75,efectivo
V-1919,2025-12-06,Veterinaria Patitas,Golosinas surtidas,80,11540.82,transferencia
V-1920,2025-12-06,Peluqueria Glamour,Servicio de consultoria,1,16862.08,efectivo
V-1921,2025-12-06,Carlos Rodriguez,Cartucho tinta,1,6398.68,cheque
V-1922,2025-12-06,Veterinaria Patitas,Agua mineral x6,17,32345.81,transferencia
V-1923,2025-12-06,Transportes Rios,Silla ergonomica,6,591869.87,tarjeta
V-1924,2025-12-06,Veterinaria Patitas,Harina x25kg,11,34550.78,tarjeta
V-1925,2025-12-07,Transportes Rios,Teclado mecanico,3,106299.98,mercadopago
V-1926,2025-12-07,Comercial Andrade,Auriculares,1,21982.09,tarjeta
V-1927,2025-12-07,Ana Martinez,Bolsas x100,19,20760.12,transferencia
V-1928,2025-12-07,Veterinaria Patitas,Cable HDMI,13,49618.55,efectivo
V-1929,2025-12-07,Comercial Andrade,Mouse inalambrico,4,38418.45,tarjeta
V-1930,2025-12-07,Bar La Esquina,Resma A4,27,24217.47,transferencia
V-1931,2025-12-07,Hotel Plaza,Monitor 24'',2,369456.09,transferencia
V-1932,2025-12-07,Libreria Central,Servicio de consultoria,1,17381.95,transferencia
V-1933,2025-12-07,Valentina Diaz,Aceite x12,3,16552.18,transferencia
V-1934,2025-12-07,Farmacia San Martin,Servicio mensual,1,42084.70,mercadopago
V-1935,2025-12-07,Bar La Esquina,Servicio de consultoria,1,18052.01,transferencia
V-1936,2025-12-07,Hotel Plaza,Servicio mensual,1,44605.83,efectivo
V-1937,2025-12-07,Cafe Colonial,Detergente 5L,7,31994.03,mercadopago
V-1938,2025-12-07,Panaderia Ortiz,Carpeta A4,50,54784.53,mercadopago
V-1939,2025-12-07,Pedro Sanchez,Golosinas surtidas,44,6193.02,efectivo
V-1940,2025-12-07,Taller Mecanico Lopez,Harina x25kg,11,33619.46,mercadopago
V-1941,2025-12-07,Carniceria El Toro,Disco SSD 1TB,5,381549.44,transferencia
V-1942,2025-12-07,Consultora Delta,Golosinas surtidas,61,8687.32,mercadopago
V-1943,2025-12-08,Diego Torres,Pendrive 64GB,17,158036.31,transferencia
V-1944,2025-12-08,Cafe Colonial,Resma A4,35,36666.61,transferencia
V-1945,2025-12-08,Peluqueria Glamour,Lapiceras x12,14,35288.79,tarjeta
V-1946,2025-12-08,Hotel Plaza,Lapiceras x12,16,35934.71,tarjeta
V-1947,2025-12-08,Escuela Sarmiento,Silla ergonomica,6,621955.72,transferencia
V-1948,2025-12-08,Ana Martinez,Mouse inalambrico,10,100934.85,transferencia
V-1949,2025-12-08,Constructora Norte,Servicio mensual,1,48268.51,transferencia
V-1950,2025-12-08,Hotel Plaza,Teclado mecanico,4,154169.66,transferencia
V-1951,2025-12-08,Restaurante El Puerto,Resma A4,13,13517.68,tarjeta
V-1952,2025-12-08,Transportes Rios,Armazon,2,31520.57,tarjeta
V-1953,2025-12-08,Almacen La Paz,Harina x25kg,8,24557.71,tarjeta
V-1954,2025-12-08,Pedro Sanchez,Hosting mensual,1,11560.85,transferencia
V-1955,2025-12-08,Kiosco El Sol,Monitor 24'',2,343124.99,tarjeta
V-1956,2025-12-08,Peluqueria Glamour,Resma A4,23,24330.22,tarjeta
V-1957,2025-12-08,Estudio Contable RyR,Resma A4,22,23638.30,transferencia
V-1958,2025-12-09,Veterinaria Patitas,Armazon,1,15642.68,transferencia
V-1959,2025-12-09,Consultora Delta,Harina x25kg,6,17866.10,transferencia
V-1960,2025-12-09,Carniceria El Toro,Licencia software anual,2,263923.44,mercadopago
V-1961,2025-12-09,Gimnasio Fuerza,Servicio de consultoria,1,17692.83,efectivo
V-1962,2025-12-09,Comercial Andrade,Mouse inalambrico,7,73015.94,tarjeta
V-1963,2025-12-09,Constructora Norte,Lapiceras x12,26,68034.58,transferencia
V-1964,2025-12-09,Supermercado Don Pepe,Cable HDMI,12,39562.95,tarjeta
V-1965,2025-12-09,Transportes Rios,Hosting mensual,1,12534.02,transferencia
V-1966,2025-12-09,Almacen La Paz,Resma A4,25,26461.72,efectivo
V-1967,2025-12-09,Sofia Ramirez,Bolsas x100,31,32119.37,efectivo
V-1968,2025-12-09,Distribuidora Sur,Servicio de consultoria,1,17164.12,transferencia
V-1969,2025-12-09,Gimnasio Fuerza,Cable HDMI,1,3499.86,transferencia
V-1970,2025-12-09,Constructora Norte,Teclado mecanico,4,157647.19,efectivo
V-1971,2025-12-10,Mueblerias Hogar,Bolsas x100,39,41180.89,transferencia
V-1972,2025-12-10,Panaderia Ortiz,Hosting mensual,1,13013.15,cheque
V-1973,2025-12-10,Martin Castro,Harina x25kg,11,34985.50,mercadopago
V-1974,2025-12-10,Ana Martinez,Servicio de mantenimiento,1,35073.10,mercadopago
V-1975,2025-12-10,Escuela Sarmiento,Resma A4,39,37733.04,transferencia
V-1976,2025-12-10,Lucia Fernandez,Servicio de mantenimiento,1,32889.62,transferencia
V-1977,2025-12-10,Juan Perez,Toner HP,6,49114.25,efectivo
V-1978,2025-12-10,Carlos Rodriguez,Licencia software anual,4,434576.50,transferencia
V-1979,2025-12-10,Restaurante El Puerto,Mouse inalambrico,5,46117.74,efectivo
V-1980,2025-12-10,Inmobiliaria Sol,Resma A4,34,30680.77,transferencia
V-1981,2025-12-10,Bar La Esquina,Harina x25kg,8,24259.88,transferencia
V-1982,2025-12-10,Pedro Sanchez,Teclado mecanico,4,159391.54,mercadopago
V-1983,2025-12-10,Ana Martinez,Pendrive 64GB,7,55096.19,transferencia
V-1984,2025-12-10,Optica Vision,Capacitacion,3,185932.54,tarjeta
V-1985,2025-12-10,Transportes Rios,Cuaderno,17,7653.79,transferencia
V-1986,2025-12-10,Constructora Norte,Servicio de consultoria,1,18299.21,tarjeta
V-1987,2025-12-10,Agropecuaria Campo Verde,Cafe en grano,10,19315.57,mercadopago
V-1988,2025-12-10,Ferreteria Nuñez,Monitor 24'',4,730963.12,transferencia
V-1989,2025-12-10,Lucia Fernandez,Carpeta A4,34,39549.74,tarjeta
V-1990,2025-12-10,Libreria Central,Capacitacion,1,58980.63,mercadopago
V-1991,2025-12-10,Libreria Central,Cable HDMI,7,24293.36,efectivo
V-1992,2025-12-11,Juan Perez,Toner HP,4,33687.22,transferencia
V-1993,2025-12-11,Carniceria El Toro,Pendrive 64GB,6,48692.52,transferencia
V-1994,2025-12-11,Ana Martinez,Auriculares,2,45742.79,mercadopago
V-1995,2025-12-11,Hotel Plaza,Teclado mecanico,5,175606.76,transferencia
V-1996,2025-12-11,Imprenta Rapida,Toner HP,5,42658.97,tarjeta
V-1997,2025-12-11,Juan Perez,Tornillos x100,21,3163.35,tarjeta
V-1998,2025-12-11,Constructora Norte,Resma A4,34,32859.94,efectivo
V-1999,2025-12-11,Bar La Esquina,Mouse inalambrico,1,8841.05,efectivo
V-2000,2025-12-11,Transportes Rios,Golosinas surtidas,61,9461.64,tarjeta
V-2001,2025-12-11,Taller Mecanico Lopez,Resma A4,10,9995.89,efectivo
V-2002,2025-12-11,Consultora Delta,Monitor 24'',2,357896.72,efectivo
V-2003,2025-12-11,Libreria Central,Tornillos x100,6,980.54,transferencia
V-2004,2025-12-11,Comercial Andrade,Cartucho tinta,7,42482.93,efectivo
V-2005,2025-12-11,Ana Martinez,Golosinas surtidas,76,11076.44,efectivo
V-2006,2025-12-11,Sofia Ramirez,Carpeta A4,48,57972.08,efectivo
V-2007,2025-12-11,Estudio Contable RyR,Capacitacion,3,191214.43,tarjeta
V-2008,2025-12-11,Comercial Andrade,Cuaderno,33,13520.67,transferencia
V-2009,2025-12-11,Hotel Plaza,Mouse inalambrico,4,42561.95,mercadopago
V-2010,2025-12-11,Garcia SA,Servicio mensual,1,40644.35,cheque
V-2011,2025-12-11,Kiosco El Sol,Harina x25kg,5,16057.87,transferencia
V-2012,2025-12-12,Optica Vision,Carpeta A4,11,13983.88,efectivo
V-2013,2025-12-12,Imprenta Rapida,Notebook Lenovo,2,1243100.02,transferencia
V-2014,2025-12-12,Carniceria El Toro,Agua mineral x6,17,31363.00,tarjeta
V-2015,2025-12-12,Estudio Contable RyR,Teclado mecanico,1,35966.30,tarjeta
V-2016,2025-12-12,Imprenta Rapida,Tornillos x100,5,784.34,transferencia
V-2017,2025-12-12,Consultora Delta,Servicio mensual,1,42480.87,tarjeta
V-2018,2025-12-12,Ana Martinez,Armazon,1,14158.73,tarjeta
V-2019,2025-12-12,Estudio Contable RyR,Disco SSD 1TB,5,374968.20,efectivo
V-2020,2025-12-12,Estudio Contable RyR,Hosting mensual,1,11404.66,tarjeta
V-2021,2025-12-12,Distribuidora Sur,Agua mineral x6,49,86234.29,transferencia
V-2022,2025-12-12,Escuela Sarmiento,Agua mineral x6,49,84988.94,transferencia
V-2023,2025-12-12,Supermercado Don Pepe,Servicio de consultoria,1,18064.77,tarjeta
V-2024,2025-12-13,Cafe Colonial,Bolsas x100,5,5205.87,efectivo
V-2025,2025-12-13,Almacen La Paz,Toner HP,3,23018.89,efectivo
V-2026,2025-12-13,Hotel Plaza,Licencia software anual,1,109438.15,tarjeta
V-2027,2025-12-13,Juan Perez,Servicio mensual,1,43881.73,transferencia
V-2028,2025-12-13,Sofia Ramirez,Cable HDMI,10,38419.86,efectivo
V-2029,2025-12-13,Juan Perez,Harina x25kg,4,11849.75,tarjeta
V-2030,2025-12-13,Supermercado Don Pepe,Teclado mecanico,3,119712.56,efectivo
V-2031,2025-12-13,Carniceria El Toro,Harina x25kg,7,20581.36,transferencia
V-2032,2025-12-13,Supermercado Don Pepe,Auriculares,4,93305.55,tarjeta
V-2033,2025-12-13,Sofia Ramirez,Mouse inalambrico,9,85053.68,tarjeta
V-2034,2025-12-13,Carlos Rodriguez,Resma A4,36,32574.85,transferencia
V-2035,2025-12-13,Libreria Central,Golosinas surtidas,46,6383.27,tarjeta
V-2036,2025-12-13,Ferreteria Nuñez,Capacitacion,1,56835.72,tarjeta
V-2037,2025-12-13,Carlos Rodriguez,Monitor 24'',3,503729.15,transferencia
V-2038,2025-12-14,Restaurante El Puerto,Tornillos x100,43,6534.58,tarjeta
V-2039,2025-12-14,Escuela Sarmiento,Agua mineral x6,17,29203.79,transferencia
V-2040,2025-12-14,Escuela Sarmiento,Armazon,4,60483.70,tarjeta
V-2041,2025-12-14,Panaderia Ortiz,Lapiceras x12,21,52768.08,efectivo
V-2042,2025-12-14,Pedro Sanchez,Hosting mensual,1,10847.55,tarjeta
V-2043,2025-12-14,Panaderia Ortiz,Resma A4,24,24212.31,tarjeta
V-2044,2025-12-14,Lucia Fernandez,Tornillos x100,21,3279.66,tarjeta
V-2045,2025-12-14,Kiosco El Sol,Mouse inalambrico,9,90070.29,transferencia
V-2046,2025-12-14,Carlos Rodriguez,Bolsas x100,35,36157.01,transferencia
V-2047,2025-12-15,Hotel Plaza,Pendrive 64GB,17,151157.65,tarjeta
V-2048,2025-12-15,Hotel Plaza,Auriculares,7,167560.78,tarjeta
V-2049,2025-12-15,Juan Perez,Cuaderno,9,3976.12,cheque
V-2050,2025-12-15,Optica Vision,Toner HP,4,35200.20,transferencia
V-2051,2025-12-15,Gimnasio Fuerza,Teclado mecanico,3,120184.96,tarjeta
V-2052,2025-12-15,Marta Gomez,Silla ergonomica,6,591487.79,efectivo
V-2053,2025-12-15,Taller Mecanico Lopez,Auriculares,7,161258.46,tarjeta
V-2054,2025-12-15,Garcia SA,Auriculares,6,135457.15,efectivo
V-2055,2025-12-15,Transportes Rios,Agua mineral x6,14,23997.11,mercadopago
V-2056,2025-12-15,Mueblerias Hogar,Golosinas surtidas,52,7405.97,mercadopago
V-2057,2025-12-15,Ferreteria Nuñez,Capacitacion,1,54148.05,tarjeta
V-2058,2025-12-15,Mueblerias Hogar,Auriculares,7,150848.14,cheque
V-2059,2025-12-15,Almacen La Paz,Resma A4,38,40704.46,transferencia
V-2060,2025-12-16,Peluqueria Glamour,Teclado mecanico,3,118373.88,mercadopago
V-2061,2025-12-16,Clinica Belgrano,Detergente 5L,14,59812.30,efectivo
V-2062,2025-12-16,Agropecuaria Campo Verde,Auriculares,2,40561.61,efectivo
V-2063,2025-12-16,Ana Martinez,Armazon,2,29567.93,mercadopago
V-2064,2025-12-16,Optica Vision,Mouse inalambrico,5,44162.92,efectivo
V-2065,2025-12-16,Clinica Belgrano,Servicio de consultoria,1,16908.41,tarjeta
V-2066,2025-12-16,Optica Vision,Agua mineral x6,23,43329.59,transferencia
V-2067,2025-12-16,Diego Torres,Tornillos x100,50,7414.93,transferencia
V-2068,2025-12-16,Ana Martinez,Toner HP,4,32834.76,transferencia
V-2069,2025-12-16,Carlos Rodriguez,Notebook Lenovo,3,1741975.34,transferencia
V-2070,2025-12-16,Cafe Colonial,Carpeta A4,31,36759.03,transferencia
V-2071,2025-12-16,Ferreteria Nuñez,Agua mineral x6,15,24730.97,tarjeta
V-2072,2025-12-16,Mueblerias Hogar,Aceite x12,2,11040.11,transferencia
V-2073,2025-12-16,Comercial Andrade,Silla ergonomica,6,599700.83,transferencia
V-2074,2025-12-16,Juan Perez,Disco SSD 1TB,1,77479.83,transferencia
V-2075,2025-12-16,Martin Castro,Lapiceras x12,27,58414.11,tarjeta
V-2076,2025-12-17,Escuela Sarmiento,Disco SSD 1TB,3,244445.78,efectivo
V-2077,2025-12-17,Veterinaria Patitas,Licencia software anual,4,464308.82,cheque
V-2078,2025-12-17,Constructora Norte,Capacitacion,1,65291.89,tarjeta
V-2079,2025-12-17,Estudio Contable RyR,Notebook Lenovo,2,1332523.20,transferencia
V-2080,2025-12-17,Distribuidora Sur,Pendrive 64GB,13,115477.37,transferencia
V-2081,2025-12-17,Taller Mecanico Lopez,Toner HP,5,38713.69,tarjeta
V-2082,2025-12-17,Carlos Rodriguez,Licencia software anual,4,481431.74,transferencia
V-2083,2025-12-17,Hotel Plaza,Agua mineral x6,25,40649.67,mercadopago
V-2084,2025-12-17,Supermercado Don Pepe,Hosting mensual,1,12427.03,tarjeta
V-2085,2025-12-17,Gimnasio Fuerza,Mouse inalambrico,10,103761.62,tarjeta
V-2086,2025-12-17,Estudio Contable RyR,Auriculares,8,193137.88,efectivo
V-2087,2025-12-17,Inmobiliaria Sol,Cuaderno,17,7974.27,mercadopago
V-2088,2025-12-18,Ferreteria Nuñez,Hosting mensual,1,11106.87,transferencia
V-2089,2025-12-18,Transportes Rios,Detergente 5L,19,87576.02,transferencia
V-2090,2025-12-18,Carniceria El Toro,Monitor 24'',1,179358.07,transferencia
V-2091,2025-12-18,Ferreteria Nuñez,Servicio mensual,1,47279.27,transferencia
V-2092,2025-12-18,Imprenta Rapida,Bolsas x100,6,6151.51,mercadopago
V-2093,2025-12-18,Farmacia San Martin,Disco SSD 1TB,3,212416.92,efectivo
V-2094,2025-12-18,Distribuidora Sur,Carpeta A4,47,52148.55,mercadopago
V-2095,2025-12-18,Veterinaria Patitas,Agua mineral x6,36,59492.13,mercadopago
V-2096,2025-12-18,Pedro Sanchez,Auriculares,2,45267.08,mercadopago
V-2097,2025-12-18,Valentina Diaz,Cable HDMI,12,43890.24,mercadopago
V-2098,2025-12-18,Bar La Esquina,Teclado mecanico,2,71797.97,transferencia
V-2099,2025-12-18,Mueblerias Hogar,Toner HP,1,7841.19,mercadopago
V-2100,2025-12-18,Distribuidora Sur,Cable HDMI,2,7101.97,efectivo
V-2101,2025-12-18,Lucia Fernandez,Mouse inalambrico,10,102643.59,transferencia
V-2102,2025-12-18,Almacen La Paz,Cartucho tinta,4,27805.02,transferencia
V-2103,2025-12-18,Martin Castro,Armazon,2,31122.46,tarjeta
V-2104,2025-12-18,Transportes Rios,Toner HP,4,29219.54,transferencia
V-2105,2025-12-18,Diego Torres,Capacitacion,2,128093.20,efectivo
V-2106,2025-12-18,Juan Perez,Golosinas surtidas,96,13776.17,tarjeta
V-2107,2025-12-18,Bar La Esquina,Cuaderno,37,18282.82,transferencia
V-2108,2025-12-19,Ana Martinez,Pendrive 64GB,19,160798.53,tarjeta
V-2109,2025-12-19,Veterinaria Patitas,Bolsas x100,29,29085.22,transferencia
V-2110,2025-12-19,Supermercado Don Pepe,Bolsas x100,18,21178.36,efectivo
V-2111,2025-12-19,Constructora Norte,Notebook Lenovo,1,664240.57,transferencia
V-2112,2025-12-19,Optica Vision,Capacitacion,3,194845.55,cheque
V-2113,2025-12-19,Escuela Sarmiento,Cartucho tinta,7,44020.43,cheque
V-2114,2025-12-19,Inmobiliaria Sol,Disco SSD 1TB,4,293463.79,efectivo
V-2115,2025-12-19,Valentina Diaz,Cuaderno,17,7957.70,tarjeta
V-2116,2025-12-19,Mueblerias Hogar,Golosinas surtidas,61,9611.65,efectivo
V-2117,2025-12-19,Optica Vision,Notebook Lenovo,3,1787115.53,tarjeta
V-2118,2025-12-19,Panaderia Ortiz,Monitor 24'',4,689915.75,transferencia
V-2119,2025-12-19,Comercial Andrade,Hosting mensual,1,12564.77,tarjeta
V-2120,2025-12-20,Panaderia Ortiz,Pendrive 64GB,19,148642.92,tarjeta
V-2121,2025-12-20,Estudio Contable RyR,Teclado mecanico,2,82474.98,tarjeta
V-2122,2025-12-20,Bar La Esquina,Silla ergonomica,2,206912.40,cheque
V-2123,2025-12-20,Panaderia Ortiz,Agua mineral x6,26,47674.15,tarjeta
V-2124,2025-12-20,Taller Mecanico Lopez,Mouse inalambrico,4,35546.50,tarjeta
V-2125,2025-12-20,Pedro Sanchez,Cuaderno,16,7420.03,efectivo
V-2126,2025-12-20,Pedro Sanchez,Hosting mensual,1,12666.55,transferencia
V-2127,2025-12-20,Bar La Esquina,Agua mineral x6,33,57823.80,transferencia
V-2128,2025-12-20,Peluqueria Glamour,Toner HP,4,33316.33,transferencia
V-2129,2025-12-20,Estudio Contable RyR,Servicio de mantenimiento,1,30551.84,efectivo
V-2130,2025-12-20,Almacen La Paz,Tornillos x100,29,4625.33,transferencia
V-2131,2025-12-20,Carniceria El Toro,Golosinas surtidas,32,4632.22,transferencia
V-2132,2025-12-20,Valentina Diaz,Capacitacion,3,162710.87,efectivo
V-2133,2025-12-20,Mueblerias Hogar,Hosting mensual,1,10953.44,tarjeta
V-2134,2025-12-20,Ana Martinez,Capacitacion,3,166467.22,mercadopago
V-2135,2025-12-20,Martin Castro,Carpeta A4,12,13480.31,efectivo
V-2136,2025-12-20,Bar La Esquina,Servicio de consultoria,1,19611.90,transferencia
V-2137,2025-12-21,Ferreteria Nuñez,Servicio de mantenimiento,1,32976.90,tarjeta
V-2138,2025-12-21,Bar La Esquina,Pendrive 64GB,2,15587.68,tarjeta
V-2139,2025-12-21,Comercial Andrade,Armazon,2,30522.92,transferencia
V-2140,2025-12-21,Restaurante El Puerto,Notebook Lenovo,3,2010518.46,efectivo
V-2141,2025-12-21,Imprenta Rapida,Monitor 24'',2,365549.15,tarjeta
V-2142,2025-12-21,Juan Perez,Armazon,2,32165.17,transferencia
V-2143,2025-12-21,Ana Martinez,Servicio mensual,1,43197.38,mercadopago
V-2144,2025-12-21,Gimnasio Fuerza,Licencia software anual,5,565924.80,transferencia
V-2145,2025-12-21,Valentina Diaz,Cable HDMI,10,34454.11,transferencia
V-2146,2025-12-21,Ferreteria Nuñez,Mouse inalambrico,3,28812.35,mercadopago
V-2147,2025-12-21,Panaderia Ortiz,Detergente 5L,15,68546.51,tarjeta
V-2148,2025-12-21,Carlos Rodriguez,Resma A4,22,23937.78,efectivo
V-2149,2025-12-21,Panaderia Ortiz,Servicio de mantenimiento,1,31485.99,transferencia
V-2150,2025-12-21,Martin Castro,Hosting mensual,1,11709.46,transferencia
V-2151,2025-12-21,Valentina Diaz,Aceite x12,2,11471.75,tarjeta
V-2152,2025-12-21,Veterinaria Patitas,Harina x25kg,12,34141.97,efectivo
V-2153,2025-12-22,Estudio Contable RyR,Golosinas surtidas,48,6874.05,tarjeta
V-2154,2025-12-22,Bar La Esquina,Cafe en grano,8,17445.71,transferencia
V-2155,2025-12-22,Diego Torres,Cable HDMI,15,50468.77,transferencia
V-2156,2025-12-22,Martin Castro,Armazon,3,46979.34,transferencia
V-2157,2025-12-22,Pedro Sanchez,Notebook Lenovo,1,597431.55,transferencia
V-2158,2025-12-22,Distribuidora Sur,Hosting mensual,1,11944.47,transferencia
V-2159,2025-12-22,Distribuidora Sur,Detergente 5L,18,78823.93,transferencia
V-2160,2025-12-22,Hotel Plaza,Servicio de mantenimiento,1,29138.33,efectivo
V-2161,2025-12-23,Transportes Rios,Cafe en grano,12,24521.77,transferencia
V-2162,2025-12-23,Consultora Delta,Armazon,4,62027.64,mercadopago
V-2163,2025-12-23,Supermercado Don Pepe,Lapiceras x12,24,61993.59,transferencia
V-2164,2025-12-23,Clinica Belgrano,Pendrive 64GB,3,27782.02,efectivo
V-2165,2025-12-23,Kiosco El Sol,Pendrive 64GB,3,26186.85,efectivo
V-2166,2025-12-23,Ferreteria Nuñez,Resma A4,15,15073.69,efectivo
V-2167,2025-12-23,Comercial Andrade,Cartucho tinta,8,55206.81,mercadopago
V-2168,2025-12-23,Distribuidora Sur,Teclado mecanico,5,206432.77,tarjeta
V-2169,2025-12-23,Carniceria El Toro,Lapiceras x12,23,60697.42,efectivo
V-2170,2025-12-23,Comercial Andrade,Mouse inalambrico,1,10027.92,efectivo
V-2171,2025-12-23,Taller Mecanico Lopez,Bolsas x100,39,45042.15,cheque
V-2172,2025-12-23,Juan Perez,Detergente 5L,18,78383.26,tarjeta
V-2173,2025-12-24,Inmobiliaria Sol,Tornillos x100,48,8340.76,mercadopago
V-2174,2025-12-24,Distribuidora Sur,Tornillos x100,9,1401.71,tarjeta
V-2175,2025-12-24,Optica Vision,Notebook Lenovo,2,1238885.95,tarjeta
V-2176,2025-12-24,Taller Mecanico Lopez,Toner HP,3,26312.26,efectivo
V-2177,2025-12-24,Escuela Sarmiento,Pendrive 64GB,4,32572.44,transferencia
V-2178,2025-12-24,Agropecuaria Campo Verde,Servicio mensual,1,47142.23,tarjeta
V-2179,2025-12-24,Peluqueria Glamour,Auriculares,5,119440.40,efectivo
V-2180,2025-12-24,Diego Torres,Notebook Lenovo,2,1337338.49,transferencia
V-2181,2025-12-24,Gimnasio Fuerza,Servicio de consultoria,1,17865.64,transferencia
V-2182,2025-12-24,Comercial Andrade,Armazon,2,30392.82,transferencia
V-2183,2025-12-24,Peluqueria Glamour,Silla ergonomica,2,174220.26,mercadopago
V-2184,2025-12-24,Comercial Andrade,Teclado mecanico,1,41139.63,transferencia
V-2185,2025-12-24,Constructora Norte,Detergente 5L,10,39699.20,tarjeta
V-2186,2025-12-24,Carniceria El Toro,Armazon,4,66863.20,efectivo
V-2187,2025-12-24,Sofia Ramirez,Toner HP,4,33412.69,transferencia
V-2188,2025-12-24,Carlos Rodriguez,Armazon,4,55872.05,transferencia
V-2189,2025-12-24,Clinica Belgrano,Cuaderno,7,2919.22,efectivo
V-2190,2025-12-25,Carlos Rodriguez,Carpeta A4,7,7829.33,mercadopago
V-2191,2025-12-25,Diego Torres,Detergente 5L,10,38797.86,tarjeta
V-2192,2025-12-25,Constructora Norte,Hosting mensual,1,11579.73,tarjeta
V-2193,2025-12-25,Estudio Contable RyR,Auriculares,7,142647.66,efectivo
V-2194,2025-12-25,Comercial Andrade,Golosinas surtidas,39,5667.62,efectivo
V-2195,2025-12-25,Veterinaria Patitas,Cafe en grano,2,4142.65,tarjeta
V-2196,2025-12-25,Restaurante El Puerto,Licencia software anual,1,118423.88,transferencia
V-2197,2025-12-25,Panaderia Ortiz,Resma A4,32,30081.73,efectivo
V-2198,2025-12-25,Bar La Esquina,Tornillos x100,20,3059.93,efectivo
V-2199,2025-12-25,Almacen La Paz,Bolsas x100,20,22731.85,transferencia
V-2200,2025-12-25,Peluqueria Glamour,Bolsas x100,55,64250.42,tarjeta
V-2201,2025-12-25,Distribuidora Sur,Servicio mensual,1,42564.46,tarjeta
V-2202,2025-12-25,Almacen La Paz,Aceite x12,4,24756.69,transferencia
V-2203,2025-12-25,Pedro Sanchez,Servicio mensual,1,48279.15,tarjeta
V-2204,2025-12-25,Almacen La Paz,Cuaderno,19,8074.24,tarjeta
V-2205,2025-12-26,Lucia Fernandez,Lapiceras x12,15,37035.89,transferencia
V-2206,2025-12-26,Clinica Belgrano,Armazon,3,50619.89,transferencia
V-2207,2025-12-26,Comercial Andrade,Carpeta A4,8,8988.96,transferencia
V-2208,2025-12-26,Escuela Sarmiento,Cable HDMI,6,19790.31,transferencia
V-2209,2025-12-26,Farmacia San Martin,Licencia software anual,1,118341.78,mercadopago
V-2210,2025-12-26,Estudio Contable RyR,Armazon,3,44680.52,efectivo
V-2211,2025-12-26,Distribuidora Sur,Detergente 5L,19,84116.60,transferencia
V-2212,2025-12-26,Mueblerias Hogar,Cable HDMI,13,44238.60,tarjeta
V-2213,2025-12-26,Ana Martinez,Armazon,2,31931.54,tarjeta
V-2214,2025-12-26,Martin Castro,Resma A4,11,10085.20,transferencia
V-2215,2025-12-26,Sofia Ramirez,Servicio de mantenimiento,1,30034.74,mercadopago
V-2216,2025-12-26,Lucia Fernandez,Resma A4,39,39529.00,efectivo
V-2217,2025-12-27,Panaderia Ortiz,Disco SSD 1TB,2,151006.73,transferencia
V-2218,2025-12-27,Farmacia San Martin,Servicio mensual,1,45454.46,mercadopago
V-2219,2025-12-27,Hotel Plaza,Disco SSD 1TB,5,410634.46,tarjeta
V-2220,2025-12-27,Kiosco El Sol,Bolsas x100,12,14284.64,tarjeta
V-2221,2025-12-27,Optica Vision,Lapiceras x12,18,45713.25,tarjeta
V-2222,2025-12-27,Agropecuaria Campo Verde,Bolsas x100,13,13698.42,transferencia
V-2223,2025-12-27,Constructora Norte,Bolsas x100,17,19600.27,tarjeta
V-2224,2025-12-27,Peluqueria Glamour,Cartucho tinta,2,12130.35,tarjeta
V-2225,2025-12-27,Consultora Delta,Disco SSD 1TB,4,294050.94,transferencia
V-2226,2025-12-27,Mueblerias Hogar,Servicio de consultoria,1,18766.02,efectivo
V-2227,2025-12-28,Inmobiliaria Sol,Carpeta A4,37,44004.32,transferencia
V-2228,2025-12-28,Consultora Delta,Pendrive 64GB,8,65230.55,tarjeta
V-2229,2025-12-28,Taller Mecanico Lopez,Tornillos x100,19,2763.73,transferencia
V-2230,2025-12-28,Consultora Delta,Agua mineral x6,14,27427.91,mercadopago
V-2231,2025-12-28,Taller Mecanico Lopez,Aceite x12,1,5862.35,cheque
V-2232,2025-12-28,Gimnasio Fuerza,Servicio mensual,1,40512.60,tarjeta
V-2233,2025-12-28,Valentina Diaz,Armazon,3,42624.19,transferencia
V-2234,2025-12-28,Restaurante El Puerto,Golosinas surtidas,72,11660.41,transferencia
V-2235,2025-12-28,Gimnasio Fuerza,Notebook Lenovo,3,1977523.04,transferencia
V-2236,2025-12-28,Garcia SA,Aceite x12,3,16265.48,tarjeta
V-2237,2025-12-28,Pedro Sanchez,Pendrive 64GB,19,148788.10,mercadopago
V-2238,2025-12-28,Sofia Ramirez,Aceite x12,10,57580.01,transferencia
V-2239,2025-12-28,Constructora Norte,Aceite x12,4,23172.39,transferencia
V-2240,2025-12-28,Hotel Plaza,Cafe en grano,13,27176.69,transferencia
V-2241,2025-12-28,Transportes Rios,Silla ergonomica,1,94923.26,transferencia
V-2242,2025-12-29,Diego Torres,Pendrive 64GB,6,47826.37,mercadopago
V-2243,2025-12-29,Lucia Fernandez,Tornillos x100,46,7039.17,transferencia
V-2244,2025-12-29,Carlos Rodriguez,Tornillos x100,30,4979.87,transferencia
V-2245,2025-12-29,Constructora Norte,Resma A4,32,30065.93,transferencia
V-2246,2025-12-29,Comercial Andrade,Lapiceras x12,6,15053.08,tarjeta
V-2247,2025-12-29,Comercial Andrade,Mouse inalambrico,7,62024.22,efectivo
V-2248,2025-12-29,Ferreteria Nuñez,Agua mineral x6,7,11673.09,transferencia
V-2249,2025-12-29,Comercial Andrade,Agua mineral x6,43,69868.93,mercadopago
V-2250,2025-12-29,Veterinaria Patitas,Toner HP,5,42412.67,efectivo
V-2251,2025-12-29,Agropecuaria Campo Verde,Resma A4,17,15615.65,mercadopago
V-2252,2025-12-29,Escuela Sarmiento,Capacitacion,1,57688.62,transferencia
V-2253,2025-12-29,Carniceria El Toro,Notebook Lenovo,3,1931439.33,transferencia
V-2254,2025-12-29,Restaurante El Puerto,Capacitacion,1,55233.78,transferencia
V-2255,2025-12-29,Supermercado Don Pepe,Carpeta A4,31,34535.25,transferencia
V-2256,2025-12-29,Restaurante El Puerto,Teclado mecanico,4,141280.25,transferencia
V-2257,2025-12-29,Bar La Esquina,Carpeta A4,48,56272.25,tarjeta
V-2258,2025-12-29,Restaurante El Puerto,Toner HP,2,14909.63,tarjeta
V-2259,2025-12-29,Ferreteria Nuñez,Licencia software anual,3,332521.27,mercadopago
V-2260,2025-12-29,Inmobiliaria Sol,Licencia software anual,2,224547.25,transferencia
V-2261,2025-12-30,Lucia Fernandez,Tornillos x100,48,7565.18,tarjeta
V-2262,2025-12-30,Consultora Delta,Cuaderno,27,13062.23,mercadopago
V-2263,2025-12-30,Kiosco El Sol,Detergente 5L,13,59327.07,efectivo
V-2264,2025-12-30,Panaderia Ortiz,Pendrive 64GB,5,44861.16,transferencia
V-2265,2025-12-30,Escuela Sarmiento,Mouse inalambrico,8,81870.67,efectivo
V-2266,2025-12-30,Consultora Delta,Toner HP,5,39912.37,transferencia
V-2267,2025-12-30,Pedro Sanchez,Harina x25kg,4,11611.04,tarjeta
V-2268,2025-12-30,Clinica Belgrano,Silla ergonomica,4,378577.93,tarjeta
V-2269,2025-12-30,Taller Mecanico Lopez,Agua mineral x6,26,43413.75,tarjeta
V-2270,2025-12-30,Diego Torres,Cartucho tinta,8,52402.97,tarjeta
V-2271,2025-12-30,Mueblerias Hogar,Capacitacion,1,58615.53,efectivo
V-2272,2025-12-30,Supermercado Don Pepe,Lapiceras x12,20,50655.29,efectivo
V-2273,2025-12-31,Garcia SA,Cafe en grano,7,12608.03,tarjeta
V-2274,2025-12-31,Marta Gomez,Silla ergonomica,2,205994.36,mercadopago
V-2275,2025-12-31,Panaderia Ortiz,Armazon,2,29727.12,efectivo
V-2276,2025-12-31,Supermercado Don Pepe,Cartucho tinta,7,43156.73,transferencia
V-2277,2025-12-31,Panaderia Ortiz,Golosinas surtidas,35,5735.15,tarjeta
V-2278,2025-12-31,Estudio Contable RyR,Servicio de consultoria,1,18025.23,efectivo
V-2279,2025-12-31,Optica Vision,Resma A4,35,36988.44,transferencia
V-2280,2025-12-31,Kiosco El Sol,Armazon,2,28389.76,transferencia
V-2281,2025-12-31,Libreria Central,Capacitacion,2,111593.21,tarjeta
V-2282,2026-01-01,Lucia Fernandez,Golosinas surtidas,87,13568.25,tarjeta
V-2283,2026-01-01,Comercial Andrade,Cable HDMI,6,20764.69,transferencia
V-2284,2026-01-01,Juan Perez,Golosinas surtidas,27,4358.74,tarjeta
V-2285,2026-01-01,Constructora Norte,Tornillos x100,37,5517.85,efectivo
V-2286,2026-01-01,Farmacia San Martin,Detergente 5L,16,67927.86,mercadopago
V-2287,2026-01-01,Almacen La Paz,Lapiceras x12,11,27505.38,mercadopago
V-2288,2026-01-01,Distribuidora Sur,Aceite x12,2,11449.02,efectivo
V-2289,2026-01-01,Constructora Norte,Mouse inalambrico,10,89297.54,transferencia
V-2290,2026-01-01,Kiosco El Sol,Cable HDMI,9,32162.03,efectivo
V-2291,2026-01-01,Constructora Norte,Monitor 24'',4,693099.31,efectivo
V-2292,2026-01-01,Almacen La Paz,Tornillos x100,8,1357.65,transferencia
V-2293,2026-01-01,Martin Castro,Toner HP,1,7416.05,efectivo
V-2294,2026-01-01,Optica Vision,Harina x25kg,2,5877.02,tarjeta
V-2295,2026-01-02,Lucia Fernandez,Resma A4,18,18166.10,transferencia
V-2296,2026-01-02,Ferreteria Nuñez,Servicio mensual,1,42663.02,cheque
V-2297,2026-01-02,Escuela Sarmiento,Servicio de mantenimiento,1,32407.93,transferencia
V-2298,2026-01-02,Comercial Andrade,Harina x25kg,3,10124.93,cheque
V-2299,2026-01-02,Peluqueria Glamour,Disco SSD 1TB,3,245643.26,transferencia
V-2300,2026-01-02,Distribuidora Sur,Disco SSD 1TB,4,313541.29,efectivo
V-2301,2026-01-02,Peluqueria Glamour,Toner HP,3,23849.41,transferencia
V-2302,2026-01-02,Pedro Sanchez,Hosting mensual,1,10856.84,tarjeta
V-2303,2026-01-02,Panaderia Ortiz,Pendrive 64GB,2,16286.41,efectivo
V-2304,2026-01-03,Supermercado Don Pepe,Resma A4,10,10796.58,mercadopago
V-2305,2026-01-03,Optica Vision,Hosting mensual,1,12645.18,cheque
V-2306,2026-01-03,Martin Castro,Lapiceras x12,18,47453.29,efectivo
V-2307,2026-01-03,Distribuidora Sur,Auriculares,6,130613.48,transferencia
V-2308,2026-01-03,Pedro Sanchez,Armazon,4,56296.16,transferencia
V-2309,2026-01-03,Panaderia Ortiz,Licencia software anual,5,548999.79,tarjeta
V-2310,2026-01-03,Panaderia Ortiz,Silla ergonomica,1,100789.80,efectivo
V-2311,2026-01-04,Ferreteria Nuñez,Cuaderno,40,19323.12,tarjeta
V-2312,2026-01-04,Restaurante El Puerto,Monitor 24'',3,504329.51,transferencia
V-2313,2026-01-04,Ferreteria Nuñez,Aceite x12,10,55441.94,transferencia
V-2314,2026-01-04,Escuela Sarmiento,Bolsas x100,54,58933.60,cheque
V-2315,2026-01-04,Distribuidora Sur,Disco SSD 1TB,4,309017.52,mercadopago
V-2316,2026-01-04,Restaurante El Puerto,Servicio de mantenimiento,1,29053.39,tarjeta
V-2317,2026-01-04,Distribuidora Sur,Pendrive 64GB,20,184182.76,tarjeta
V-2318,2026-01-04,Imprenta Rapida,Lapiceras x12,29,71334.88,tarjeta
V-2319,2026-01-04,Farmacia San Martin,Detergente 5L,15,63074.87,mercadopago
V-2320,2026-01-04,Marta Gomez,Detergente 5L,3,12903.95,efectivo
V-2321,2026-01-04,Comercial Andrade,Cafe en grano,13,27670.42,transferencia
V-2322,2026-01-04,Agropecuaria Campo Verde,Toner HP,3,23696.49,tarjeta
V-2323,2026-01-04,Transportes Rios,Resma A4,19,18389.49,efectivo
V-2324,2026-01-04,Carniceria El Toro,Armazon,4,61609.26,mercadopago
V-2325,2026-01-05,Estudio Contable RyR,Monitor 24'',1,165089.61,mercadopago
V-2326,2026-01-05,Carlos Rodriguez,Auriculares,7,162261.07,tarjeta
V-2327,2026-01-05,Martin Castro,Resma A4,25,23970.00,tarjeta
V-2328,2026-01-05,Consultora Delta,Bolsas x100,52,56927.95,tarjeta
V-2329,2026-01-05,Panaderia Ortiz,Cartucho tinta,3,21249.28,tarjeta
V-2330,2026-01-05,Martin Castro,Harina x25kg,11,30903.62,efectivo
V-2331,2026-01-05,Escuela Sarmiento,Notebook Lenovo,2,1311810.66,transferencia
V-2332,2026-01-05,Almacen La Paz,Servicio mensual,1,49073.81,transferencia
V-2333,2026-01-05,Kiosco El Sol,Agua mineral x6,16,26401.49,transferencia
V-2334,2026-01-05,Sofia Ramirez,Resma A4,24,25536.18,mercadopago
V-2335,2026-01-05,Farmacia San Martin,Lapiceras x12,8,19851.43,transferencia
V-2336,2026-01-06,Almacen La Paz,Notebook Lenovo,1,668974.62,transferencia
V-2337,2026-01-06,Gimnasio Fuerza,Disco SSD 1TB,3,209904.00,mercadopago
V-2338,2026-01-06,Optica Vision,Silla ergonomica,4,382698.48,mercadopago
V-2339,2026-01-06,Agropecuaria Campo Verde,Teclado mecanico,3,123407.23,tarjeta
V-2340,2026-01-06,Mueblerias Hogar,Servicio de consultoria,1,16937.89,tarjeta
V-2341,2026-01-06,Imprenta Rapida,Harina x25kg,12,40818.58,transferencia
V-2342,2026-01-06,Diego Torres,Carpeta A4,34,44339.97,efectivo
V-2343,2026-01-06,Inmobiliaria Sol,Toner HP,6,47690.08,efectivo
V-2344,2026-01-06,Mueblerias Hogar,Monitor 24'',2,369669.10,transferencia
V-2345,2026-01-06,Carniceria El Toro,Servicio mensual,1,44281.58,efectivo
V-2346,2026-01-06,Ana Martinez,Licencia software anual,4,452749.18,mercadopago
V-2347,2026-01-06,Hotel Plaza,Detergente 5L,20,91645.75,efectivo
V-2348,2026-01-06,Peluqueria Glamour,Servicio de consultoria,1,19967.62,efectivo
V-2349,2026-01-06,Transportes Rios,Toner HP,6,48591.55,tarjeta
V-2350,2026-01-06,Almacen La Paz,Armazon,3,49552.13,tarjeta
V-2351,2026-01-06,Libreria Central,Disco SSD 1TB,3,207602.10,tarjeta
V-2352,2026-01-06,Optica Vision,Armazon,2,31327.07,tarjeta
V-2353,2026-01-07,Almacen La Paz,Mouse inalambrico,5,52381.90,tarjeta
V-2354,2026-01-07,Estudio Contable RyR,Bolsas x100,44,52638.89,cheque
V-2355,2026-01-07,Garcia SA,Hosting mensual,1,11015.13,tarjeta
V-2356,2026-01-07,Cafe Colonial,Teclado mecanico,1,37972.68,mercadopago
V-2357,2026-01-07,Mueblerias Hogar,Toner HP,6,48056.68,efectivo
V-2358,2026-01-07,Ana Martinez,Detergente 5L,11,49449.76,transferencia
V-2359,2026-01-07,Escuela Sarmiento,Monitor 24'',4,664488.16,mercadopago
V-2360,2026-01-07,Constructora Norte,Armazon,4,60920.39,transferencia
V-2361,2026-01-07,Consultora Delta,Armazon,2,31046.88,mercadopago
V-2362,2026-01-07,Clinica Belgrano,Aceite x12,5,30429.36,efectivo
V-2363,2026-01-07,Garcia SA,Servicio de consultoria,1,16770.90,transferencia
V-2364,2026-01-07,Agropecuaria Campo Verde,Armazon,3,44966.34,cheque
V-2365,2026-01-07,Carlos Rodriguez,Cafe en grano,10,21893.96,tarjeta
V-2366,2026-01-08,Agropecuaria Campo Verde,Mouse inalambrico,1,10390.61,tarjeta
V-2367,2026-01-08,Libreria Central,Agua mineral x6,29,57183.59,tarjeta
V-2368,2026-01-08,Supermercado Don Pepe,Harina x25kg,10,28882.35,transferencia
V-2369,2026-01-08,Agropecuaria Campo Verde,Hosting mensual,1,12010.22,efectivo
V-2370,2026-01-08,Valentina Diaz,Capacitacion,3,194999.95,transferencia
V-2371,2026-01-08,Garcia SA,Harina x25kg,5,14239.09,tarjeta
V-2372,2026-01-08,Cafe Colonial,Agua mineral x6,42,70354.10,efectivo
V-2373,2026-01-09,Garcia SA,Auriculares,2,44631.79,efectivo
V-2374,2026-01-09,Gimnasio Fuerza,Golosinas surtidas,78,12014.64,transferencia
V-2375,2026-01-09,Carniceria El Toro,Agua mineral x6,19,32810.95,efectivo
V-2376,2026-01-09,Pedro Sanchez,Cable HDMI,13,48294.59,efectivo
V-2377,2026-01-09,Panaderia Ortiz,Detergente 5L,3,12032.91,tarjeta
V-2378,2026-01-09,Bar La Esquina,Agua mineral x6,42,81148.12,tarjeta
V-2379,2026-01-09,Restaurante El Puerto,Licencia software anual,1,110569.84,transferencia
V-2380,2026-01-10,Hotel Plaza,Tornillos x100,10,1464.76,mercadopago
V-2381,2026-01-10,Garcia SA,Servicio mensual,1,41406.05,tarjeta
V-2382,2026-01-10,Clinica Belgrano,Silla ergonomica,6,521699.65,tarjeta
V-2383,2026-01-10,Optica Vision,Harina x25kg,12,40237.77,transferencia
V-2384,2026-01-10,Martin Castro,Servicio de consultoria,1,19090.77,efectivo
V-2385,2026-01-10,Escuela Sarmiento,Toner HP,3,26699.57,cheque
V-2386,2026-01-10,Inmobiliaria Sol,Licencia software anual,5,540601.75,efectivo
V-2387,2026-01-10,Garcia SA,Auriculares,2,41297.04,tarjeta
V-2388,2026-01-10,Ana Martinez,Lapiceras x12,18,45454.70,efectivo
V-2389,2026-01-10,Distribuidora Sur,Toner HP,2,14675.57,transferencia
V-2390,2026-01-10,Consultora Delta,Cable HDMI,12,45694.72,transferencia
V-2391,2026-01-10,Valentina Diaz,Servicio mensual,1,43636.98,efectivo
V-2392,2026-01-10,Constructora Norte,Monitor 24'',4,710792.93,mercadopago
V-2393,2026-01-11,Consultora Delta,Aceite x12,3,16066.74,mercadopago
V-2394,2026-01-11,Mueblerias Hogar,Toner HP,5,42874.54,transferencia
V-2395,2026-01-11,Diego Torres,Hosting mensual,1,13089.03,tarjeta
V-2396,2026-01-11,Consultora Delta,Monitor 24'',4,733871.49,efectivo
V-2397,2026-01-11,Almacen La Paz,Licencia software anual,1,122575.10,transferencia
V-2398,2026-01-11,Kiosco El Sol,Armazon,3,50200.42,tarjeta
V-2399,2026-01-11,Farmacia San Martin,Carpeta A4,7,9169.60,tarjeta
V-2400,2026-01-11,Garcia SA,Cuaderno,38,16594.71,transferencia
V-2401,2026-01-11,Libreria Central,Hosting mensual,1,11830.53,tarjeta
V-2402,2026-01-11,Hotel Plaza,Resma A4,18,18379.39,transferencia
V-2403,2026-01-11,Comercial Andrade,Harina x25kg,3,8387.92,efectivo
V-2404,2026-01-11,Imprenta Rapida,Servicio mensual,1,45607.22,mercadopago
V-2405,2026-01-11,Martin Castro,Cartucho tinta,2,12702.54,transferencia
V-2406,2026-01-11,Martin Castro,Servicio mensual,1,45548.63,mercadopago
V-2407,2026-01-11,Clinica Belgrano,Hosting mensual,1,12177.48,efectivo
V-2408,2026-01-11,Carlos Rodriguez,Teclado mecanico,3,121145.39,transferencia
V-2409,2026-01-11,Consultora Delta,Hosting mensual,1,11996.76,tarjeta
V-2410,2026-01-11,Imprenta Rapida,Toner HP,4,30268.99,tarjeta
V-2411,2026-01-11,Garcia SA,Cafe en grano,11,19893.58,tarjeta
V-2412,2026-01-12,Transportes Rios,Pendrive 64GB,19,177260.94,transferencia
V-2413,2026-01-12,Carniceria El Toro,Capacitacion,2,108888.20,mercadopago
V-2414,2026-01-12,Kiosco El Sol,Notebook Lenovo,2,1275904.37,tarjeta
V-2415,2026-01-12,Consultora Delta,Capacitacion,2,125358.09,transferencia
V-2416,2026-01-12,Imprenta Rapida,Armazon,4,56789.11,tarjeta
V-2417,2026-01-12,Transportes Rios,Notebook Lenovo,2,1190014.07,tarjeta
V-2418,2026-01-12,Cafe Colonial,Agua mineral x6,12,23082.09,transferencia
V-2419,2026-01-12,Distribuidora Sur,Cafe en grano,2,4260.37,transferencia
V-2420,2026-01-13,Ferreteria Nuñez,Harina x25kg,8,23442.65,transferencia
V-2421,2026-01-13,Carniceria El Toro,Carpeta A4,28,35724.51,cheque
V-2422,2026-01-13,Juan Perez,Auriculares,1,20942.63,transferencia
V-2423,2026-01-13,Cafe Colonial,Cuaderno,9,3858.62,efectivo
V-2424,2026-01-13,Distribuidora Sur,Mouse inalambrico,5,50946.92,tarjeta
V-2425,2026-01-13,Panaderia Ortiz,Toner HP,2,15614.64,efectivo
V-2426,2026-01-13,Bar La Esquina,Carpeta A4,31,38218.56,tarjeta
V-2427,2026-01-13,Diego Torres,Cafe en grano,11,21902.88,cheque
V-2428,2026-01-13,Farmacia San Martin,Harina x25kg,9,26370.13,efectivo
V-2429,2026-01-13,Taller Mecanico Lopez,Bolsas x100,10,10676.62,efectivo
V-2430,2026-01-14,Kiosco El Sol,Cable HDMI,14,46117.73,transferencia
V-2431,2026-01-14,Ana Martinez,Silla ergonomica,1,89537.03,tarjeta
V-2432,2026-01-14,Veterinaria Patitas,Mouse inalambrico,4,39103.14,transferencia
V-2433,2026-01-14,Lucia Fernandez,Servicio de mantenimiento,1,33667.12,efectivo
V-2434,2026-01-14,Estudio Contable RyR,Agua mineral x6,14,26952.95,mercadopago
V-2435,2026-01-14,Sofia Ramirez,Cafe en grano,7,13679.61,efectivo
V-2436,2026-01-14,Carlos Rodriguez,Lapiceras x12,8,20275.28,transferencia
V-2437,2026-01-14,Agropecuaria Campo Verde,Teclado mecanico,2,78831.24,tarjeta
V-2438,2026-01-14,Bar La Esquina,Golosinas surtidas,79,12741.59,transferencia
V-2439,2026-01-14,Garcia SA,Carpeta A4,34,38246.16,tarjeta
V-2440,2026-01-14,Bar La Esquina,Lapiceras x12,16,37263.03,mercadopago
V-2441,2026-01-14,Panaderia Ortiz,Resma A4,27,26363.66,tarjeta
V-2442,2026-01-14,Sofia Ramirez,Teclado mecanico,5,183682.10,transferencia
V-2443,2026-01-14,Almacen La Paz,Toner HP,1,8340.77,transferencia
V-2444,2026-01-14,Consultora Delta,Servicio mensual,1,42089.81,tarjeta
V-2445,2026-01-15,Marta Gomez,Silla ergonomica,5,468688.71,tarjeta
V-2446,2026-01-15,Juan Perez,Toner HP,2,14953.21,tarjeta
V-2447,2026-01-15,Consultora Delta,Cafe en grano,3,6038.56,transferencia
V-2448,2026-01-15,Estudio Contable RyR,Licencia software anual,4,469623.18,transferencia
V-2449,2026-01-15,Ana Martinez,Capacitacion,3,171657.61,transferencia
V-2450,2026-01-15,Martin Castro,Servicio mensual,1,46232.09,transferencia
V-2451,2026-01-15,Cafe Colonial,Servicio de consultoria,1,17334.79,tarjeta
V-2452,2026-01-15,Kiosco El Sol,Cuaderno,20,8406.42,transferencia
V-2453,2026-01-16,Comercial Andrade,Harina x25kg,9,25901.43,efectivo
V-2454,2026-01-16,Farmacia San Martin,Teclado mecanico,3,103074.85,mercadopago
V-2455,2026-01-16,Comercial Andrade,Tornillos x100,48,8079.76,tarjeta
V-2456,2026-01-16,Taller Mecanico Lopez,Silla ergonomica,5,427595.61,tarjeta
V-2457,2026-01-16,Restaurante El Puerto,Notebook Lenovo,1,628341.07,efectivo
V-2458,2026-01-16,Panaderia Ortiz,Lapiceras x12,18,40325.51,efectivo
V-2459,2026-01-16,Veterinaria Patitas,Toner HP,3,25776.92,tarjeta
V-2460,2026-01-16,Farmacia San Martin,Cable HDMI,6,23057.13,efectivo
V-2461,2026-01-16,Gimnasio Fuerza,Aceite x12,6,33917.86,transferencia
V-2462,2026-01-17,Martin Castro,Harina x25kg,10,32702.06,tarjeta
V-2463,2026-01-17,Garcia SA,Aceite x12,9,53641.49,transferencia
V-2464,2026-01-17,Panaderia Ortiz,Teclado mecanico,2,78422.38,tarjeta
V-2465,2026-01-17,Almacen La Paz,Servicio de consultoria,1,18787.06,tarjeta
V-2466,2026-01-17,Pedro Sanchez,Cable HDMI,2,6571.38,tarjeta
V-2467,2026-01-17,Sofia Ramirez,Aceite x12,9,55396.01,cheque
V-2468,2026-01-17,Gimnasio Fuerza,Carpeta A4,38,42635.56,mercadopago
V-2469,2026-01-17,Consultora Delta,Mouse inalambrico,10,96378.97,transferencia
V-2470,2026-01-17,Veterinaria Patitas,Notebook Lenovo,3,1867468.92,efectivo
V-2471,2026-01-17,Agropecuaria Campo Verde,Toner HP,4,34313.76,mercadopago
V-2472,2026-01-17,Comercial Andrade,Hosting mensual,1,11492.18,tarjeta
V-2473,2026-01-17,Panaderia Ortiz,Detergente 5L,6,25030.24,tarjeta
V-2474,2026-01-17,Lucia Fernandez,Cuaderno,40,18591.55,tarjeta
V-2475,2026-01-17,Juan Perez,Resma A4,23,20564.01,transferencia
V-2476,2026-01-17,Diego Torres,Capacitacion,3,166443.69,transferencia
V-2477,2026-01-18,Comercial Andrade,Teclado mecanico,3,117653.78,transferencia
V-2478,2026-01-18,Peluqueria Glamour,Golosinas surtidas,64,10327.15,efectivo
V-2479,2026-01-18,Ferreteria Nuñez,Disco SSD 1TB,5,349127.78,efectivo
V-2480,2026-01-18,Ferreteria Nuñez,Golosinas surtidas,45,6658.27,transferencia
V-2481,2026-01-18,Taller Mecanico Lopez,Notebook Lenovo,2,1347367.82,efectivo
V-2482,2026-01-18,Estudio Contable RyR,Agua mineral x6,29,51391.56,mercadopago
V-2483,2026-01-18,Libreria Central,Auriculares,5,112134.85,tarjeta
V-2484,2026-01-18,Distribuidora Sur,Detergente 5L,12,53468.15,efectivo
V-2485,2026-01-18,Valentina Diaz,Servicio mensual,1,41721.22,transferencia
V-2486,2026-01-18,Transportes Rios,Cuaderno,10,4317.60,tarjeta
V-2487,2026-01-18,Inmobiliaria Sol,Mouse inalambrico,7,63057.70,tarjeta
V-2488,2026-01-18,Gimnasio Fuerza,Harina x25kg,10,33696.25,tarjeta
V-2489,2026-01-18,Clinica Belgrano,Teclado mecanico,4,149583.37,tarjeta
V-2490,2026-01-19,Clinica Belgrano,Auriculares,1,24012.96,transferencia
V-2491,2026-01-19,Taller Mecanico Lopez,Golosinas surtidas,98,15896.14,tarjeta
V-2492,2026-01-19,Agropecuaria Campo Verde,Armazon,2,31749.52,mercadopago
V-2493,2026-01-19,Comercial Andrade,Notebook Lenovo,2,1147232.09,tarjeta
V-2494,2026-01-19,Marta Gomez,Disco SSD 1TB,5,372016.56,transferencia
V-2495,2026-01-19,Estudio Contable RyR,Aceite x12,2,11020.34,efectivo
V-2496,2026-01-19,Marta Gomez,Servicio de mantenimiento,1,33219.79,transferencia
V-2497,2026-01-19,Inmobiliaria Sol,Servicio de mantenimiento,1,33290.07,transferencia
V-2498,2026-01-19,Panaderia Ortiz,Cable HDMI,8,25963.86,transferencia
V-2499,2026-01-19,Cafe Colonial,Cuaderno,5,2387.53,efectivo
V-2500,2026-01-19,Martin Castro,Toner HP,1,7290.06,mercadopago
V-2501,2026-01-20,Estudio Contable RyR,Lapiceras x12,5,11393.29,tarjeta
V-2502,2026-01-20,Marta Gomez,Capacitacion,3,177977.37,mercadopago
V-2503,2026-01-20,Libreria Central,Cuaderno,30,13456.04,efectivo
V-2504,2026-01-20,Cafe Colonial,Capacitacion,3,171369.77,efectivo
V-2505,2026-01-20,Panaderia Ortiz,Pendrive 64GB,20,157188.68,tarjeta
V-2506,2026-01-20,Taller Mecanico Lopez,Tornillos x100,14,2382.71,transferencia
V-2507,2026-01-20,Escuela Sarmiento,Cable HDMI,12,42392.12,tarjeta
V-2508,2026-01-20,Diego Torres,Cuaderno,11,5404.50,tarjeta
V-2509,2026-01-20,Estudio Contable RyR,Aceite x12,7,38988.85,tarjeta
V-2510,2026-01-20,Restaurante El Puerto,Capacitacion,2,111556.00,tarjeta
V-2511,2026-01-20,Lucia Fernandez,Servicio de mantenimiento,1,28870.53,transferencia
V-2512,2026-01-20,Juan Perez,Agua mineral x6,47,86628.31,mercadopago
V-2513,2026-01-20,Transportes Rios,Armazon,2,30801.02,transferencia
V-2514,2026-01-20,Peluqueria Glamour,Tornillos x100,27,4320.55,transferencia
V-2515,2026-01-21,Peluqueria Glamour,Carpeta A4,50,60300.67,transferencia
V-2516,2026-01-21,Agropecuaria Campo Verde,Agua mineral x6,14,24453.41,transferencia
V-2517,2026-01-21,Consultora Delta,Bolsas x100,59,68621.33,efectivo
V-2518,2026-01-21,Kiosco El Sol,Detergente 5L,11,50112.93,mercadopago
V-2519,2026-01-21,Escuela Sarmiento,Agua mineral x6,35,61444.19,tarjeta
V-2520,2026-01-21,Peluqueria Glamour,Tornillos x100,41,6833.55,efectivo
V-2521,2026-01-21,Imprenta Rapida,Lapiceras x12,10,22221.23,tarjeta
V-2522,2026-01-21,Constructora Norte,Servicio de mantenimiento,1,32540.76,transferencia
V-2523,2026-01-21,Estudio Contable RyR,Servicio de consultoria,1,17507.31,tarjeta
V-2524,2026-01-21,Supermercado Don Pepe,Detergente 5L,17,68881.86,cheque
V-2525,2026-01-21,Libreria Central,Hosting mensual,1,11053.04,efectivo
V-2526,2026-01-21,Marta Gomez,Mouse inalambrico,7,74395.00,tarjeta
V-2527,2026-01-21,Kiosco El Sol,Toner HP,1,8661.82,tarjeta
V-2528,2026-01-21,Imprenta Rapida,Armazon,1,16813.01,transferencia
V-2529,2026-01-22,Agropecuaria Campo Verde,Monitor 24'',4,667183.20,tarjeta
V-2530,2026-01-22,Restaurante El Puerto,Servicio mensual,1,44919.93,transferencia
V-2531,2026-01-22,Inmobiliaria Sol,Cable HDMI,3,10361.53,efectivo
V-2532,2026-01-22,Estudio Contable RyR,Servicio mensual,1,45738.97,transferencia
V-2533,2026-01-22,Hotel Plaza,Hosting mensual,1,12943.90,efectivo
V-2534,2026-01-22,Inmobiliaria Sol,Servicio de mantenimiento,1,30980.55,tarjeta
V-2535,2026-01-22,Escuela Sarmiento,Capacitacion,1,60844.44,tarjeta
V-2536,2026-01-22,Sofia Ramirez,Armazon,2,32869.89,tarjeta
V-2537,2026-01-22,Distribuidora Sur,Mouse inalambrico,2,19871.08,efectivo
V-2538,2026-01-22,Supermercado Don Pepe,Cuaderno,11,4571.75,transferencia
V-2539,2026-01-22,Restaurante El Puerto,Cartucho tinta,6,35275.83,mercadopago
V-2540,2026-01-22,Kiosco El Sol,Aceite x12,7,41522.12,mercadopago
V-2541,2026-01-22,Agropecuaria Campo Verde,Tornillos x100,23,3367.04,transferencia
V-2542,2026-01-22,Constructora Norte,Lapiceras x12,21,50400.47,tarjeta
V-2543,2026-01-22,Farmacia San Martin,Cartucho tinta,2,13215.21,efectivo
V-2544,2026-01-22,Carlos Rodriguez,Notebook Lenovo,2,1220508.61,transferencia
V-2545,2026-01-22,Valentina Diaz,Disco SSD 1TB,1,69589.33,efectivo
V-2546,2026-01-23,Marta Gomez,Harina x25kg,12,40267.66,transferencia
V-2547,2026-01-23,Kiosco El Sol,Resma A4,7,6716.34,mercadopago
V-2548,2026-01-23,Valentina Diaz,Licencia software anual,5,651523.63,tarjeta
V-2549,2026-01-23,Estudio Contable RyR,Golosinas surtidas,54,8461.79,transferencia
V-2550,2026-01-23,Almacen La Paz,Lapiceras x12,9,22249.46,tarjeta
V-2551,2026-01-23,Marta Gomez,Hosting mensual,1,10851.46,transferencia
V-2552,2026-01-23,Pedro Sanchez,Hosting mensual,1,12082.05,efectivo
V-2553,2026-01-23,Marta Gomez,Cable HDMI,1,3536.75,tarjeta
V-2554,2026-01-23,Almacen La Paz,Mouse inalambrico,3,28986.75,tarjeta
V-2555,2026-01-23,Cafe Colonial,Toner HP,4,29924.59,cheque
V-2556,2026-01-23,Almacen La Paz,Armazon,3,43650.90,mercadopago
V-2557,2026-01-23,Comercial Andrade,Cafe en grano,5,9183.98,transferencia
V-2558,2026-01-23,Carniceria El Toro,Cable HDMI,13,49033.85,tarjeta
V-2559,2026-01-23,Taller Mecanico Lopez,Hosting mensual,1,12895.81,efectivo
V-2560,2026-01-23,Libreria Central,Resma A4,8,7328.72,transferencia
V-2561,2026-01-23,Taller Mecanico Lopez,Harina x25kg,7,22144.49,cheque
V-2562,2026-01-24,Bar La Esquina,Golosinas surtidas,97,14252.65,efectivo
V-2563,2026-01-24,Ana Martinez,Resma A4,21,22612.74,tarjeta
V-2564,2026-01-24,Supermercado Don Pepe,Cable HDMI,14,47598.19,tarjeta
V-2565,2026-01-24,Restaurante El Puerto,Cuaderno,28,13306.13,efectivo
V-2566,2026-01-24,Imprenta Rapida,Cafe en grano,10,21571.91,efectivo
V-2567,2026-01-24,Clinica Belgrano,Lapiceras x12,5,10929.59,efectivo
V-2568,2026-01-24,Ana Martinez,Licencia software anual,4,458859.25,mercadopago
V-2569,2026-01-24,Valentina Diaz,Capacitacion,3,170299.29,transferencia
V-2570,2026-01-24,Taller Mecanico Lopez,Armazon,2,28122.38,efectivo
V-2571,2026-01-24,Garcia SA,Agua mineral x6,34,66745.27,tarjeta
V-2572,2026-01-24,Pedro Sanchez,Notebook Lenovo,2,1184935.90,transferencia
V-2573,2026-01-24,Cafe Colonial,Resma A4,8,7570.08,tarjeta
V-2574,2026-01-24,Juan Perez,Servicio de consultoria,1,18073.25,transferencia
V-2575,2026-01-24,Carniceria El Toro,Mouse inalambrico,3,30340.36,transferencia
V-2576,2026-01-24,Gimnasio Fuerza,Cuaderno,7,3176.18,mercadopago
V-2577,2026-01-24,Farmacia San Martin,Auriculares,6,143159.25,efectivo
V-2578,2026-01-24,Veterinaria Patitas,Servicio de mantenimiento,1,33646.41,efectivo
V-2579,2026-01-24,Marta Gomez,Licencia software anual,4,515111.26,efectivo
V-2580,2026-01-24,Restaurante El Puerto,Cartucho tinta,7,49617.51,efectivo
V-2581,2026-01-25,Agropecuaria Campo Verde,Cartucho tinta,8,51207.88,efectivo
V-2582,2026-01-25,Transportes Rios,Aceite x12,3,18674.24,efectivo
V-2583,2026-01-25,Comercial Andrade,Auriculares,4,81520.96,transferencia
V-2584,2026-01-25,Taller Mecanico Lopez,Detergente 5L,10,38518.51,efectivo
V-2585,2026-01-25,Juan Perez,Cuaderno,26,11866.33,tarjeta
V-2586,2026-01-25,Martin Castro,Armazon,3,47980.84,transferencia
V-2587,2026-01-25,Libreria Central,Cuaderno,25,12006.00,tarjeta
V-2588,2026-01-25,Juan Perez,Servicio de consultoria,1,16682.82,mercadopago
V-2589,2026-01-25,Ana Martinez,Silla ergonomica,6,609253.09,tarjeta
V-2590,2026-01-25,Cafe Colonial,Servicio de mantenimiento,1,30569.25,tarjeta
V-2591,2026-01-25,Consultora Delta,Resma A4,33,30577.84,transferencia
V-2592,2026-01-26,Libreria Central,Silla ergonomica,2,179641.92,transferencia
V-2593,2026-01-26,Juan Perez,Licencia software anual,1,113584.14,transferencia
V-2594,2026-01-26,Imprenta Rapida,Lapiceras x12,29,68769.10,transferencia
V-2595,2026-01-26,Farmacia San Martin,Bolsas x100,19,19064.20,cheque
V-2596,2026-01-26,Juan Perez,Servicio de consultoria,1,18649.63,tarjeta
V-2597,2026-01-26,Sofia Ramirez,Armazon,1,14190.19,transferencia
V-2598,2026-01-26,Agropecuaria Campo Verde,Resma A4,20,18628.01,tarjeta
V-2599,2026-01-26,Almacen La Paz,Capacitacion,3,176974.91,mercadopago
V-2600,2026-01-26,Hotel Plaza,Golosinas surtidas,23,3330.31,transferencia
V-2601,2026-01-26,Restaurante El Puerto,Teclado mecanico,3,113331.62,tarjeta
V-2602,2026-01-27,Panaderia Ortiz,Tornillos x100,28,4071.97,mercadopago
V-2603,2026-01-27,Imprenta Rapida,Servicio de consultoria,1,18903.44,tarjeta
V-2604,2026-01-27,Mueblerias Hogar,Disco SSD 1TB,6,450736.40,efectivo
V-2605,2026-01-27,Juan Perez,Servicio mensual,1,47976.54,efectivo
V-2606,2026-01-27,Ferreteria Nuñez,Golosinas surtidas,68,10735.73,mercadopago
V-2607,2026-01-27,Agropecuaria Campo Verde,Auriculares,4,89151.08,tarjeta
V-2608,2026-01-27,Bar La Esquina,Cable HDMI,7,24690.94,efectivo
V-2609,2026-01-27,Escuela Sarmiento,Lapiceras x12,27,58986.55,efectivo
V-2610,2026-01-27,Carlos Rodriguez,Lapiceras x12,16,36994.09,efectivo
V-2611,2026-01-27,Hotel Plaza,Cuaderno,20,8691.63,transferencia
V-2612,2026-01-28,Sofia Ramirez,Harina x25kg,3,9659.12,efectivo
V-2613,2026-01-28,Gimnasio Fuerza,Carpeta A4,31,36172.40,tarjeta
V-2614,2026-01-28,Martin Castro,Resma A4,28,28570.06,transferencia
V-2615,2026-01-28,Distribuidora Sur,Hosting mensual,1,11351.43,mercadopago
V-2616,2026-01-28,Mueblerias Hogar,Cafe en grano,14,30291.89,efectivo
V-2617,2026-01-28,Veterinaria Patitas,Licencia software anual,3,381301.63,transferencia
V-2618,2026-01-28,Panaderia Ortiz,Resma A4,31,30205.24,tarjeta
V-2619,2026-01-28,Transportes Rios,Agua mineral x6,17,33047.22,transferencia
V-2620,2026-01-28,Valentina Diaz,Toner HP,4,30866.68,efectivo
V-2621,2026-01-28,Juan Perez,Silla ergonomica,6,524513.47,efectivo
V-2622,2026-01-28,Distribuidora Sur,Servicio de consultoria,1,20312.75,tarjeta
V-2623,2026-01-28,Gimnasio Fuerza,Lapiceras x12,14,36316.63,transferencia
V-2624,2026-01-28,Restaurante El Puerto,Bolsas x100,40,41724.63,transferencia
V-2625,2026-01-28,Cafe Colonial,Carpeta A4,26,31770.82,transferencia
V-2626,2026-01-28,Gimnasio Fuerza,Cable HDMI,1,3201.63,mercadopago
V-2627,2026-01-29,Almacen La Paz,Auriculares,7,158029.63,transferencia
V-2628,2026-01-29,Libreria Central,Silla ergonomica,6,528345.03,efectivo
V-2629,2026-01-29,Comercial Andrade,Servicio de mantenimiento,1,29774.44,tarjeta
V-2630,2026-01-29,Sofia Ramirez,Armazon,4,60504.24,transferencia
V-2631,2026-01-29,Estudio Contable RyR,Cable HDMI,10,33455.10,transferencia
V-2632,2026-01-29,Inmobiliaria Sol,Silla ergonomica,3,259252.41,mercadopago
V-2633,2026-01-29,Pedro Sanchez,Servicio de mantenimiento,1,30625.65,transferencia
V-2634,2026-01-29,Ana Martinez,Tornillos x100,14,2034.79,tarjeta
V-2635,2026-01-29,Imprenta Rapida,Aceite x12,10,61327.25,transferencia
V-2636,2026-01-29,Consultora Delta,Cuaderno,15,6235.04,tarjeta
V-2637,2026-01-29,Farmacia San Martin,Cafe en grano,4,7661.57,cheque
V-2638,2026-01-29,Consultora Delta,Disco SSD 1TB,1,81367.74,transferencia
V-2639,2026-01-29,Juan Perez,Servicio mensual,1,40746.15,mercadopago
V-2640,2026-01-29,Garcia SA,Cartucho tinta,4,23434.66,tarjeta
V-2641,2026-01-30,Inmobiliaria Sol,Cuaderno,32,15068.42,transferencia
V-2642,2026-01-30,Bar La Esquina,Monitor 24'',3,585143.48,tarjeta
V-2643,2026-01-30,Distribuidora Sur,Teclado mecanico,4,144796.92,cheque
V-2644,2026-01-30,Gimnasio Fuerza,Cable HDMI,11,35546.76,efectivo
V-2645,2026-01-30,Kiosco El Sol,Cable HDMI,13,42974.22,transferencia
V-2646,2026-01-30,Peluqueria Glamour,Lapiceras x12,12,27510.38,efectivo
V-2647,2026-01-30,Juan Perez,Resma A4,25,26691.75,tarjeta
V-2648,2026-01-30,Valentina Diaz,Auriculares,6,123826.53,efectivo
V-2649,2026-01-30,Comercial Andrade,Carpeta A4,45,48984.87,transferencia
V-2650,2026-01-30,Supermercado Don Pepe,Servicio de mantenimiento,1,34381.53,efectivo
V-2651,2026-01-30,Libreria Central,Aceite x12,8,42421.07,efectivo
V-2652,2026-01-30,Ferreteria Nuñez,Cuaderno,13,5497.33,mercadopago
V-2653,2026-01-30,Kiosco El Sol,Pendrive 64GB,7,53588.05,tarjeta
V-2654,2026-01-30,Juan Perez,Licencia software anual,2,250079.54,tarjeta
V-2655,2026-01-30,Mueblerias Hogar,Aceite x12,10,55635.31,transferencia
V-2656,2026-01-30,Libreria Central,Armazon,4,62377.72,mercadopago
V-2657,2026-01-31,Diego Torres,Capacitacion,1,64500.47,tarjeta
V-2658,2026-01-31,Carniceria El Toro,Agua mineral x6,30,55056.69,tarjeta
V-2659,2026-01-31,Restaurante El Puerto,Toner HP,2,14944.07,tarjeta
V-2660,2026-01-31,Almacen La Paz,Monitor 24'',3,512718.80,transferencia
V-2661,2026-01-31,Gimnasio Fuerza,Monitor 24'',3,557346.19,efectivo
V-2662,2026-01-31,Escuela Sarmiento,Bolsas x100,13,15082.73,efectivo
V-2663,2026-01-31,Taller Mecanico Lopez,Pendrive 64GB,16,138748.80,transferencia
V-2664,2026-01-31,Clinica Belgrano,Aceite x12,9,48376.99,transferencia
V-2665,2026-01-31,Imprenta Rapida,Disco SSD 1TB,3,214272.24,tarjeta
V-2666,2026-01-31,Farmacia San Martin,Hosting mensual,1,11820.48,mercadopago
V-2667,2026-01-31,Veterinaria Patitas,Aceite x12,8,47681.06,tarjeta
V-2668,2026-01-31,Supermercado Don Pepe,Notebook Lenovo,2,1227013.81,tarjeta
V-2669,2026-01-31,Bar La Esquina,Tornillos x100,39,5873.34,mercadopago
V-2670,2026-01-31,Martin Castro,Licencia software anual,5,579562.10,tarjeta
V-2671,2026-02-01,Ferreteria Nuñez,Cable HDMI,1,3711.69,efectivo
V-2672,2026-02-01,Valentina Diaz,Harina x25kg,7,22858.09,transferencia
V-2673,2026-02-01,Carniceria El Toro,Notebook Lenovo,3,1752292.38,transferencia
V-2674,2026-02-01,Supermercado Don Pepe,Tornillos x100,39,6109.62,transferencia
V-2675,2026-02-01,Ana Martinez,Tornillos x100,28,4329.03,tarjeta
V-2676,2026-02-01,Garcia SA,Cafe en grano,2,3628.86,efectivo
V-2677,2026-02-01,Diego Torres,Lapiceras x12,5,12003.60,transferencia
V-2678,2026-02-01,Taller Mecanico Lopez,Cuaderno,24,9772.37,transferencia
V-2679,2026-02-01,Pedro Sanchez,Cable HDMI,2,7438.19,efectivo
V-2680,2026-02-01,Kiosco El Sol,Golosinas surtidas,54,8686.41,transferencia
V-2681,2026-02-01,Clinica Belgrano,Cable HDMI,12,44204.04,transferencia
V-2682,2026-02-01,Panaderia Ortiz,Cable HDMI,14,49408.64,transferencia
V-2683,2026-02-01,Martin Castro,Servicio de mantenimiento,1,30043.42,efectivo
V-2684,2026-02-01,Garcia SA,Hosting mensual,1,11820.37,transferencia
V-2685,2026-02-01,Agropecuaria Campo Verde,Monitor 24'',2,331176.90,tarjeta
V-2686,2026-02-01,Clinica Belgrano,Cuaderno,32,13228.02,tarjeta
V-2687,2026-02-01,Carniceria El Toro,Silla ergonomica,3,308236.95,tarjeta
V-2688,2026-02-01,Constructora Norte,Mouse inalambrico,1,10766.58,mercadopago
V-2689,2026-02-01,Sofia Ramirez,Disco SSD 1TB,5,391093.41,transferencia
V-2690,2026-02-02,Sofia Ramirez,Servicio de consultoria,1,19503.46,tarjeta
V-2691,2026-02-02,Veterinaria Patitas,Servicio de mantenimiento,1,32914.04,transferencia
V-2692,2026-02-02,Optica Vision,Agua mineral x6,10,16543.40,transferencia
V-2693,2026-02-02,Panaderia Ortiz,Silla ergonomica,5,451247.06,tarjeta
V-2694,2026-02-02,Agropecuaria Campo Verde,Capacitacion,2,120561.74,efectivo
V-2695,2026-02-02,Lucia Fernandez,Notebook Lenovo,2,1178501.91,efectivo
V-2696,2026-02-02,Agropecuaria Campo Verde,Capacitacion,1,54438.12,tarjeta
V-2697,2026-02-02,Ana Martinez,Pendrive 64GB,1,8105.85,efectivo
V-2698,2026-02-02,Imprenta Rapida,Hosting mensual,1,12109.41,mercadopago
V-2699,2026-02-02,Escuela Sarmiento,Cafe en grano,7,13891.84,tarjeta
V-2700,2026-02-02,Almacen La Paz,Pendrive 64GB,3,27648.27,efectivo
V-2701,2026-02-02,Optica Vision,Mouse inalambrico,3,30910.49,tarjeta
V-2702,2026-02-02,Bar La Esquina,Toner HP,2,15219.47,transferencia
V-2703,2026-02-02,Inmobiliaria Sol,Teclado mecanico,4,141989.95,tarjeta
V-2704,2026-02-02,Constructora Norte,Cable HDMI,14,49461.43,transferencia
V-2705,2026-02-02,Consultora Delta,Toner HP,4,35612.42,tarjeta
V-2706,2026-02-02,Optica Vision,Licencia software anual,3,364594.35,transferencia
V-2707,2026-02-03,Cafe Colonial,Lapiceras x12,23,51937.26,mercadopago
V-2708,2026-02-03,Ana Martinez,Armazon,3,46240.62,mercadopago
V-2709,2026-02-03,Escuela Sarmiento,Auriculares,3,61567.94,transferencia
V-2710,2026-02-03,Kiosco El Sol,Teclado mecanico,2,70685.31,cheque
V-2711,2026-02-03,Carlos Rodriguez,Servicio de consultoria,1,19245.42,efectivo
V-2712,2026-02-03,Marta Gomez,Cartucho tinta,8,50242.77,tarjeta
V-2713,2026-02-03,Valentina Diaz,Licencia software anual,2,219205.06,mercadopago
V-2714,2026-02-03,Consultora Delta,Armazon,1,16826.43,transferencia
V-2715,2026-02-03,Lucia Fernandez,Auriculares,7,156601.63,tarjeta
V-2716,2026-02-03,Valentina Diaz,Disco SSD 1TB,4,326058.48,tarjeta
V-2717,2026-02-03,Panaderia Ortiz,Detergente 5L,8,30760.64,transferencia
V-2718,2026-02-03,Agropecuaria Campo Verde,Servicio mensual,1,42104.93,transferencia
V-2719,2026-02-03,Mueblerias Hogar,Hosting mensual,1,11592.38,tarjeta
V-2720,2026-02-04,Comercial Andrade,Hosting mensual,1,11302.34,efectivo
V-2721,2026-02-04,Cafe Colonial,Servicio mensual,1,48865.92,transferencia
V-2722,2026-02-04,Imprenta Rapida,Tornillos x100,35,6019.57,transferencia
V-2723,2026-02-04,Sofia Ramirez,Notebook Lenovo,1,621451.45,tarjeta
V-2724,2026-02-04,Bar La Esquina,Silla ergonomica,3,273745.82,transferencia
V-2725,2026-02-04,Escuela Sarmiento,Mouse inalambrico,7,72358.18,tarjeta
V-2726,2026-02-04,Ferreteria Nuñez,Capacitacion,3,173410.99,mercadopago
V-2727,2026-02-04,Consultora Delta,Capacitacion,1,65464.32,efectivo
V-2728,2026-02-04,Diego Torres,Capacitacion,2,121451.66,efectivo
V-2729,2026-02-04,Almacen La Paz,Aceite x12,2,11532.02,efectivo
V-2730,2026-02-04,Transportes Rios,Tornillos x100,6,1030.30,efectivo
V-2731,2026-02-04,Valentina Diaz,Armazon,4,58450.87,mercadopago
V-2732,2026-02-04,Libreria Central,Auriculares,4,85931.25,mercadopago
V-2733,2026-02-04,Inmobiliaria Sol,Servicio de consultoria,1,18285.70,transferencia
V-2734,2026-02-04,Hotel Plaza,Servicio de mantenimiento,1,30902.09,mercadopago
V-2735,2026-02-04,Juan Perez,Lapiceras x12,2,4902.50,tarjeta
V-2736,2026-02-05,Farmacia San Martin,Agua mineral x6,35,61718.50,transferencia
V-2737,2026-02-05,Escuela Sarmiento,Notebook Lenovo,3,1980277.16,cheque
V-2738,2026-02-05,Escuela Sarmiento,Agua mineral x6,34,61081.28,efectivo
V-2739,2026-02-05,Juan Perez,Agua mineral x6,39,74516.33,tarjeta
V-2740,2026-02-05,Libreria Central,Licencia software anual,2,249870.70,mercadopago
V-2741,2026-02-05,Bar La Esquina,Golosinas surtidas,30,4427.62,transferencia
V-2742,2026-02-05,Estudio Contable RyR,Agua mineral x6,50,82121.86,efectivo
V-2743,2026-02-05,Garcia SA,Aceite x12,4,23507.28,transferencia
V-2744,2026-02-05,Optica Vision,Detergente 5L,12,54409.18,mercadopago
V-2745,2026-02-05,Constructora Norte,Servicio de mantenimiento,1,32104.58,tarjeta
V-2746,2026-02-05,Peluqueria Glamour,Detergente 5L,3,11503.69,transferencia
V-2747,2026-02-05,Juan Perez,Aceite x12,2,10653.49,transferencia
V-2748,2026-02-05,Comercial Andrade,Servicio mensual,1,42056.71,transferencia
V-2749,2026-02-05,Transportes Rios,Cartucho tinta,6,36018.17,tarjeta
V-2750,2026-02-05,Transportes Rios,Bolsas x100,10,11145.62,transferencia
V-2751,2026-02-05,Ferreteria Nuñez,Auriculares,2,41206.01,transferencia
V-2752,2026-02-05,Comercial Andrade,Servicio de mantenimiento,1,33707.02,transferencia
V-2753,2026-02-05,Taller Mecanico Lopez,Armazon,4,56807.81,transferencia
V-2754,2026-02-05,Distribuidora Sur,Detergente 5L,8,35262.58,transferencia
V-2755,2026-02-05,Distribuidora Sur,Mouse inalambrico,5,45844.44,tarjeta
V-2756,2026-02-05,Consultora Delta,Teclado mecanico,2,81096.18,mercadopago
V-2757,2026-02-06,Sofia Ramirez,Tornillos x100,23,3502.88,transferencia
V-2758,2026-02-06,Gimnasio Fuerza,Silla ergonomica,3,289485.68,efectivo
V-2759,2026-02-06,Optica Vision,Lapiceras x12,16,40930.56,transferencia
V-2760,2026-02-06,Carniceria El Toro,Capacitacion,3,175884.50,tarjeta
V-2761,2026-02-06,Restaurante El Puerto,Bolsas x100,32,34122.33,transferencia
V-2762,2026-02-06,Consultora Delta,Bolsas x100,37,41120.12,transferencia
V-2763,2026-02-06,Transportes Rios,Disco SSD 1TB,2,142746.42,transferencia
V-2764,2026-02-06,Libreria Central,Auriculares,2,44149.86,tarjeta
V-2765,2026-02-06,Pedro Sanchez,Monitor 24'',3,526206.54,efectivo
V-2766,2026-02-06,Estudio Contable RyR,Carpeta A4,7,8101.59,tarjeta
V-2767,2026-02-06,Escuela Sarmiento,Pendrive 64GB,1,7919.88,transferencia
V-2768,2026-02-07,Gimnasio Fuerza,Agua mineral x6,11,18560.96,transferencia
V-2769,2026-02-07,Sofia Ramirez,Monitor 24'',2,378147.25,efectivo
V-2770,2026-02-07,Escuela Sarmiento,Monitor 24'',4,753257.50,efectivo
V-2771,2026-02-07,Escuela Sarmiento,Aceite x12,6,34890.44,efectivo
V-2772,2026-02-07,Supermercado Don Pepe,Cuaderno,7,3446.58,efectivo
V-2773,2026-02-07,Almacen La Paz,Carpeta A4,37,40917.76,efectivo
V-2774,2026-02-07,Optica Vision,Servicio de mantenimiento,1,32595.69,tarjeta
V-2775,2026-02-07,Inmobiliaria Sol,Auriculares,5,118505.10,transferencia
V-2776,2026-02-07,Veterinaria Patitas,Servicio de mantenimiento,1,29631.30,efectivo
V-2777,2026-02-07,Panaderia Ortiz,Notebook Lenovo,1,596349.92,efectivo
V-2778,2026-02-07,Comercial Andrade,Monitor 24'',4,671809.26,efectivo
V-2779,2026-02-08,Ferreteria Nuñez,Servicio mensual,1,43211.54,transferencia
V-2780,2026-02-08,Taller Mecanico Lopez,Pendrive 64GB,7,58744.93,transferencia
V-2781,2026-02-08,Optica Vision,Cartucho tinta,6,35138.57,transferencia
V-2782,2026-02-08,Ana Martinez,Silla ergonomica,5,492744.71,mercadopago
V-2783,2026-02-08,Taller Mecanico Lopez,Detergente 5L,14,62696.64,efectivo
V-2784,2026-02-08,Distribuidora Sur,Toner HP,4,29992.70,tarjeta
V-2785,2026-02-08,Almacen La Paz,Harina x25kg,6,19789.62,tarjeta
V-2786,2026-02-08,Mueblerias Hogar,Cartucho tinta,2,12601.85,transferencia
V-2787,2026-02-08,Taller Mecanico Lopez,Carpeta A4,43,48278.61,tarjeta
V-2788,2026-02-08,Cafe Colonial,Harina x25kg,10,33004.08,tarjeta
V-2789,2026-02-09,Distribuidora Sur,Mouse inalambrico,2,20170.66,tarjeta
V-2790,2026-02-09,Ferreteria Nuñez,Notebook Lenovo,1,595440.30,transferencia
V-2791,2026-02-09,Restaurante El Puerto,Agua mineral x6,16,28372.10,transferencia
V-2792,2026-02-09,Clinica Belgrano,Detergente 5L,17,64757.32,transferencia
V-2793,2026-02-09,Transportes Rios,Mouse inalambrico,9,94095.86,efectivo
V-2794,2026-02-09,Constructora Norte,Armazon,1,15983.19,efectivo
V-2795,2026-02-09,Agropecuaria Campo Verde,Servicio de consultoria,1,17830.40,tarjeta
V-2796,2026-02-09,Constructora Norte,Detergente 5L,16,60635.75,tarjeta
V-2797,2026-02-09,Bar La Esquina,Notebook Lenovo,2,1221395.34,tarjeta
V-2798,2026-02-10,Escuela Sarmiento,Hosting mensual,1,12004.95,efectivo
V-2799,2026-02-10,Bar La Esquina,Pendrive 64GB,18,167436.17,efectivo
V-2800,2026-02-10,Ferreteria Nuñez,Teclado mecanico,5,199865.21,transferencia
V-2801,2026-02-10,Peluqueria Glamour,Harina x25kg,11,32448.45,efectivo
V-2802,2026-02-10,Marta Gomez,Cable HDMI,14,48558.90,tarjeta
V-2803,2026-02-10,Transportes Rios,Notebook Lenovo,1,665619.19,tarjeta
V-2804,2026-02-10,Farmacia San Martin,Carpeta A4,43,53523.52,tarjeta
V-2805,2026-02-10,Garcia SA,Detergente 5L,11,48665.54,tarjeta
V-2806,2026-02-10,Garcia SA,Tornillos x100,23,3574.67,tarjeta
V-2807,2026-02-11,Gimnasio Fuerza,Cuaderno,7,3210.34,efectivo
V-2808,2026-02-11,Ferreteria Nuñez,Cartucho tinta,7,43212.50,tarjeta
V-2809,2026-02-11,Almacen La Paz,Golosinas surtidas,38,5851.53,mercadopago
V-2810,2026-02-11,Taller Mecanico Lopez,Armazon,4,64343.50,mercadopago
V-2811,2026-02-11,Juan Perez,Carpeta A4,38,46229.90,transferencia
V-2812,2026-02-11,Estudio Contable RyR,Armazon,1,14404.93,tarjeta
V-2813,2026-02-11,Lucia Fernandez,Cable HDMI,2,6772.88,tarjeta
V-2814,2026-02-11,Farmacia San Martin,Servicio de consultoria,1,20166.33,efectivo
V-2815,2026-02-11,Almacen La Paz,Cable HDMI,15,48082.47,mercadopago
V-2816,2026-02-11,Lucia Fernandez,Hosting mensual,1,12170.15,tarjeta
V-2817,2026-02-11,Marta Gomez,Cartucho tinta,4,27010.14,tarjeta
V-2818,2026-02-11,Almacen La Paz,Silla ergonomica,2,199907.32,transferencia
V-2819,2026-02-11,Peluqueria Glamour,Bolsas x100,54,55666.28,efectivo
V-2820,2026-02-11,Restaurante El Puerto,Licencia software anual,4,519335.66,transferencia
V-2821,2026-02-12,Clinica Belgrano,Teclado mecanico,2,68684.53,efectivo
V-2822,2026-02-12,Imprenta Rapida,Aceite x12,5,28285.91,transferencia
V-2823,2026-02-12,Supermercado Don Pepe,Cafe en grano,2,4167.21,transferencia
V-2824,2026-02-12,Martin Castro,Cuaderno,34,15569.02,transferencia
V-2825,2026-02-12,Comercial Andrade,Mouse inalambrico,8,85140.40,transferencia
V-2826,2026-02-12,Panaderia Ortiz,Harina x25kg,7,23100.21,tarjeta
V-2827,2026-02-12,Optica Vision,Cable HDMI,8,26379.57,efectivo
V-2828,2026-02-12,Agropecuaria Campo Verde,Aceite x12,7,36167.49,mercadopago
V-2829,2026-02-12,Gimnasio Fuerza,Agua mineral x6,36,65594.78,transferencia
V-2830,2026-02-12,Restaurante El Puerto,Cable HDMI,9,30675.91,efectivo
V-2831,2026-02-12,Cafe Colonial,Monitor 24'',4,652257.30,tarjeta
V-2832,2026-02-12,Clinica Belgrano,Licencia software anual,3,364672.26,cheque
V-2833,2026-02-13,Diego Torres,Servicio de consultoria,1,18708.83,cheque
V-2834,2026-02-13,Martin Castro,Mouse inalambrico,9,81703.14,mercadopago
V-2835,2026-02-13,Ana Martinez,Toner HP,1,7931.11,cheque
V-2836,2026-02-13,Optica Vision,Servicio de mantenimiento,1,29943.18,efectivo
V-2837,2026-02-13,Gimnasio Fuerza,Cable HDMI,7,24745.34,efectivo
V-2838,2026-02-13,Hotel Plaza,Teclado mecanico,5,181597.43,tarjeta
V-2839,2026-02-13,Carniceria El Toro,Detergente 5L,12,50423.23,tarjeta
V-2840,2026-02-13,Transportes Rios,Pendrive 64GB,13,110385.81,transferencia
V-2841,2026-02-13,Libreria Central,Auriculares,8,163925.27,tarjeta
V-2842,2026-02-13,Libreria Central,Servicio de consultoria,1,19472.86,efectivo
V-2843,2026-02-13,Clinica Belgrano,Toner HP,4,32919.42,cheque
V-2844,2026-02-13,Cafe Colonial,Teclado mecanico,2,78073.54,transferencia
V-2845,2026-02-13,Ferreteria Nuñez,Licencia software anual,5,600403.35,tarjeta
V-2846,2026-02-13,Imprenta Rapida,Cable HDMI,7,26682.90,tarjeta
V-2847,2026-02-13,Ferreteria Nuñez,Tornillos x100,41,6724.65,mercadopago
V-2848,2026-02-13,Carlos Rodriguez,Servicio de consultoria,1,18692.61,efectivo
V-2849,2026-02-13,Taller Mecanico Lopez,Tornillos x100,34,5297.54,transferencia
V-2850,2026-02-13,Restaurante El Puerto,Auriculares,4,84879.95,transferencia
V-2851,2026-02-13,Transportes Rios,Servicio de consultoria,1,18787.13,transferencia
V-2852,2026-02-13,Libreria Central,Licencia software anual,4,527012.48,cheque
V-2853,2026-02-13,Martin Castro,Lapiceras x12,22,48693.82,efectivo
V-2854,2026-02-13,Kiosco El Sol,Pendrive 64GB,6,48397.61,transferencia
V-2855,2026-02-13,Inmobiliaria Sol,Notebook Lenovo,3,1925796.52,cheque
V-2856,2026-02-13,Clinica Belgrano,Pendrive 64GB,13,101005.08,mercadopago
V-2857,2026-02-14,Martin Castro,Carpeta A4,50,60448.10,tarjeta
V-2858,2026-02-14,Marta Gomez,Cartucho tinta,1,6420.08,transferencia
V-2859,2026-02-14,Peluqueria Glamour,Mouse inalambrico,1,9532.21,tarjeta
V-2860,2026-02-14,Estudio Contable RyR,Monitor 24'',4,761388.99,transferencia
V-2861,2026-02-14,Bar La Esquina,Aceite x12,10,59890.79,efectivo
V-2862,2026-02-14,Panaderia Ortiz,Armazon,4,63941.06,mercadopago
V-2863,2026-02-14,Estudio Contable RyR,Hosting mensual,1,11304.20,transferencia
V-2864,2026-02-14,Diego Torres,Bolsas x100,9,9817.32,efectivo
V-2865,2026-02-14,Sofia Ramirez,Disco SSD 1TB,3,217909.93,transferencia
V-2866,2026-02-14,Martin Castro,Monitor 24'',3,547368.97,transferencia
V-2867,2026-02-14,Garcia SA,Golosinas surtidas,38,5724.83,transferencia
V-2868,2026-02-14,Lucia Fernandez,Armazon,3,48488.37,mercadopago
V-2869,2026-02-14,Escuela Sarmiento,Tornillos x100,41,6735.67,efectivo
V-2870,2026-02-15,Distribuidora Sur,Detergente 5L,11,43007.04,transferencia
V-2871,2026-02-15,Supermercado Don Pepe,Cuaderno,29,12416.57,transferencia
V-2872,2026-02-15,Comercial Andrade,Servicio mensual,1,41835.27,transferencia
V-2873,2026-02-15,Inmobiliaria Sol,Cable HDMI,9,33046.38,tarjeta
V-2874,2026-02-15,Panaderia Ortiz,Licencia software anual,2,262675.36,tarjeta
V-2875,2026-02-15,Pedro Sanchez,Lapiceras x12,12,28934.42,efectivo
V-2876,2026-02-15,Inmobiliaria Sol,Silla ergonomica,6,532279.78,tarjeta
V-2877,2026-02-15,Kiosco El Sol,Silla ergonomica,4,343081.68,transferencia
V-2878,2026-02-15,Consultora Delta,Cuaderno,18,7653.38,tarjeta
V-2879,2026-02-15,Carlos Rodriguez,Cable HDMI,13,42038.28,tarjeta
V-2880,2026-02-15,Inmobiliaria Sol,Monitor 24'',1,192239.18,mercadopago
V-2881,2026-02-15,Juan Perez,Cable HDMI,4,13617.97,tarjeta
V-2882,2026-02-15,Consultora Delta,Toner HP,3,24336.04,tarjeta
V-2883,2026-02-15,Marta Gomez,Cartucho tinta,2,14223.14,tarjeta
V-2884,2026-02-15,Libreria Central,Lapiceras x12,9,20497.07,efectivo
V-2885,2026-02-15,Transportes Rios,Agua mineral x6,20,34044.05,transferencia
V-2886,2026-02-16,Ferreteria Nuñez,Licencia software anual,3,363742.25,efectivo
V-2887,2026-02-16,Distribuidora Sur,Cable HDMI,14,53091.17,tarjeta
V-2888,2026-02-16,Mueblerias Hogar,Notebook Lenovo,1,586220.69,efectivo
V-2889,2026-02-16,Marta Gomez,Silla ergonomica,4,349468.54,transferencia
V-2890,2026-02-16,Bar La Esquina,Agua mineral x6,9,15216.42,tarjeta
V-2891,2026-02-16,Mueblerias Hogar,Silla ergonomica,2,174795.28,transferencia
V-2892,2026-02-16,Mueblerias Hogar,Silla ergonomica,3,288951.77,tarjeta
V-2893,2026-02-16,Sofia Ramirez,Carpeta A4,12,15033.55,efectivo
V-2894,2026-02-16,Farmacia San Martin,Servicio mensual,1,49430.14,efectivo
V-2895,2026-02-17,Libreria Central,Licencia software anual,3,359467.57,transferencia
V-2896,2026-02-17,Lucia Fernandez,Silla ergonomica,5,454456.79,transferencia
V-2897,2026-02-17,Valentina Diaz,Cartucho tinta,4,25173.94,tarjeta
V-2898,2026-02-17,Libreria Central,Agua mineral x6,33,54784.26,tarjeta
V-2899,2026-02-17,Optica Vision,Harina x25kg,10,30817.14,transferencia
V-2900,2026-02-17,Estudio Contable RyR,Disco SSD 1TB,4,310378.57,mercadopago
V-2901,2026-02-17,Carniceria El Toro,Monitor 24'',3,554891.36,efectivo
V-2902,2026-02-17,Ana Martinez,Servicio mensual,1,47365.67,transferencia
V-2903,2026-02-17,Escuela Sarmiento,Cuaderno,25,11849.45,transferencia
V-2904,2026-02-17,Panaderia Ortiz,Cuaderno,18,8215.03,transferencia
V-2905,2026-02-17,Optica Vision,Servicio mensual,1,47572.30,tarjeta
V-2906,2026-02-17,Escuela Sarmiento,Tornillos x100,25,4365.37,efectivo
V-2907,2026-02-17,Consultora Delta,Hosting mensual,1,12671.41,transferencia
V-2908,2026-02-17,Lucia Fernandez,Aceite x12,8,49561.09,tarjeta
V-2909,2026-02-17,Imprenta Rapida,Cuaderno,26,12230.50,tarjeta
V-2910,2026-02-17,Clinica Belgrano,Teclado mecanico,5,185954.60,transferencia
V-2911,2026-02-17,Gimnasio Fuerza,Mouse inalambrico,1,10718.61,tarjeta
V-2912,2026-02-18,Garcia SA,Golosinas surtidas,78,12324.89,efectivo
V-2913,2026-02-18,Farmacia San Martin,Servicio mensual,1,46458.49,transferencia
V-2914,2026-02-18,Pedro Sanchez,Armazon,1,14947.72,transferencia
V-2915,2026-02-18,Cafe Colonial,Cartucho tinta,4,27546.87,tarjeta
V-2916,2026-02-18,Taller Mecanico Lopez,Pendrive 64GB,9,70484.57,transferencia
V-2917,2026-02-18,Mueblerias Hogar,Cable HDMI,8,30472.37,tarjeta
V-2918,2026-02-18,Diego Torres,Notebook Lenovo,3,1819103.44,transferencia
V-2919,2026-02-18,Estudio Contable RyR,Licencia software anual,5,585002.28,transferencia
V-2920,2026-02-18,Sofia Ramirez,Harina x25kg,6,18740.97,mercadopago
V-2921,2026-02-18,Kiosco El Sol,Toner HP,4,30030.17,transferencia
V-2922,2026-02-18,Panaderia Ortiz,Disco SSD 1TB,6,442239.96,mercadopago
V-2923,2026-02-18,Valentina Diaz,Servicio de mantenimiento,1,32474.16,transferencia
V-2924,2026-02-18,Farmacia San Martin,Cafe en grano,7,14203.65,tarjeta
V-2925,2026-02-18,Distribuidora Sur,Capacitacion,2,124549.68,efectivo
V-2926,2026-02-18,Hotel Plaza,Resma A4,25,27013.14,mercadopago
V-2927,2026-02-18,Transportes Rios,Monitor 24'',2,337258.08,transferencia
V-2928,2026-02-18,Farmacia San Martin,Armazon,3,43700.56,transferencia
V-2929,2026-02-18,Bar La Esquina,Cable HDMI,15,47492.95,tarjeta
V-2930,2026-02-19,Marta Gomez,Teclado mecanico,4,161304.37,efectivo
V-2931,2026-02-19,Agropecuaria Campo Verde,Notebook Lenovo,3,1812932.46,tarjeta
V-2932,2026-02-19,Imprenta Rapida,Notebook Lenovo,3,1998786.09,efectivo
V-2933,2026-02-19,Kiosco El Sol,Silla ergonomica,3,289264.48,efectivo
V-2934,2026-02-19,Bar La Esquina,Servicio de mantenimiento,1,35035.06,tarjeta
V-2935,2026-02-19,Transportes Rios,Hosting mensual,1,12177.42,tarjeta
V-2936,2026-02-19,Almacen La Paz,Servicio mensual,1,47404.04,efectivo
V-2937,2026-02-19,Panaderia Ortiz,Monitor 24'',4,776067.23,efectivo
V-2938,2026-02-19,Veterinaria Patitas,Resma A4,16,16308.36,tarjeta
V-2939,2026-02-19,Almacen La Paz,Disco SSD 1TB,6,471551.28,mercadopago
V-2940,2026-02-19,Cafe Colonial,Mouse inalambrico,10,93958.75,efectivo
V-2941,2026-02-19,Almacen La Paz,Servicio de consultoria,1,17483.35,transferencia
V-2942,2026-02-19,Imprenta Rapida,Pendrive 64GB,8,69147.52,tarjeta
V-2943,2026-02-19,Agropecuaria Campo Verde,Agua mineral x6,47,79529.61,mercadopago
V-2944,2026-02-19,Panaderia Ortiz,Carpeta A4,50,64406.92,transferencia
V-2945,2026-02-20,Estudio Contable RyR,Golosinas surtidas,46,6635.70,transferencia
V-2946,2026-02-20,Carniceria El Toro,Licencia software anual,1,126707.12,transferencia
V-2947,2026-02-20,Supermercado Don Pepe,Resma A4,25,26584.25,efectivo
V-2948,2026-02-20,Consultora Delta,Servicio mensual,1,41969.60,transferencia
V-2949,2026-02-20,Garcia SA,Auriculares,4,92793.28,transferencia
V-2950,2026-02-20,Pedro Sanchez,Carpeta A4,33,36615.03,transferencia
V-2951,2026-02-20,Sofia Ramirez,Pendrive 64GB,7,58076.96,tarjeta
V-2952,2026-02-20,Mueblerias Hogar,Servicio mensual,1,47438.85,efectivo
V-2953,2026-02-20,Mueblerias Hogar,Resma A4,16,15861.24,efectivo
V-2954,2026-02-20,Bar La Esquina,Toner HP,2,17031.40,mercadopago
V-2955,2026-02-20,Imprenta Rapida,Cable HDMI,10,34008.73,tarjeta
V-2956,2026-02-20,Hotel Plaza,Servicio mensual,1,47698.12,tarjeta
V-2957,2026-02-20,Garcia SA,Lapiceras x12,5,13067.75,transferencia
V-2958,2026-02-20,Estudio Contable RyR,Hosting mensual,1,11760.74,tarjeta
V-2959,2026-02-20,Lucia Fernandez,Cuaderno,9,3996.66,transferencia
V-2960,2026-02-20,Pedro Sanchez,Bolsas x100,10,11330.95,mercadopago
V-2961,2026-02-20,Imprenta Rapida,Servicio de consultoria,1,19349.63,transferencia
V-2962,2026-02-21,Comercial Andrade,Pendrive 64GB,8,63612.07,transferencia
V-2963,2026-02-21,Juan Perez,Golosinas surtidas,37,5766.53,transferencia
V-2964,2026-02-21,Restaurante El Puerto,Hosting mensual,1,12879.23,tarjeta
V-2965,2026-02-21,Libreria Central,Teclado mecanico,2,74772.44,mercadopago
V-2966,2026-02-21,Bar La Esquina,Golosinas surtidas,43,6275.94,efectivo
V-2967,2026-02-21,Constructora Norte,Servicio de consultoria,1,17405.08,tarjeta
V-2968,2026-02-21,Garcia SA,Auriculares,5,112682.10,efectivo
V-2969,2026-02-21,Juan Perez,Harina x25kg,2,6682.14,efectivo
V-2970,2026-02-21,Pedro Sanchez,Golosinas surtidas,72,9820.44,efectivo
V-2971,2026-02-21,Estudio Contable RyR,Cable HDMI,9,29419.36,transferencia
V-2972,2026-02-21,Kiosco El Sol,Carpeta A4,19,20940.08,transferencia
V-2973,2026-02-22,Carniceria El Toro,Silla ergonomica,4,416736.03,tarjeta
V-2974,2026-02-22,Comercial Andrade,Pendrive 64GB,20,180520.45,transferencia
V-2975,2026-02-22,Carniceria El Toro,Silla ergonomica,3,263807.32,tarjeta
V-2976,2026-02-22,Agropecuaria Campo Verde,Licencia software anual,1,119466.96,transferencia
V-2977,2026-02-22,Panaderia Ortiz,Cafe en grano,10,18519.23,transferencia
V-2978,2026-02-22,Restaurante El Puerto,Resma A4,11,11363.21,mercadopago
V-2979,2026-02-22,Libreria Central,Toner HP,2,15312.96,efectivo
V-2980,2026-02-22,Transportes Rios,Cuaderno,26,12192.48,efectivo
V-2981,2026-02-22,Consultora Delta,Lapiceras x12,18,43866.72,efectivo
V-2982,2026-02-22,Panaderia Ortiz,Golosinas surtidas,61,9007.30,tarjeta
V-2983,2026-02-22,Pedro Sanchez,Auriculares,1,23090.92,tarjeta
V-2984,2026-02-22,Comercial Andrade,Hosting mensual,1,13150.87,transferencia
V-2985,2026-02-23,Imprenta Rapida,Notebook Lenovo,1,578073.77,transferencia
V-2986,2026-02-23,Carlos Rodriguez,Silla ergonomica,4,407183.71,tarjeta
V-2987,2026-02-23,Ana Martinez,Capacitacion,3,176603.65,tarjeta
V-2988,2026-02-23,Consultora Delta,Aceite x12,9,50682.99,efectivo
V-2989,2026-02-23,Libreria Central,Lapiceras x12,12,27862.59,transferencia
V-2990,2026-02-23,Transportes Rios,Hosting mensual,1,12652.82,efectivo
V-2991,2026-02-23,Farmacia San Martin,Detergente 5L,12,53053.75,transferencia
V-2992,2026-02-23,Carniceria El Toro,Armazon,4,63764.43,transferencia
V-2993,2026-02-23,Bar La Esquina,Cafe en grano,9,19188.28,tarjeta
V-2994,2026-02-23,Lucia Fernandez,Cuaderno,13,6286.77,tarjeta
V-2995,2026-02-23,Peluqueria Glamour,Cartucho tinta,2,14212.36,transferencia
V-2996,2026-02-23,Supermercado Don Pepe,Capacitacion,3,169015.61,efectivo
V-2997,2026-02-24,Panaderia Ortiz,Servicio mensual,1,45230.17,tarjeta
V-2998,2026-02-24,Carniceria El Toro,Lapiceras x12,18,39286.04,tarjeta
V-2999,2026-02-24,Inmobiliaria Sol,Cafe en grano,13,28325.25,transferencia
V-3000,2026-02-24,Cafe Colonial,Tornillos x100,11,1823.50,transferencia
V-3001,2026-02-24,Cafe Colonial,Auriculares,3,66538.84,tarjeta
V-3002,2026-02-24,Constructora Norte,Servicio mensual,1,40940.21,transferencia
V-3003,2026-02-24,Escuela Sarmiento,Carpeta A4,38,49904.72,tarjeta
V-3004,2026-02-24,Farmacia San Martin,Golosinas surtidas,58,7830.62,efectivo
V-3005,2026-02-24,Cafe Colonial,Detergente 5L,11,43508.89,tarjeta
V-3006,2026-02-24,Distribuidora Sur,Resma A4,8,8324.19,transferencia
V-3007,2026-02-24,Taller Mecanico Lopez,Capacitacion,1,63175.12,tarjeta
V-3008,2026-02-24,Mueblerias Hogar,Tornillos x100,46,7240.78,transferencia
V-3009,2026-02-24,Consultora Delta,Capacitacion,2,109692.76,transferencia
V-3010,2026-02-24,Mueblerias Hogar,Mouse inalambrico,2,20485.84,mercadopago
V-3011,2026-02-25,Consultora Delta,Golosinas surtidas,46,6821.87,efectivo
V-3012,2026-02-25,Inmobiliaria Sol,Servicio de consultoria,1,18576.30,transferencia
V-3013,2026-02-25,Sofia Ramirez,Agua mineral x6,43,76952.77,transferencia
V-3014,2026-02-25,Transportes Rios,Toner HP,5,42467.59,transferencia
V-3015,2026-02-25,Juan Perez,Carpeta A4,26,33541.47,tarjeta
V-3016,2026-02-25,Transportes Rios,Carpeta A4,21,23248.70,tarjeta
V-3017,2026-02-25,Diego Torres,Tornillos x100,50,8306.30,efectivo
V-3018,2026-02-25,Martin Castro,Cafe en grano,10,18412.20,mercadopago
V-3019,2026-02-25,Diego Torres,Pendrive 64GB,12,96722.37,efectivo
V-3020,2026-02-25,Estudio Contable RyR,Teclado mecanico,4,138522.24,efectivo
V-3021,2026-02-25,Peluqueria Glamour,Aceite x12,5,30806.97,transferencia
V-3022,2026-02-25,Ferreteria Nuñez,Detergente 5L,10,46057.93,transferencia
V-3023,2026-02-25,Mueblerias Hogar,Bolsas x100,56,61421.96,tarjeta
V-3024,2026-02-25,Estudio Contable RyR,Servicio de mantenimiento,1,33060.02,cheque
V-3025,2026-02-25,Martin Castro,Capacitacion,3,179563.03,efectivo
V-3026,2026-02-26,Pedro Sanchez,Mouse inalambrico,10,98371.75,transferencia
V-3027,2026-02-26,Estudio Contable RyR,Toner HP,5,43239.47,tarjeta
V-3028,2026-02-26,Martin Castro,Toner HP,2,15748.67,tarjeta
V-3029,2026-02-26,Sofia Ramirez,Mouse inalambrico,1,9500.72,efectivo
V-3030,2026-02-26,Almacen La Paz,Servicio de mantenimiento,1,34817.26,efectivo
V-3031,2026-02-26,Garcia SA,Servicio de consultoria,1,18747.64,tarjeta
V-3032,2026-02-26,Clinica Belgrano,Harina x25kg,3,8913.63,efectivo
V-3033,2026-02-26,Farmacia San Martin,Cable HDMI,8,29956.81,tarjeta
V-3034,2026-02-26,Taller Mecanico Lopez,Detergente 5L,13,52987.97,transferencia
V-3035,2026-02-26,Farmacia San Martin,Hosting mensual,1,11578.83,efectivo
V-3036,2026-02-26,Valentina Diaz,Tornillos x100,18,2913.68,tarjeta
V-3037,2026-02-26,Libreria Central,Cable HDMI,7,25741.26,efectivo
V-3038,2026-02-27,Cafe Colonial,Pendrive 64GB,3,24652.19,tarjeta
V-3039,2026-02-27,Lucia Fernandez,Hosting mensual,1,11559.68,transferencia
V-3040,2026-02-27,Imprenta Rapida,Cable HDMI,2,7195.23,tarjeta
V-3041,2026-02-27,Carlos Rodriguez,Agua mineral x6,16,30277.81,transferencia
V-3042,2026-02-27,Sofia Ramirez,Bolsas x100,36,38416.70,mercadopago
V-3043,2026-02-27,Imprenta Rapida,Disco SSD 1TB,2,163779.25,transferencia
V-3044,2026-02-27,Valentina Diaz,Servicio mensual,1,48679.47,transferencia
V-3045,2026-02-27,Kiosco El Sol,Cartucho tinta,3,19102.09,transferencia
V-3046,2026-02-27,Panaderia Ortiz,Resma A4,30,31792.12,efectivo
V-3047,2026-02-27,Pedro Sanchez,Cartucho tinta,6,38194.70,transferencia
V-3048,2026-02-27,Restaurante El Puerto,Cable HDMI,14,52689.35,tarjeta
V-3049,2026-02-27,Sofia Ramirez,Resma A4,25,27222.22,efectivo
V-3050,2026-02-27,Consultora Delta,Cafe en grano,10,18620.05,transferencia
V-3051,2026-02-28,Supermercado Don Pepe,Cafe en grano,15,31170.47,transferencia
V-3052,2026-02-28,Ana Martinez,Cafe en grano,9,18532.42,transferencia
V-3053,2026-02-28,Cafe Colonial,Cuaderno,20,9836.26,tarjeta
V-3054,2026-02-28,Agropecuaria Campo Verde,Monitor 24'',4,728110.42,transferencia
V-3055,2026-02-28,Agropecuaria Campo Verde,Tornillos x100,38,6178.37,mercadopago
V-3056,2026-02-28,Hotel Plaza,Mouse inalambrico,5,51026.11,efectivo
V-3057,2026-02-28,Taller Mecanico Lopez,Aceite x12,7,38864.42,transferencia
V-3058,2026-02-28,Distribuidora Sur,Armazon,1,16920.08,transferencia
V-3059,2026-02-28,Carniceria El Toro,Capacitacion,3,170888.23,tarjeta
V-3060,2026-02-28,Carniceria El Toro,Toner HP,5,42187.67,transferencia
V-3061,2026-02-28,Valentina Diaz,Hosting mensual,1,12528.25,efectivo
V-3062,2026-02-28,Marta Gomez,Cafe en grano,9,17168.88,tarjeta
V-3063,2026-02-28,Kiosco El Sol,Monitor 24'',4,733113.06,mercadopago
V-3064,2026-03-01,Valentina Diaz,Tornillos x100,6,971.51,efectivo
V-3065,2026-03-01,Panaderia Ortiz,Carpeta A4,27,32248.54,transferencia
V-3066,2026-03-01,Consultora Delta,Armazon,1,16909.68,tarjeta
V-3067,2026-03-01,Diego Torres,Carpeta A4,6,7507.60,tarjeta
V-3068,2026-03-01,Ana Martinez,Disco SSD 1TB,2,164586.20,efectivo
V-3069,2026-03-01,Lucia Fernandez,Cuaderno,39,18242.19,transferencia
V-3070,2026-03-01,Carniceria El Toro,Servicio de mantenimiento,1,29723.09,cheque
V-3071,2026-03-01,Cafe Colonial,Servicio de mantenimiento,1,34321.50,transferencia
V-3072,2026-03-01,Kiosco El Sol,Disco SSD 1TB,3,228935.15,tarjeta
V-3073,2026-03-01,Carlos Rodriguez,Lapiceras x12,15,37658.74,transferencia
V-3074,2026-03-01,Garcia SA,Licencia software anual,2,256115.49,tarjeta
V-3075,2026-03-01,Ferreteria Nuñez,Silla ergonomica,6,526623.01,transferencia
V-3076,2026-03-01,Pedro Sanchez,Mouse inalambrico,10,101938.20,efectivo
V-3077,2026-03-01,Veterinaria Patitas,Mouse inalambrico,8,72731.83,transferencia
V-3078,2026-03-01,Almacen La Paz,Cuaderno,27,11366.11,mercadopago
V-3079,2026-03-01,Constructora Norte,Silla ergonomica,1,89006.76,transferencia
V-3080,2026-03-01,Estudio Contable RyR,Armazon,1,15003.13,tarjeta
V-3081,2026-03-01,Marta Gomez,Servicio de consultoria,1,20283.44,efectivo
V-3082,2026-03-01,Inmobiliaria Sol,Toner HP,2,14585.60,transferencia
V-3083,2026-03-02,Agropecuaria Campo Verde,Harina x25kg,8,23839.07,tarjeta
V-3084,2026-03-02,Carlos Rodriguez,Pendrive 64GB,3,27824.13,tarjeta
V-3085,2026-03-02,Gimnasio Fuerza,Silla ergonomica,2,191338.13,transferencia
V-3086,2026-03-02,Agropecuaria Campo Verde,Detergente 5L,6,25702.58,transferencia
V-3087,2026-03-02,Sofia Ramirez,Monitor 24'',2,360527.67,transferencia
V-3088,2026-03-02,Bar La Esquina,Notebook Lenovo,3,2004422.88,efectivo
V-3089,2026-03-02,Libreria Central,Cuaderno,23,9538.09,tarjeta
V-3090,2026-03-02,Martin Castro,Tornillos x100,11,1759.17,transferencia
V-3091,2026-03-02,Valentina Diaz,Licencia software anual,3,391522.91,efectivo
V-3092,2026-03-02,Valentina Diaz,Hosting mensual,1,13065.63,transferencia
V-3093,2026-03-02,Diego Torres,Cafe en grano,7,12995.87,transferencia
V-3094,2026-03-02,Escuela Sarmiento,Mouse inalambrico,1,9522.31,efectivo
V-3095,2026-03-02,Ferreteria Nuñez,Auriculares,2,47060.41,efectivo
V-3096,2026-03-02,Carniceria El Toro,Harina x25kg,10,31390.58,tarjeta
V-3097,2026-03-02,Restaurante El Puerto,Disco SSD 1TB,5,385739.89,transferencia
V-3098,2026-03-02,Almacen La Paz,Monitor 24'',2,345093.06,tarjeta
V-3099,2026-03-03,Diego Torres,Mouse inalambrico,2,19562.62,transferencia
V-3100,2026-03-03,Lucia Fernandez,Cartucho tinta,8,53140.50,tarjeta
V-3101,2026-03-03,Marta Gomez,Hosting mensual,1,12650.02,tarjeta
V-3102,2026-03-03,Lucia Fernandez,Notebook Lenovo,1,675400.70,mercadopago
V-3103,2026-03-03,Libreria Central,Cable HDMI,15,53248.39,tarjeta
V-3104,2026-03-03,Marta Gomez,Cable HDMI,1,3524.00,mercadopago
V-3105,2026-03-03,Carniceria El Toro,Mouse inalambrico,4,38037.84,transferencia
V-3106,2026-03-03,Peluqueria Glamour,Capacitacion,3,193453.39,tarjeta
V-3107,2026-03-03,Juan Perez,Tornillos x100,37,5767.06,mercadopago
V-3108,2026-03-03,Supermercado Don Pepe,Toner HP,4,35315.77,efectivo
V-3109,2026-03-03,Agropecuaria Campo Verde,Resma A4,18,17803.16,tarjeta
V-3110,2026-03-03,Ana Martinez,Servicio de consultoria,1,20061.72,mercadopago
V-3111,2026-03-03,Taller Mecanico Lopez,Toner HP,3,21893.03,efectivo
V-3112,2026-03-03,Pedro Sanchez,Auriculares,6,144788.21,efectivo
V-3113,2026-03-03,Panaderia Ortiz,Armazon,4,56354.98,tarjeta
V-3114,2026-03-03,Almacen La Paz,Licencia software anual,3,387500.02,efectivo
V-3115,2026-03-03,Lucia Fernandez,Bolsas x100,60,71307.56,transferencia
V-3116,2026-03-03,Consultora Delta,Carpeta A4,46,57812.43,tarjeta
V-3117,2026-03-03,Pedro Sanchez,Servicio de consultoria,1,19697.15,transferencia
V-3118,2026-03-03,Diego Torres,Carpeta A4,17,21692.24,transferencia
V-3119,2026-03-03,Sofia Ramirez,Servicio de consultoria,1,16804.66,transferencia
V-3120,2026-03-03,Bar La Esquina,Bolsas x100,19,19104.79,transferencia
V-3121,2026-03-04,Carniceria El Toro,Carpeta A4,36,39454.56,transferencia
V-3122,2026-03-04,Constructora Norte,Cable HDMI,5,19093.61,transferencia
V-3123,2026-03-04,Farmacia San Martin,Cuaderno,23,11085.90,transferencia
V-3124,2026-03-04,Carlos Rodriguez,Toner HP,4,34492.25,mercadopago
V-3125,2026-03-04,Inmobiliaria Sol,Cartucho tinta,8,48888.20,cheque
V-3126,2026-03-04,Supermercado Don Pepe,Silla ergonomica,4,350310.14,transferencia
V-3127,2026-03-04,Kiosco El Sol,Mouse inalambrico,3,26951.62,transferencia
V-3128,2026-03-04,Panaderia Ortiz,Licencia software anual,3,355543.82,tarjeta
V-3129,2026-03-04,Peluqueria Glamour,Disco SSD 1TB,1,77443.15,efectivo
V-3130,2026-03-04,Juan Perez,Servicio mensual,1,47024.19,tarjeta
V-3131,2026-03-04,Farmacia San Martin,Golosinas surtidas,63,10129.43,mercadopago
V-3132,2026-03-04,Marta Gomez,Armazon,4,58288.05,tarjeta
V-3133,2026-03-04,Supermercado Don Pepe,Golosinas surtidas,57,8559.57,transferencia
V-3134,2026-03-04,Sofia Ramirez,Servicio mensual,1,46422.11,transferencia
V-3135,2026-03-04,Martin Castro,Monitor 24'',1,192363.20,tarjeta
V-3136,2026-03-04,Imprenta Rapida,Cartucho tinta,3,18109.12,transferencia
V-3137,2026-03-04,Carniceria El Toro,Detergente 5L,4,16497.35,transferencia
V-3138,2026-03-04,Imprenta Rapida,Cable HDMI,3,10970.57,tarjeta
V-3139,2026-03-05,Comercial Andrade,Golosinas surtidas,33,5132.47,tarjeta
V-3140,2026-03-05,Agropecuaria Campo Verde,Servicio de mantenimiento,1,34007.72,transferencia
V-3141,2026-03-05,Agropecuaria Campo Verde,Cafe en grano,14,28718.40,tarjeta
V-3142,2026-03-05,Pedro Sanchez,Servicio de consultoria,1,20117.68,transferencia
V-3143,2026-03-05,Taller Mecanico Lopez,Licencia software anual,4,475168.44,efectivo
V-3144,2026-03-05,Transportes Rios,Licencia software anual,3,348850.53,tarjeta
V-3145,2026-03-05,Hotel Plaza,Carpeta A4,14,16646.19,transferencia
V-3146,2026-03-05,Pedro Sanchez,Cuaderno,16,7866.78,cheque
V-3147,2026-03-05,Garcia SA,Carpeta A4,15,17525.08,tarjeta
V-3148,2026-03-05,Clinica Belgrano,Cuaderno,14,5723.62,efectivo
V-3149,2026-03-05,Distribuidora Sur,Cartucho tinta,4,28534.94,efectivo
V-3150,2026-03-05,Clinica Belgrano,Armazon,2,33739.66,mercadopago
V-3151,2026-03-05,Pedro Sanchez,Monitor 24'',4,711920.58,tarjeta
V-3152,2026-03-05,Distribuidora Sur,Harina x25kg,7,22417.72,efectivo
V-3153,2026-03-06,Carlos Rodriguez,Servicio mensual,1,42452.63,tarjeta
V-3154,2026-03-06,Transportes Rios,Pendrive 64GB,20,165356.11,tarjeta
V-3155,2026-03-06,Lucia Fernandez,Disco SSD 1TB,4,292489.00,transferencia
V-3156,2026-03-06,Sofia Ramirez,Golosinas surtidas,80,11060.76,transferencia
V-3157,2026-03-06,Carlos Rodriguez,Capacitacion,3,176836.24,transferencia
V-3158,2026-03-06,Inmobiliaria Sol,Cartucho tinta,3,20122.64,tarjeta
V-3159,2026-03-06,Pedro Sanchez,Monitor 24'',1,186982.91,tarjeta
V-3160,2026-03-06,Agropecuaria Campo Verde,Tornillos x100,22,3860.48,efectivo
V-3161,2026-03-06,Carlos Rodriguez,Agua mineral x6,30,54810.75,transferencia
V-3162,2026-03-07,Distribuidora Sur,Harina x25kg,9,26481.00,efectivo
V-3163,2026-03-07,Cafe Colonial,Silla ergonomica,3,291290.41,tarjeta
V-3164,2026-03-07,Kiosco El Sol,Agua mineral x6,7,13044.00,transferencia
V-3165,2026-03-07,Ferreteria Nuñez,Servicio de consultoria,1,17876.58,transferencia
V-3166,2026-03-07,Panaderia Ortiz,Carpeta A4,27,30475.49,mercadopago
V-3167,2026-03-07,Imprenta Rapida,Cuaderno,9,3938.98,tarjeta
V-3168,2026-03-07,Libreria Central,Capacitacion,2,119402.10,transferencia
V-3169,2026-03-07,Panaderia Ortiz,Toner HP,5,37744.48,transferencia
V-3170,2026-03-07,Clinica Belgrano,Toner HP,5,43822.88,transferencia
V-3171,2026-03-07,Consultora Delta,Cartucho tinta,8,54078.57,efectivo
V-3172,2026-03-07,Panaderia Ortiz,Carpeta A4,20,26285.40,mercadopago
V-3173,2026-03-07,Pedro Sanchez,Toner HP,1,7509.67,tarjeta
V-3174,2026-03-07,Mueblerias Hogar,Silla ergonomica,2,200151.25,efectivo
V-3175,2026-03-07,Mueblerias Hogar,Capacitacion,2,130342.61,tarjeta
V-3176,2026-03-07,Agropecuaria Campo Verde,Monitor 24'',1,196930.68,transferencia
V-3177,2026-03-08,Kiosco El Sol,Harina x25kg,3,10018.87,transferencia
V-3178,2026-03-08,Panaderia Ortiz,Licencia software anual,3,372770.87,transferencia
V-3179,2026-03-08,Imprenta Rapida,Auriculares,4,96123.72,transferencia
V-3180,2026-03-08,Diego Torres,Hosting mensual,1,11651.31,transferencia
V-3181,2026-03-08,Optica Vision,Carpeta A4,42,49570.81,tarjeta
V-3182,2026-03-08,Inmobiliaria Sol,Aceite x12,4,22861.21,mercadopago
V-3183,2026-03-08,Optica Vision,Servicio de consultoria,1,17828.70,transferencia
V-3184,2026-03-08,Sofia Ramirez,Cafe en grano,13,24994.51,cheque
V-3185,2026-03-08,Transportes Rios,Harina x25kg,2,5918.32,efectivo
V-3186,2026-03-08,Cafe Colonial,Harina x25kg,10,28094.52,transferencia
V-3187,2026-03-08,Carlos Rodriguez,Servicio de mantenimiento,1,30737.35,mercadopago
V-3188,2026-03-08,Consultora Delta,Mouse inalambrico,7,62233.69,efectivo
V-3189,2026-03-08,Almacen La Paz,Harina x25kg,7,23015.65,tarjeta
V-3190,2026-03-08,Farmacia San Martin,Harina x25kg,4,13498.41,tarjeta
V-3191,2026-03-08,Sofia Ramirez,Silla ergonomica,3,271700.33,mercadopago
V-3192,2026-03-08,Bar La Esquina,Resma A4,25,26539.32,transferencia
V-3193,2026-03-09,Libreria Central,Golosinas surtidas,33,4695.53,tarjeta
V-3194,2026-03-09,Ferreteria Nuñez,Golosinas surtidas,93,14791.07,efectivo
V-3195,2026-03-09,Veterinaria Patitas,Servicio de consultoria,1,19375.06,mercadopago
V-3196,2026-03-09,Transportes Rios,Licencia software anual,1,111749.85,tarjeta
V-3197,2026-03-09,Bar La Esquina,Harina x25kg,12,34267.40,transferencia
V-3198,2026-03-09,Ferreteria Nuñez,Golosinas surtidas,45,7314.30,transferencia
V-3199,2026-03-09,Supermercado Don Pepe,Bolsas x100,10,9908.45,transferencia
V-3200,2026-03-09,Inmobiliaria Sol,Bolsas x100,10,10751.18,transferencia
V-3201,2026-03-09,Diego Torres,Capacitacion,1,62498.85,tarjeta
V-3202,2026-03-09,Mueblerias Hogar,Tornillos x100,35,5362.63,efectivo
V-3203,2026-03-09,Comercial Andrade,Notebook Lenovo,2,1161862.11,transferencia
V-3204,2026-03-09,Carniceria El Toro,Servicio mensual,1,41795.03,tarjeta
V-3205,2026-03-10,Kiosco El Sol,Servicio mensual,1,46825.81,transferencia
V-3206,2026-03-10,Supermercado Don Pepe,Pendrive 64GB,11,98292.55,transferencia
V-3207,2026-03-10,Clinica Belgrano,Agua mineral x6,42,72526.40,tarjeta
V-3208,2026-03-10,Gimnasio Fuerza,Cuaderno,18,7980.97,efectivo
V-3209,2026-03-10,Farmacia San Martin,Lapiceras x12,2,4948.65,transferencia
V-3210,2026-03-10,Diego Torres,Tornillos x100,9,1313.75,transferencia
V-3211,2026-03-10,Almacen La Paz,Cable HDMI,1,3583.89,transferencia
V-3212,2026-03-10,Ferreteria Nuñez,Disco SSD 1TB,6,445133.88,transferencia
V-3213,2026-03-10,Martin Castro,Disco SSD 1TB,3,233913.42,efectivo
V-3214,2026-03-10,Imprenta Rapida,Resma A4,21,21734.49,tarjeta
V-3215,2026-03-10,Diego Torres,Cable HDMI,13,45322.08,transferencia
V-3216,2026-03-10,Carlos Rodriguez,Silla ergonomica,3,287617.26,transferencia
V-3217,2026-03-10,Clinica Belgrano,Tornillos x100,7,1162.75,tarjeta
V-3218,2026-03-10,Constructora Norte,Monitor 24'',3,585732.17,tarjeta
V-3219,2026-03-10,Panaderia Ortiz,Carpeta A4,34,40409.76,efectivo
V-3220,2026-03-10,Distribuidora Sur,Mouse inalambrico,7,74768.98,efectivo
V-3221,2026-03-10,Comercial Andrade,Mouse inalambrico,3,28808.58,tarjeta
V-3222,2026-03-10,Panaderia Ortiz,Capacitacion,3,194593.04,tarjeta
V-3223,2026-03-10,Constructora Norte,Tornillos x100,18,2646.63,tarjeta
V-3224,2026-03-10,Diego Torres,Aceite x12,6,32132.65,tarjeta
V-3225,2026-03-10,Carlos Rodriguez,Cuaderno,40,17199.61,tarjeta
V-3226,2026-03-10,Optica Vision,Cable HDMI,8,27623.99,tarjeta
V-3227,2026-03-11,Estudio Contable RyR,Detergente 5L,3,12230.49,transferencia
V-3228,2026-03-11,Panaderia Ortiz,Harina x25kg,9,28501.62,transferencia
V-3229,2026-03-11,Comercial Andrade,Silla ergonomica,2,186821.13,mercadopago
V-3230,2026-03-11,Lucia Fernandez,Agua mineral x6,15,26128.33,efectivo
V-3231,2026-03-11,Distribuidora Sur,Teclado mecanico,5,175630.20,tarjeta
V-3232,2026-03-11,Distribuidora Sur,Harina x25kg,7,23032.92,tarjeta
V-3233,2026-03-11,Hotel Plaza,Silla ergonomica,1,85836.49,tarjeta
V-3234,2026-03-11,Imprenta Rapida,Servicio mensual,1,46694.54,tarjeta
V-3235,2026-03-11,Valentina Diaz,Carpeta A4,35,44409.17,transferencia
V-3236,2026-03-11,Distribuidora Sur,Hosting mensual,1,12475.99,mercadopago
V-3237,2026-03-11,Cafe Colonial,Hosting mensual,1,12499.45,transferencia
V-3238,2026-03-11,Escuela Sarmiento,Capacitacion,1,59863.06,mercadopago
V-3239,2026-03-11,Pedro Sanchez,Harina x25kg,10,33360.51,efectivo
V-3240,2026-03-11,Diego Torres,Licencia software anual,3,329854.15,tarjeta
V-3241,2026-03-12,Pedro Sanchez,Carpeta A4,22,24113.37,efectivo
V-3242,2026-03-12,Hotel Plaza,Hosting mensual,1,12508.58,efectivo
V-3243,2026-03-12,Comercial Andrade,Notebook Lenovo,2,1177153.23,transferencia
V-3244,2026-03-12,Panaderia Ortiz,Capacitacion,3,179371.91,efectivo
V-3245,2026-03-12,Martin Castro,Harina x25kg,9,30607.89,mercadopago
V-3246,2026-03-12,Martin Castro,Servicio mensual,1,49119.53,tarjeta
V-3247,2026-03-12,Carlos Rodriguez,Cuaderno,8,3769.56,tarjeta
V-3248,2026-03-12,Pedro Sanchez,Lapiceras x12,11,25070.64,tarjeta
V-3249,2026-03-12,Ana Martinez,Capacitacion,1,57578.12,transferencia
V-3250,2026-03-12,Clinica Belgrano,Servicio de consultoria,1,19061.05,transferencia
V-3251,2026-03-12,Pedro Sanchez,Monitor 24'',2,356161.33,tarjeta
V-3252,2026-03-13,Estudio Contable RyR,Licencia software anual,4,504812.31,mercadopago
V-3253,2026-03-13,Martin Castro,Monitor 24'',3,507360.31,tarjeta
V-3254,2026-03-13,Garcia SA,Tornillos x100,42,6220.75,transferencia
V-3255,2026-03-13,Hotel Plaza,Pendrive 64GB,11,94483.15,transferencia
V-3256,2026-03-13,Garcia SA,Capacitacion,3,175501.05,tarjeta
V-3257,2026-03-13,Imprenta Rapida,Agua mineral x6,25,44059.84,tarjeta
V-3258,2026-03-13,Imprenta Rapida,Disco SSD 1TB,1,77154.31,tarjeta
V-3259,2026-03-13,Marta Gomez,Servicio de mantenimiento,1,34452.86,efectivo
V-3260,2026-03-13,Kiosco El Sol,Bolsas x100,13,14290.50,transferencia
V-3261,2026-03-13,Taller Mecanico Lopez,Toner HP,5,37773.39,transferencia
V-3262,2026-03-13,Clinica Belgrano,Armazon,3,44994.87,transferencia
V-3263,2026-03-13,Marta Gomez,Resma A4,36,34931.19,tarjeta
V-3264,2026-03-13,Valentina Diaz,Agua mineral x6,30,56101.54,efectivo
V-3265,2026-03-13,Bar La Esquina,Capacitacion,1,59381.98,efectivo
V-3266,2026-03-13,Marta Gomez,Pendrive 64GB,9,72329.16,tarjeta
V-3267,2026-03-13,Supermercado Don Pepe,Cartucho tinta,1,5918.23,tarjeta
V-3268,2026-03-13,Panaderia Ortiz,Notebook Lenovo,1,652057.44,mercadopago
V-3269,2026-03-14,Pedro Sanchez,Golosinas surtidas,84,12145.04,efectivo
V-3270,2026-03-14,Restaurante El Puerto,Detergente 5L,14,53146.45,tarjeta
V-3271,2026-03-14,Juan Perez,Detergente 5L,15,63630.39,transferencia
V-3272,2026-03-14,Diego Torres,Notebook Lenovo,1,586458.74,transferencia
V-3273,2026-03-14,Hotel Plaza,Bolsas x100,10,11179.48,tarjeta
V-3274,2026-03-14,Panaderia Ortiz,Capacitacion,1,58766.18,tarjeta
V-3275,2026-03-14,Hotel Plaza,Auriculares,5,104844.23,tarjeta
V-3276,2026-03-14,Farmacia San Martin,Tornillos x100,17,2858.27,transferencia
V-3277,2026-03-14,Restaurante El Puerto,Harina x25kg,6,18200.59,tarjeta
V-3278,2026-03-14,Bar La Esquina,Monitor 24'',4,677460.97,transferencia
V-3279,2026-03-14,Ana Martinez,Hosting mensual,1,12582.75,transferencia
V-3280,2026-03-14,Ana Martinez,Servicio de mantenimiento,1,34130.75,mercadopago
V-3281,2026-03-14,Marta Gomez,Capacitacion,2,116662.52,tarjeta
V-3282,2026-03-14,Farmacia San Martin,Cafe en grano,11,23716.91,transferencia
V-3283,2026-03-14,Libreria Central,Servicio de consultoria,1,16695.73,efectivo
V-3284,2026-03-14,Pedro Sanchez,Servicio mensual,1,49021.16,efectivo
V-3285,2026-03-14,Optica Vision,Monitor 24'',4,734661.07,mercadopago
V-3286,2026-03-15,Taller Mecanico Lopez,Silla ergonomica,5,484190.34,transferencia
V-3287,2026-03-15,Cafe Colonial,Toner HP,1,8671.34,transferencia
V-3288,2026-03-15,Lucia Fernandez,Servicio de consultoria,1,20091.59,tarjeta
V-3289,2026-03-15,Estudio Contable RyR,Cable HDMI,10,38228.46,transferencia
V-3290,2026-03-15,Hotel Plaza,Servicio mensual,1,49238.46,transferencia
V-3291,2026-03-15,Juan Perez,Teclado mecanico,1,36460.77,mercadopago
V-3292,2026-03-15,Ana Martinez,Cuaderno,14,6001.03,transferencia
V-3293,2026-03-15,Escuela Sarmiento,Agua mineral x6,48,91458.94,transferencia
V-3294,2026-03-15,Transportes Rios,Toner HP,1,8464.19,efectivo
V-3295,2026-03-15,Agropecuaria Campo Verde,Servicio de mantenimiento,1,30528.43,tarjeta
V-3296,2026-03-15,Kiosco El Sol,Cable HDMI,12,39087.68,tarjeta
V-3297,2026-03-15,Almacen La Paz,Mouse inalambrico,1,8892.84,efectivo
V-3298,2026-03-16,Agropecuaria Campo Verde,Teclado mecanico,2,83188.19,mercadopago
V-3299,2026-03-16,Consultora Delta,Detergente 5L,4,18343.68,efectivo
V-3300,2026-03-16,Consultora Delta,Cable HDMI,8,26335.11,transferencia
V-3301,2026-03-16,Sofia Ramirez,Aceite x12,4,21590.77,efectivo
V-3302,2026-03-16,Almacen La Paz,Agua mineral x6,7,13541.27,tarjeta
V-3303,2026-03-16,Marta Gomez,Bolsas x100,36,41912.35,transferencia
V-3304,2026-03-16,Escuela Sarmiento,Resma A4,28,27477.49,tarjeta
V-3305,2026-03-16,Carniceria El Toro,Armazon,3,48603.65,transferencia
V-3306,2026-03-16,Libreria Central,Cable HDMI,11,37320.27,tarjeta
V-3307,2026-03-16,Restaurante El Puerto,Armazon,4,67995.56,transferencia
V-3308,2026-03-16,Clinica Belgrano,Detergente 5L,17,73909.15,tarjeta
V-3309,2026-03-16,Distribuidora Sur,Teclado mecanico,1,38776.35,transferencia
V-3310,2026-03-17,Carniceria El Toro,Armazon,4,61389.53,efectivo
V-3311,2026-03-17,Panaderia Ortiz,Tornillos x100,7,1084.93,tarjeta
V-3312,2026-03-17,Agropecuaria Campo Verde,Cartucho tinta,3,20869.28,transferencia
V-3313,2026-03-17,Constructora Norte,Capacitacion,1,63896.23,transferencia
V-3314,2026-03-17,Carniceria El Toro,Teclado mecanico,1,41727.83,transferencia
V-3315,2026-03-17,Valentina Diaz,Toner HP,5,36482.73,efectivo
V-3316,2026-03-17,Veterinaria Patitas,Tornillos x100,19,3151.88,tarjeta
V-3317,2026-03-17,Constructora Norte,Harina x25kg,7,21910.28,tarjeta
V-3318,2026-03-17,Gimnasio Fuerza,Capacitacion,2,113257.71,efectivo
V-3319,2026-03-17,Supermercado Don Pepe,Bolsas x100,53,63989.50,tarjeta
V-3320,2026-03-17,Carlos Rodriguez,Monitor 24'',2,384073.15,efectivo
V-3321,2026-03-17,Diego Torres,Carpeta A4,37,47063.42,transferencia
V-3322,2026-03-17,Constructora Norte,Resma A4,24,22533.19,transferencia
V-3323,2026-03-17,Carlos Rodriguez,Servicio mensual,1,49063.96,transferencia
V-3324,2026-03-17,Libreria Central,Servicio de consultoria,1,17097.98,efectivo
V-3325,2026-03-17,Sofia Ramirez,Detergente 5L,4,15345.19,mercadopago
V-3326,2026-03-17,Comercial Andrade,Teclado mecanico,3,117684.14,efectivo
V-3327,2026-03-18,Ana Martinez,Cuaderno,26,11437.33,transferencia
V-3328,2026-03-18,Cafe Colonial,Licencia software anual,5,650346.68,tarjeta
V-3329,2026-03-18,Diego Torres,Detergente 5L,17,78211.75,transferencia
V-3330,2026-03-18,Pedro Sanchez,Servicio de consultoria,1,19242.34,efectivo
V-3331,2026-03-18,Mueblerias Hogar,Disco SSD 1TB,1,73840.53,tarjeta
V-3332,2026-03-18,Pedro Sanchez,Armazon,4,68133.52,transferencia
V-3333,2026-03-18,Carniceria El Toro,Silla ergonomica,1,94522.56,transferencia
V-3334,2026-03-18,Estudio Contable RyR,Cafe en grano,13,27719.28,tarjeta
V-3335,2026-03-18,Escuela Sarmiento,Cable HDMI,6,19913.79,transferencia
V-3336,2026-03-18,Sofia Ramirez,Cuaderno,40,18997.79,transferencia
V-3337,2026-03-18,Distribuidora Sur,Teclado mecanico,1,34278.23,tarjeta
V-3338,2026-03-19,Sofia Ramirez,Detergente 5L,2,9131.70,transferencia
V-3339,2026-03-19,Agropecuaria Campo Verde,Tornillos x100,34,5194.92,tarjeta
V-3340,2026-03-19,Bar La Esquina,Auriculares,1,20914.10,efectivo
V-3341,2026-03-19,Restaurante El Puerto,Silla ergonomica,2,205285.95,efectivo
V-3342,2026-03-19,Almacen La Paz,Notebook Lenovo,2,1265077.85,transferencia
V-3343,2026-03-19,Diego Torres,Golosinas surtidas,29,4088.24,transferencia
V-3344,2026-03-19,Juan Perez,Mouse inalambrico,3,31002.08,transferencia
V-3345,2026-03-19,Mueblerias Hogar,Cafe en grano,7,15023.58,efectivo
V-3346,2026-03-19,Bar La Esquina,Cafe en grano,13,25712.27,transferencia
V-3347,2026-03-19,Martin Castro,Golosinas surtidas,36,5659.58,tarjeta
V-3348,2026-03-19,Almacen La Paz,Monitor 24'',4,700801.29,transferencia
V-3349,2026-03-19,Carniceria El Toro,Lapiceras x12,30,74790.89,transferencia
V-3350,2026-03-19,Valentina Diaz,Silla ergonomica,1,90799.14,efectivo
V-3351,2026-03-19,Gimnasio Fuerza,Resma A4,9,8174.47,tarjeta
V-3352,2026-03-19,Distribuidora Sur,Lapiceras x12,9,23356.58,transferencia
V-3353,2026-03-19,Carlos Rodriguez,Tornillos x100,10,1622.53,tarjeta
V-3354,2026-03-19,Escuela Sarmiento,Cartucho tinta,6,39447.47,transferencia
V-3355,2026-03-19,Bar La Esquina,Hosting mensual,1,12197.09,tarjeta
V-3356,2026-03-19,Distribuidora Sur,Cafe en grano,5,9294.77,efectivo
V-3357,2026-03-19,Peluqueria Glamour,Mouse inalambrico,1,9548.84,efectivo
V-3358,2026-03-19,Mueblerias Hogar,Toner HP,5,41843.88,tarjeta
V-3359,2026-03-19,Taller Mecanico Lopez,Cuaderno,13,5638.85,efectivo
V-3360,2026-03-19,Escuela Sarmiento,Hosting mensual,1,11252.80,tarjeta
V-3361,2026-03-19,Valentina Diaz,Servicio mensual,1,42051.76,tarjeta
V-3362,2026-03-20,Distribuidora Sur,Cartucho tinta,2,12079.89,efectivo
V-3363,2026-03-20,Kiosco El Sol,Golosinas surtidas,28,4181.26,tarjeta
V-3364,2026-03-20,Hotel Plaza,Cafe en grano,12,25216.39,mercadopago
V-3365,2026-03-20,Almacen La Paz,Capacitacion,2,117753.40,transferencia
V-3366,2026-03-20,Hotel Plaza,Harina x25kg,8,22457.22,tarjeta
V-3367,2026-03-20,Distribuidora Sur,Licencia software anual,2,251933.21,tarjeta
V-3368,2026-03-20,Optica Vision,Hosting mensual,1,12350.50,transferencia
V-3369,2026-03-20,Kiosco El Sol,Lapiceras x12,11,26384.86,tarjeta
V-3370,2026-03-20,Ferreteria Nuñez,Servicio de consultoria,1,16895.44,efectivo
V-3371,2026-03-20,Juan Perez,Disco SSD 1TB,2,158187.54,tarjeta
V-3372,2026-03-20,Veterinaria Patitas,Mouse inalambrico,5,48652.17,transferencia
V-3373,2026-03-20,Escuela Sarmiento,Cartucho tinta,6,42270.75,tarjeta
V-3374,2026-03-21,Martin Castro,Mouse inalambrico,10,101826.89,tarjeta
V-3375,2026-03-21,Ferreteria Nuñez,Hosting mensual,1,11926.39,efectivo
V-3376,2026-03-21,Kiosco El Sol,Harina x25kg,10,31105.38,transferencia
V-3377,2026-03-21,Martin Castro,Aceite x12,5,30636.08,tarjeta
V-3378,2026-03-21,Agropecuaria Campo Verde,Harina x25kg,7,23467.32,transferencia
V-3379,2026-03-21,Inmobiliaria Sol,Cuaderno,17,8148.37,efectivo
V-3380,2026-03-21,Carlos Rodriguez,Aceite x12,5,29057.23,efectivo
V-3381,2026-03-21,Restaurante El Puerto,Carpeta A4,13,16543.00,transferencia
V-3382,2026-03-21,Valentina Diaz,Detergente 5L,13,56921.82,transferencia
V-3383,2026-03-21,Libreria Central,Hosting mensual,1,12196.20,transferencia
V-3384,2026-03-22,Taller Mecanico Lopez,Cable HDMI,15,50310.34,transferencia
V-3385,2026-03-22,Diego Torres,Hosting mensual,1,11239.39,tarjeta
V-3386,2026-03-22,Agropecuaria Campo Verde,Mouse inalambrico,8,81803.21,tarjeta
V-3387,2026-03-22,Kiosco El Sol,Harina x25kg,4,11791.72,transferencia
V-3388,2026-03-22,Comercial Andrade,Mouse inalambrico,9,96735.42,transferencia
V-3389,2026-03-22,Transportes Rios,Hosting mensual,1,13026.73,mercadopago
V-3390,2026-03-22,Clinica Belgrano,Cartucho tinta,5,32572.27,transferencia
V-3391,2026-03-22,Diego Torres,Notebook Lenovo,2,1271771.96,tarjeta
V-3392,2026-03-22,Bar La Esquina,Silla ergonomica,4,371403.24,transferencia
V-3393,2026-03-22,Marta Gomez,Toner HP,3,25564.20,transferencia
V-3394,2026-03-22,Carniceria El Toro,Resma A4,22,20070.10,transferencia
V-3395,2026-03-22,Almacen La Paz,Hosting mensual,1,13021.79,transferencia
V-3396,2026-03-22,Comercial Andrade,Carpeta A4,47,57150.88,transferencia
V-3397,2026-03-22,Taller Mecanico Lopez,Licencia software anual,3,344461.54,transferencia
V-3398,2026-03-23,Consultora Delta,Licencia software anual,5,608474.05,mercadopago
V-3399,2026-03-23,Valentina Diaz,Armazon,2,28840.56,tarjeta
V-3400,2026-03-23,Pedro Sanchez,Disco SSD 1TB,2,140155.27,transferencia
V-3401,2026-03-23,Ferreteria Nuñez,Licencia software anual,1,130907.36,tarjeta
V-3402,2026-03-23,Bar La Esquina,Licencia software anual,3,382287.62,transferencia
V-3403,2026-03-23,Transportes Rios,Pendrive 64GB,14,112359.17,tarjeta
V-3404,2026-03-23,Consultora Delta,Carpeta A4,16,20803.68,transferencia
V-3405,2026-03-23,Mueblerias Hogar,Cafe en grano,12,23080.77,efectivo
V-3406,2026-03-23,Supermercado Don Pepe,Pendrive 64GB,13,109310.25,transferencia
V-3407,2026-03-23,Sofia Ramirez,Resma A4,31,31993.86,transferencia
V-3408,2026-03-23,Pedro Sanchez,Carpeta A4,29,37240.08,transferencia
V-3409,2026-03-23,Diego Torres,Disco SSD 1TB,3,211730.79,tarjeta
V-3410,2026-03-23,Garcia SA,Carpeta A4,38,44161.67,tarjeta
V-3411,2026-03-23,Martin Castro,Licencia software anual,4,512469.02,transferencia
V-3412,2026-03-24,Pedro Sanchez,Golosinas surtidas,29,4437.83,transferencia
V-3413,2026-03-24,Gimnasio Fuerza,Mouse inalambrico,4,36988.56,tarjeta
V-3414,2026-03-24,Supermercado Don Pepe,Cafe en grano,13,24911.53,tarjeta
V-3415,2026-03-24,Agropecuaria Campo Verde,Carpeta A4,35,45869.50,transferencia
V-3416,2026-03-24,Garcia SA,Bolsas x100,9,9805.45,tarjeta
V-3417,2026-03-24,Diego Torres,Armazon,3,45393.03,tarjeta
V-3418,2026-03-24,Farmacia San Martin,Monitor 24'',4,660882.37,transferencia
V-3419,2026-03-24,Farmacia San Martin,Aceite x12,6,37015.33,tarjeta
V-3420,2026-03-24,Inmobiliaria Sol,Tornillos x100,19,3255.02,tarjeta
V-3421,2026-03-24,Pedro Sanchez,Hosting mensual,1,12830.17,tarjeta
V-3422,2026-03-24,Optica Vision,Disco SSD 1TB,2,137699.18,transferencia
V-3423,2026-03-24,Ferreteria Nuñez,Bolsas x100,40,40040.57,tarjeta
V-3424,2026-03-24,Panaderia Ortiz,Aceite x12,8,42399.15,efectivo
V-3425,2026-03-25,Lucia Fernandez,Aceite x12,3,16173.48,transferencia
V-3426,2026-03-25,Cafe Colonial,Resma A4,19,20208.75,transferencia
V-3427,2026-03-25,Escuela Sarmiento,Agua mineral x6,16,27580.28,mercadopago
V-3428,2026-03-25,Carlos Rodriguez,Carpeta A4,15,17050.48,tarjeta
V-3429,2026-03-25,Consultora Delta,Resma A4,9,9396.19,efectivo
V-3430,2026-03-25,Transportes Rios,Tornillos x100,39,5770.92,tarjeta
V-3431,2026-03-25,Libreria Central,Armazon,2,28846.86,transferencia
V-3432,2026-03-25,Consultora Delta,Servicio de consultoria,1,19815.01,tarjeta
V-3433,2026-03-25,Optica Vision,Servicio de consultoria,1,18107.08,transferencia
V-3434,2026-03-25,Martin Castro,Golosinas surtidas,36,5121.28,efectivo
V-3435,2026-03-25,Transportes Rios,Servicio de mantenimiento,1,31759.39,transferencia
V-3436,2026-03-25,Martin Castro,Toner HP,6,46152.65,efectivo
V-3437,2026-03-25,Restaurante El Puerto,Resma A4,29,26619.36,tarjeta
V-3438,2026-03-26,Constructora Norte,Hosting mensual,1,12426.06,tarjeta
V-3439,2026-03-26,Transportes Rios,Cable HDMI,7,26405.08,mercadopago
V-3440,2026-03-26,Agropecuaria Campo Verde,Lapiceras x12,13,32987.04,efectivo
V-3441,2026-03-26,Inmobiliaria Sol,Cable HDMI,7,25732.99,mercadopago
V-3442,2026-03-26,Distribuidora Sur,Tornillos x100,37,6343.79,efectivo
V-3443,2026-03-26,Hotel Plaza,Servicio mensual,1,45898.18,efectivo
V-3444,2026-03-26,Pedro Sanchez,Toner HP,5,43773.74,tarjeta
V-3445,2026-03-26,Carlos Rodriguez,Armazon,1,14925.09,efectivo
V-3446,2026-03-26,Panaderia Ortiz,Servicio mensual,1,47475.65,tarjeta
V-3447,2026-03-26,Lucia Fernandez,Servicio de mantenimiento,1,32954.06,tarjeta
V-3448,2026-03-26,Sofia Ramirez,Golosinas surtidas,22,3564.33,transferencia
V-3449,2026-03-26,Hotel Plaza,Mouse inalambrico,8,81738.12,mercadopago
V-3450,2026-03-26,Marta Gomez,Monitor 24'',2,353937.60,transferencia
V-3451,2026-03-26,Marta Gomez,Golosinas surtidas,32,4603.60,tarjeta
V-3452,2026-03-26,Almacen La Paz,Auriculares,7,165921.03,transferencia
V-3453,2026-03-26,Valentina Diaz,Cuaderno,27,12930.26,tarjeta
V-3454,2026-03-26,Veterinaria Patitas,Auriculares,8,160785.00,transferencia
V-3455,2026-03-26,Estudio Contable RyR,Auriculares,3,59545.94,transferencia
V-3456,2026-03-27,Garcia SA,Bolsas x100,40,41972.56,tarjeta
V-3457,2026-03-27,Sofia Ramirez,Agua mineral x6,38,66638.92,tarjeta
V-3458,2026-03-27,Imprenta Rapida,Hosting mensual,1,11632.62,transferencia
V-3459,2026-03-27,Sofia Ramirez,Notebook Lenovo,3,1891851.07,efectivo
V-3460,2026-03-27,Valentina Diaz,Teclado mecanico,5,172373.93,efectivo
V-3461,2026-03-27,Panaderia Ortiz,Servicio de mantenimiento,1,35191.32,mercadopago
V-3462,2026-03-27,Sofia Ramirez,Mouse inalambrico,6,60688.85,efectivo
V-3463,2026-03-27,Carlos Rodriguez,Agua mineral x6,22,36780.10,transferencia
V-3464,2026-03-27,Juan Perez,Mouse inalambrico,5,47965.11,transferencia
V-3465,2026-03-27,Agropecuaria Campo Verde,Servicio de consultoria,1,17369.63,transferencia
V-3466,2026-03-28,Agropecuaria Campo Verde,Hosting mensual,1,11824.59,transferencia
V-3467,2026-03-28,Kiosco El Sol,Auriculares,4,79209.98,transferencia
V-3468,2026-03-28,Kiosco El Sol,Notebook Lenovo,2,1296355.01,transferencia
V-3469,2026-03-28,Diego Torres,Auriculares,3,71607.65,transferencia
V-3470,2026-03-28,Veterinaria Patitas,Detergente 5L,16,71389.11,tarjeta
V-3471,2026-03-28,Farmacia San Martin,Armazon,4,67650.29,tarjeta
V-3472,2026-03-28,Imprenta Rapida,Cartucho tinta,6,40025.89,tarjeta
V-3473,2026-03-28,Consultora Delta,Detergente 5L,20,84336.81,efectivo
V-3474,2026-03-28,Garcia SA,Disco SSD 1TB,2,141785.97,tarjeta
V-3475,2026-03-28,Lucia Fernandez,Aceite x12,6,37209.19,tarjeta
V-3476,2026-03-28,Mueblerias Hogar,Cable HDMI,7,22301.30,transferencia
V-3477,2026-03-29,Panaderia Ortiz,Pendrive 64GB,9,70479.40,tarjeta
V-3478,2026-03-29,Taller Mecanico Lopez,Pendrive 64GB,8,73178.15,tarjeta
V-3479,2026-03-29,Peluqueria Glamour,Golosinas surtidas,32,4989.49,tarjeta
V-3480,2026-03-29,Veterinaria Patitas,Cable HDMI,7,24104.53,transferencia
V-3481,2026-03-29,Kiosco El Sol,Cafe en grano,4,8196.89,efectivo
V-3482,2026-03-29,Almacen La Paz,Auriculares,1,21716.74,transferencia
V-3483,2026-03-29,Hotel Plaza,Silla ergonomica,1,91841.93,transferencia
V-3484,2026-03-29,Diego Torres,Cafe en grano,9,19364.78,mercadopago
V-3485,2026-03-29,Almacen La Paz,Mouse inalambrico,10,92394.96,efectivo
V-3486,2026-03-29,Optica Vision,Cuaderno,20,9199.03,transferencia
V-3487,2026-03-29,Ferreteria Nuñez,Licencia software anual,3,366728.11,transferencia
V-3488,2026-03-29,Almacen La Paz,Resma A4,5,4603.55,tarjeta
V-3489,2026-03-29,Comercial Andrade,Resma A4,14,15223.37,tarjeta
V-3490,2026-03-29,Hotel Plaza,Notebook Lenovo,1,594136.46,efectivo
V-3491,2026-03-29,Ferreteria Nuñez,Auriculares,6,136383.94,transferencia
V-3492,2026-03-30,Juan Perez,Carpeta A4,24,27821.62,cheque
V-3493,2026-03-30,Carlos Rodriguez,Resma A4,7,7088.51,efectivo
V-3494,2026-03-30,Diego Torres,Carpeta A4,30,38334.17,transferencia
V-3495,2026-03-30,Inmobiliaria Sol,Servicio de mantenimiento,1,32738.78,transferencia
V-3496,2026-03-30,Transportes Rios,Licencia software anual,3,333980.35,tarjeta
V-3497,2026-03-30,Peluqueria Glamour,Aceite x12,3,17590.65,transferencia
V-3498,2026-03-30,Juan Perez,Licencia software anual,2,249073.54,tarjeta
V-3499,2026-03-30,Escuela Sarmiento,Harina x25kg,12,34691.28,efectivo
V-3500,2026-03-30,Constructora Norte,Armazon,3,44580.98,tarjeta
V-3501,2026-03-30,Lucia Fernandez,Auriculares,4,93178.93,efectivo
V-3502,2026-03-30,Panaderia Ortiz,Servicio mensual,1,44651.58,transferencia
V-3503,2026-03-30,Panaderia Ortiz,Notebook Lenovo,3,1999552.69,transferencia
V-3504,2026-03-31,Kiosco El Sol,Monitor 24'',2,334751.53,transferencia
V-3505,2026-03-31,Escuela Sarmiento,Harina x25kg,7,22044.03,tarjeta
V-3506,2026-03-31,Valentina Diaz,Toner HP,6,50235.58,efectivo
V-3507,2026-03-31,Juan Perez,Cuaderno,18,8740.86,tarjeta
V-3508,2026-03-31,Marta Gomez,Mouse inalambrico,4,37985.47,transferencia
V-3509,2026-03-31,Diego Torres,Pendrive 64GB,9,74810.25,tarjeta
V-3510,2026-03-31,Imprenta Rapida,Mouse inalambrico,6,58207.44,efectivo
V-3511,2026-03-31,Agropecuaria Campo Verde,Bolsas x100,32,36315.17,efectivo
V-3512,2026-03-31,Optica Vision,Tornillos x100,5,859.07,mercadopago
V-3513,2026-03-31,Veterinaria Patitas,Teclado mecanico,1,37900.40,transferencia
V-3514,2026-03-31,Martin Castro,Carpeta A4,13,14788.87,tarjeta
V-3515,2026-03-31,Clinica Belgrano,Aceite x12,4,23806.78,transferencia
V-3516,2026-03-31,Cafe Colonial,Servicio de consultoria,1,19282.05,tarjeta
V-3517,2026-03-31,Peluqueria Glamour,Servicio de consultoria,1,18436.35,transferencia
V-3518,2026-04-01,Peluqueria Glamour,Golosinas surtidas,62,9635.46,transferencia
V-3519,2026-04-01,Cafe Colonial,Mouse inalambrico,9,96907.65,mercadopago
V-3520,2026-04-01,Juan Perez,Servicio mensual,1,47427.41,tarjeta
V-3521,2026-04-01,Carniceria El Toro,Cable HDMI,10,35329.86,cheque
V-3522,2026-04-01,Garcia SA,Monitor 24'',1,172241.48,tarjeta
V-3523,2026-04-02,Clinica Belgrano,Agua mineral x6,9,16117.44,mercadopago
V-3524,2026-04-02,Mueblerias Hogar,Auriculares,4,95446.38,transferencia
V-3525,2026-04-02,Juan Perez,Aceite x12,5,30731.63,efectivo
V-3526,2026-04-02,Farmacia San Martin,Detergente 5L,20,79869.58,transferencia
V-3527,2026-04-02,Sofia Ramirez,Cafe en grano,2,3777.44,transferencia
V-3528,2026-04-02,Kiosco El Sol,Servicio de consultoria,1,16826.73,efectivo
V-3529,2026-04-02,Carniceria El Toro,Aceite x12,9,54526.00,mercadopago
V-3530,2026-04-02,Marta Gomez,Servicio de consultoria,1,19494.93,tarjeta
V-3531,2026-04-02,Valentina Diaz,Servicio de mantenimiento,1,32218.18,transferencia
V-3532,2026-04-02,Pedro Sanchez,Toner HP,2,17579.04,tarjeta
V-3533,2026-04-02,Carlos Rodriguez,Harina x25kg,4,12511.76,transferencia
V-3534,2026-04-02,Taller Mecanico Lopez,Teclado mecanico,1,36698.69,mercadopago
V-3535,2026-04-02,Farmacia San Martin,Servicio de consultoria,1,17130.55,transferencia
V-3536,2026-04-02,Almacen La Paz,Cuaderno,21,9290.44,transferencia
V-3537,2026-04-02,Restaurante El Puerto,Tornillos x100,28,4119.45,transferencia
V-3538,2026-04-02,Panaderia Ortiz,Cartucho tinta,2,11898.19,mercadopago
V-3539,2026-04-02,Kiosco El Sol,Pendrive 64GB,1,9271.10,efectivo
V-3540,2026-04-02,Bar La Esquina,Hosting mensual,1,13116.34,efectivo
V-3541,2026-04-03,Carniceria El Toro,Harina x25kg,3,9300.86,tarjeta
V-3542,2026-04-03,Consultora Delta,Toner HP,4,33488.63,efectivo
V-3543,2026-04-03,Pedro Sanchez,Armazon,1,15045.04,efectivo
V-3544,2026-04-03,Cafe Colonial,Cartucho tinta,5,33964.55,efectivo
V-3545,2026-04-03,Optica Vision,Hosting mensual,1,13181.10,transferencia
V-3546,2026-04-03,Carniceria El Toro,Tornillos x100,38,6463.31,transferencia
V-3547,2026-04-03,Pedro Sanchez,Auriculares,6,119586.43,efectivo
V-3548,2026-04-03,Constructora Norte,Teclado mecanico,1,40335.29,transferencia
V-3549,2026-04-03,Kiosco El Sol,Servicio mensual,1,47461.17,cheque
V-3550,2026-04-03,Diego Torres,Cable HDMI,4,14936.63,tarjeta
V-3551,2026-04-03,Hotel Plaza,Monitor 24'',4,694398.82,transferencia
V-3552,2026-04-03,Comercial Andrade,Notebook Lenovo,1,614160.77,tarjeta
V-3553,2026-04-03,Clinica Belgrano,Servicio de consultoria,1,19050.25,efectivo
V-3554,2026-04-03,Ferreteria Nuñez,Servicio de consultoria,1,19839.43,transferencia
V-3555,2026-04-03,Bar La Esquina,Toner HP,5,40666.16,tarjeta
V-3556,2026-04-04,Valentina Diaz,Silla ergonomica,4,384072.47,efectivo
V-3557,2026-04-04,Juan Perez,Harina x25kg,3,9532.40,efectivo
V-3558,2026-04-04,Carniceria El Toro,Agua mineral x6,25,42714.34,efectivo
V-3559,2026-04-04,Marta Gomez,Cuaderno,7,3375.95,mercadopago
V-3560,2026-04-04,Pedro Sanchez,Detergente 5L,6,26187.37,cheque
V-3561,2026-04-04,Kiosco El Sol,Aceite x12,6,36592.20,cheque
V-3562,2026-04-04,Lucia Fernandez,Armazon,1,15494.69,tarjeta
V-3563,2026-04-04,Ferreteria Nuñez,Servicio de consultoria,1,17862.69,efectivo
V-3564,2026-04-04,Estudio Contable RyR,Auriculares,2,42790.28,cheque
V-3565,2026-04-04,Bar La Esquina,Disco SSD 1TB,3,216824.03,transferencia
V-3566,2026-04-04,Consultora Delta,Servicio mensual,1,42583.67,transferencia
V-3567,2026-04-04,Ferreteria Nuñez,Disco SSD 1TB,5,394113.05,efectivo
V-3568,2026-04-04,Lucia Fernandez,Cartucho tinta,5,35141.08,transferencia
V-3569,2026-04-04,Clinica Belgrano,Mouse inalambrico,1,9431.31,transferencia
V-3570,2026-04-05,Distribuidora Sur,Harina x25kg,6,19496.87,transferencia
V-3571,2026-04-05,Escuela Sarmiento,Servicio de mantenimiento,1,29483.70,transferencia
V-3572,2026-04-05,Estudio Contable RyR,Hosting mensual,1,11774.37,transferencia
V-3573,2026-04-05,Optica Vision,Servicio de mantenimiento,1,29324.86,transferencia
V-3574,2026-04-05,Garcia SA,Auriculares,2,45151.38,tarjeta
V-3575,2026-04-05,Peluqueria Glamour,Cable HDMI,12,38863.96,transferencia
V-3576,2026-04-05,Consultora Delta,Teclado mecanico,1,39378.73,tarjeta
V-3577,2026-04-05,Diego Torres,Cable HDMI,13,48610.75,tarjeta
V-3578,2026-04-05,Pedro Sanchez,Notebook Lenovo,2,1168329.86,transferencia
V-3579,2026-04-05,Constructora Norte,Lapiceras x12,11,25577.73,cheque
V-3580,2026-04-05,Taller Mecanico Lopez,Teclado mecanico,5,181931.18,tarjeta
V-3581,2026-04-05,Farmacia San Martin,Carpeta A4,12,14995.88,tarjeta
V-3582,2026-04-06,Constructora Norte,Silla ergonomica,1,104078.50,tarjeta
V-3583,2026-04-06,Agropecuaria Campo Verde,Cable HDMI,5,18169.55,transferencia
V-3584,2026-04-06,Taller Mecanico Lopez,Agua mineral x6,42,69854.06,transferencia
V-3585,2026-04-06,Juan Perez,Notebook Lenovo,1,681769.98,efectivo
V-3586,2026-04-06,Ana Martinez,Detergente 5L,14,54483.63,transferencia
V-3587,2026-04-06,Ana Martinez,Toner HP,5,36472.82,efectivo
V-3588,2026-04-06,Estudio Contable RyR,Capacitacion,3,162495.36,transferencia
V-3589,2026-04-06,Bar La Esquina,Monitor 24'',2,334583.10,efectivo
V-3590,2026-04-06,Inmobiliaria Sol,Harina x25kg,8,24198.47,efectivo
V-3591,2026-04-06,Panaderia Ortiz,Monitor 24'',2,385758.45,transferencia
V-3592,2026-04-06,Taller Mecanico Lopez,Armazon,2,33293.70,tarjeta
V-3593,2026-04-07,Comercial Andrade,Aceite x12,7,36300.49,tarjeta
V-3594,2026-04-07,Marta Gomez,Tornillos x100,8,1352.04,efectivo
V-3595,2026-04-07,Bar La Esquina,Lapiceras x12,11,24836.27,mercadopago
V-3596,2026-04-07,Almacen La Paz,Golosinas surtidas,56,8029.27,efectivo
V-3597,2026-04-07,Transportes Rios,Silla ergonomica,5,433703.03,transferencia
V-3598,2026-04-07,Consultora Delta,Agua mineral x6,19,33853.51,efectivo
V-3599,2026-04-07,Supermercado Don Pepe,Mouse inalambrico,5,45672.49,tarjeta
V-3600,2026-04-07,Diego Torres,Golosinas surtidas,22,3485.47,tarjeta
V-3601,2026-04-07,Hotel Plaza,Cartucho tinta,3,17978.32,tarjeta
V-3602,2026-04-07,Inmobiliaria Sol,Bolsas x100,11,11547.79,efectivo
V-3603,2026-04-07,Agropecuaria Campo Verde,Cable HDMI,7,22149.47,mercadopago
V-3604,2026-04-07,Farmacia San Martin,Toner HP,2,17492.03,efectivo
V-3605,2026-04-07,Cafe Colonial,Disco SSD 1TB,6,488823.45,tarjeta
V-3606,2026-04-07,Inmobiliaria Sol,Auriculares,3,67683.26,transferencia
V-3607,2026-04-07,Valentina Diaz,Servicio de consultoria,1,19493.42,tarjeta
V-3608,2026-04-07,Libreria Central,Harina x25kg,2,6176.46,transferencia
V-3609,2026-04-07,Consultora Delta,Cuaderno,32,13683.36,tarjeta
V-3610,2026-04-07,Martin Castro,Agua mineral x6,30,55834.23,tarjeta
V-3611,2026-04-08,Cafe Colonial,Armazon,1,15127.76,transferencia
V-3612,2026-04-08,Veterinaria Patitas,Cafe en grano,7,12728.25,tarjeta
V-3613,2026-04-08,Diego Torres,Disco SSD 1TB,2,150974.58,transferencia
V-3614,2026-04-08,Estudio Contable RyR,Cartucho tinta,1,6746.65,tarjeta
V-3615,2026-04-08,Juan Perez,Golosinas surtidas,49,7218.78,transferencia
V-3616,2026-04-08,Kiosco El Sol,Teclado mecanico,5,208846.33,transferencia
V-3617,2026-04-08,Supermercado Don Pepe,Cartucho tinta,8,54271.68,efectivo
V-3618,2026-04-08,Farmacia San Martin,Servicio mensual,1,41371.71,transferencia
V-3619,2026-04-08,Consultora Delta,Servicio de mantenimiento,1,29569.78,tarjeta
V-3620,2026-04-08,Ferreteria Nuñez,Carpeta A4,33,42713.37,transferencia
V-3621,2026-04-08,Farmacia San Martin,Cafe en grano,11,20322.63,efectivo
V-3622,2026-04-08,Consultora Delta,Cartucho tinta,4,23629.69,tarjeta
V-3623,2026-04-08,Diego Torres,Detergente 5L,2,9116.06,efectivo
V-3624,2026-04-09,Estudio Contable RyR,Servicio mensual,1,48487.21,transferencia
V-3625,2026-04-09,Consultora Delta,Servicio de mantenimiento,1,34718.79,transferencia
V-3626,2026-04-09,Sofia Ramirez,Bolsas x100,27,32281.85,tarjeta
V-3627,2026-04-09,Agropecuaria Campo Verde,Tornillos x100,6,1005.87,transferencia
V-3628,2026-04-09,Optica Vision,Aceite x12,4,21304.63,transferencia
V-3629,2026-04-09,Ana Martinez,Notebook Lenovo,3,1740733.66,transferencia
V-3630,2026-04-09,Sofia Ramirez,Cuaderno,34,13957.50,transferencia
V-3631,2026-04-09,Ana Martinez,Golosinas surtidas,24,3324.87,tarjeta
V-3632,2026-04-09,Almacen La Paz,Disco SSD 1TB,3,240063.59,transferencia
V-3633,2026-04-09,Comercial Andrade,Resma A4,15,14771.98,transferencia
V-3634,2026-04-09,Clinica Belgrano,Notebook Lenovo,3,1739135.62,transferencia
V-3635,2026-04-09,Panaderia Ortiz,Disco SSD 1TB,2,141353.56,tarjeta
V-3636,2026-04-09,Optica Vision,Teclado mecanico,2,79035.25,transferencia
V-3637,2026-04-09,Inmobiliaria Sol,Lapiceras x12,24,58233.57,mercadopago
V-3638,2026-04-10,Optica Vision,Auriculares,6,142200.65,efectivo
V-3639,2026-04-10,Ana Martinez,Licencia software anual,5,619261.99,mercadopago
V-3640,2026-04-10,Sofia Ramirez,Teclado mecanico,2,77686.42,transferencia
V-3641,2026-04-10,Garcia SA,Aceite x12,10,53741.28,transferencia
V-3642,2026-04-10,Transportes Rios,Cuaderno,29,13761.38,mercadopago
V-3643,2026-04-10,Distribuidora Sur,Pendrive 64GB,19,149075.72,mercadopago
V-3644,2026-04-10,Bar La Esquina,Cafe en grano,13,27041.40,tarjeta
V-3645,2026-04-10,Distribuidora Sur,Mouse inalambrico,10,102164.00,transferencia
V-3646,2026-04-10,Distribuidora Sur,Tornillos x100,39,6709.00,transferencia
V-3647,2026-04-10,Carniceria El Toro,Notebook Lenovo,3,1993288.77,mercadopago
V-3648,2026-04-10,Veterinaria Patitas,Cafe en grano,10,20209.11,tarjeta
V-3649,2026-04-10,Valentina Diaz,Resma A4,21,19796.82,transferencia
V-3650,2026-04-10,Ana Martinez,Tornillos x100,7,1103.81,transferencia
V-3651,2026-04-10,Ferreteria Nuñez,Hosting mensual,1,12477.06,tarjeta
V-3652,2026-04-10,Carniceria El Toro,Licencia software anual,4,438857.78,transferencia
V-3653,2026-04-10,Consultora Delta,Disco SSD 1TB,3,223240.46,cheque
V-3654,2026-04-10,Comercial Andrade,Harina x25kg,2,5621.05,efectivo
V-3655,2026-04-10,Garcia SA,Disco SSD 1TB,6,467179.52,transferencia
V-3656,2026-04-10,Ferreteria Nuñez,Tornillos x100,45,7323.61,efectivo
V-3657,2026-04-11,Carniceria El Toro,Silla ergonomica,1,93840.60,tarjeta
V-3658,2026-04-11,Martin Castro,Notebook Lenovo,3,1952431.49,transferencia
V-3659,2026-04-11,Bar La Esquina,Golosinas surtidas,65,9385.05,efectivo
V-3660,2026-04-11,Restaurante El Puerto,Lapiceras x12,22,50580.94,transferencia
V-3661,2026-04-11,Martin Castro,Resma A4,39,41025.18,efectivo
V-3662,2026-04-11,Inmobiliaria Sol,Cartucho tinta,8,49786.71,mercadopago
V-3663,2026-04-11,Restaurante El Puerto,Resma A4,14,12961.11,tarjeta
V-3664,2026-04-11,Escuela Sarmiento,Hosting mensual,1,11553.87,transferencia
V-3665,2026-04-11,Martin Castro,Teclado mecanico,4,137598.04,transferencia
V-3666,2026-04-11,Pedro Sanchez,Detergente 5L,10,45240.66,transferencia
V-3667,2026-04-11,Inmobiliaria Sol,Harina x25kg,3,9042.33,transferencia
V-3668,2026-04-11,Bar La Esquina,Golosinas surtidas,71,10389.55,transferencia
V-3669,2026-04-11,Imprenta Rapida,Golosinas surtidas,54,8118.93,tarjeta
V-3670,2026-04-11,Optica Vision,Notebook Lenovo,2,1192911.34,efectivo
V-3671,2026-04-11,Juan Perez,Mouse inalambrico,1,9902.98,tarjeta
V-3672,2026-04-12,Clinica Belgrano,Notebook Lenovo,2,1167563.30,tarjeta
V-3673,2026-04-12,Gimnasio Fuerza,Licencia software anual,5,595202.84,efectivo
V-3674,2026-04-12,Marta Gomez,Servicio de consultoria,1,17115.34,transferencia
V-3675,2026-04-12,Farmacia San Martin,Notebook Lenovo,1,665291.16,efectivo
V-3676,2026-04-12,Comercial Andrade,Toner HP,5,43863.40,transferencia
V-3677,2026-04-12,Libreria Central,Cable HDMI,5,19117.53,tarjeta
V-3678,2026-04-12,Taller Mecanico Lopez,Silla ergonomica,4,408914.50,tarjeta
V-3679,2026-04-12,Kiosco El Sol,Mouse inalambrico,4,39422.04,tarjeta
V-3680,2026-04-12,Panaderia Ortiz,Cafe en grano,4,8276.80,efectivo
V-3681,2026-04-13,Inmobiliaria Sol,Licencia software anual,3,376271.25,tarjeta
V-3682,2026-04-13,Optica Vision,Detergente 5L,11,45346.60,transferencia
V-3683,2026-04-13,Distribuidora Sur,Carpeta A4,31,39108.21,tarjeta
V-3684,2026-04-13,Ana Martinez,Cable HDMI,14,49277.55,transferencia
V-3685,2026-04-13,Juan Perez,Disco SSD 1TB,3,206197.57,efectivo
V-3686,2026-04-13,Hotel Plaza,Cuaderno,29,12153.91,efectivo
V-3687,2026-04-13,Supermercado Don Pepe,Pendrive 64GB,2,15934.40,efectivo
V-3688,2026-04-13,Libreria Central,Armazon,3,46904.26,transferencia
V-3689,2026-04-13,Escuela Sarmiento,Pendrive 64GB,1,8786.73,tarjeta
V-3690,2026-04-13,Peluqueria Glamour,Teclado mecanico,3,122278.32,tarjeta
V-3691,2026-04-13,Garcia SA,Capacitacion,3,180187.79,efectivo
V-3692,2026-04-13,Valentina Diaz,Cable HDMI,2,6815.72,efectivo
V-3693,2026-04-13,Consultora Delta,Lapiceras x12,7,17910.20,transferencia
V-3694,2026-04-13,Marta Gomez,Golosinas surtidas,79,12110.93,efectivo
V-3695,2026-04-13,Marta Gomez,Harina x25kg,2,5939.22,cheque
V-3696,2026-04-13,Ana Martinez,Cuaderno,20,8468.35,transferencia
V-3697,2026-04-13,Inmobiliaria Sol,Disco SSD 1TB,3,211244.80,transferencia
V-3698,2026-04-13,Supermercado Don Pepe,Harina x25kg,3,9104.18,efectivo
V-3699,2026-04-13,Martin Castro,Hosting mensual,1,11016.14,tarjeta
V-3700,2026-04-13,Martin Castro,Monitor 24'',1,181597.60,cheque
V-3701,2026-04-13,Carlos Rodriguez,Cafe en grano,11,20202.24,tarjeta
V-3702,2026-04-13,Supermercado Don Pepe,Golosinas surtidas,71,10956.78,transferencia
V-3703,2026-04-13,Ferreteria Nuñez,Teclado mecanico,1,39697.54,mercadopago
V-3704,2026-04-13,Imprenta Rapida,Licencia software anual,5,599599.97,cheque
V-3705,2026-04-14,Clinica Belgrano,Toner HP,4,35385.59,efectivo
V-3706,2026-04-14,Comercial Andrade,Cable HDMI,14,49239.85,transferencia
V-3707,2026-04-14,Garcia SA,Tornillos x100,18,3064.52,tarjeta
V-3708,2026-04-14,Distribuidora Sur,Harina x25kg,8,22875.59,efectivo
V-3709,2026-04-14,Pedro Sanchez,Lapiceras x12,2,4554.61,transferencia
V-3710,2026-04-14,Restaurante El Puerto,Agua mineral x6,49,88153.28,efectivo
V-3711,2026-04-14,Clinica Belgrano,Licencia software anual,1,131048.85,mercadopago
V-3712,2026-04-14,Constructora Norte,Carpeta A4,44,54702.08,tarjeta
V-3713,2026-04-14,Marta Gomez,Hosting mensual,1,11121.42,transferencia
V-3714,2026-04-14,Inmobiliaria Sol,Licencia software anual,1,127404.33,tarjeta
V-3715,2026-04-14,Restaurante El Puerto,Servicio de mantenimiento,1,29496.68,transferencia
V-3716,2026-04-14,Garcia SA,Mouse inalambrico,9,87800.40,tarjeta
V-3717,2026-04-14,Optica Vision,Disco SSD 1TB,4,281682.36,mercadopago
V-3718,2026-04-14,Kiosco El Sol,Licencia software anual,5,600702.31,transferencia
V-3719,2026-04-14,Kiosco El Sol,Aceite x12,6,33089.83,transferencia
V-3720,2026-04-15,Restaurante El Puerto,Auriculares,1,22859.84,transferencia
V-3721,2026-04-15,Juan Perez,Cartucho tinta,7,49510.08,efectivo
V-3722,2026-04-15,Veterinaria Patitas,Agua mineral x6,6,11400.52,transferencia
V-3723,2026-04-15,Juan Perez,Auriculares,7,151803.02,tarjeta
V-3724,2026-04-15,Almacen La Paz,Toner HP,1,8499.08,efectivo
V-3725,2026-04-15,Marta Gomez,Servicio de consultoria,1,20142.24,tarjeta
V-3726,2026-04-15,Martin Castro,Servicio mensual,1,44015.31,transferencia
V-3727,2026-04-15,Transportes Rios,Pendrive 64GB,1,8306.68,transferencia
V-3728,2026-04-15,Libreria Central,Cable HDMI,4,12879.85,efectivo
V-3729,2026-04-15,Almacen La Paz,Aceite x12,6,33213.64,tarjeta
V-3730,2026-04-15,Diego Torres,Tornillos x100,32,5193.77,tarjeta
V-3731,2026-04-15,Panaderia Ortiz,Silla ergonomica,4,399991.95,tarjeta
V-3732,2026-04-15,Juan Perez,Lapiceras x12,28,64025.24,transferencia
V-3733,2026-04-15,Inmobiliaria Sol,Cuaderno,40,16217.85,cheque
V-3734,2026-04-15,Taller Mecanico Lopez,Disco SSD 1TB,2,145278.28,tarjeta
V-3735,2026-04-15,Inmobiliaria Sol,Detergente 5L,19,83577.06,transferencia
V-3736,2026-04-15,Hotel Plaza,Notebook Lenovo,1,586984.68,tarjeta
V-3737,2026-04-15,Hotel Plaza,Toner HP,1,7456.01,tarjeta
V-3738,2026-04-15,Marta Gomez,Bolsas x100,6,6739.50,tarjeta
V-3739,2026-04-15,Restaurante El Puerto,Servicio de mantenimiento,1,33941.03,tarjeta
V-3740,2026-04-16,Sofia Ramirez,Auriculares,1,22944.47,cheque
V-3741,2026-04-16,Martin Castro,Servicio de mantenimiento,1,31378.27,efectivo
V-3742,2026-04-16,Agropecuaria Campo Verde,Licencia software anual,4,505596.34,efectivo
V-3743,2026-04-16,Martin Castro,Pendrive 64GB,10,90614.80,efectivo
V-3744,2026-04-16,Transportes Rios,Cable HDMI,12,43477.63,transferencia
V-3745,2026-04-16,Hotel Plaza,Lapiceras x12,11,24526.56,tarjeta
V-3746,2026-04-16,Veterinaria Patitas,Agua mineral x6,41,70083.44,tarjeta
V-3747,2026-04-16,Lucia Fernandez,Cuaderno,6,2847.04,tarjeta
V-3748,2026-04-16,Carlos Rodriguez,Hosting mensual,1,13087.89,transferencia
V-3749,2026-04-16,Panaderia Ortiz,Capacitacion,1,57533.18,efectivo
V-3750,2026-04-16,Marta Gomez,Teclado mecanico,4,153943.02,tarjeta
V-3751,2026-04-16,Escuela Sarmiento,Bolsas x100,6,7246.83,transferencia
V-3752,2026-04-16,Clinica Belgrano,Agua mineral x6,12,21415.02,cheque
V-3753,2026-04-17,Ana Martinez,Servicio de consultoria,1,17293.48,transferencia
V-3754,2026-04-17,Supermercado Don Pepe,Cable HDMI,4,14055.98,transferencia
V-3755,2026-04-17,Inmobiliaria Sol,Detergente 5L,13,56240.07,transferencia
V-3756,2026-04-17,Restaurante El Puerto,Carpeta A4,40,50467.32,efectivo
V-3757,2026-04-17,Bar La Esquina,Carpeta A4,27,35380.93,cheque
V-3758,2026-04-17,Almacen La Paz,Carpeta A4,49,59579.31,transferencia
V-3759,2026-04-17,Gimnasio Fuerza,Cartucho tinta,3,19134.30,tarjeta
V-3760,2026-04-17,Ferreteria Nuñez,Golosinas surtidas,75,11612.07,efectivo
V-3761,2026-04-17,Clinica Belgrano,Mouse inalambrico,10,95614.60,tarjeta
V-3762,2026-04-17,Escuela Sarmiento,Auriculares,4,79462.82,efectivo
V-3763,2026-04-17,Panaderia Ortiz,Toner HP,6,51813.57,efectivo
V-3764,2026-04-17,Bar La Esquina,Hosting mensual,1,12171.62,transferencia
V-3765,2026-04-17,Panaderia Ortiz,Servicio mensual,1,44088.03,transferencia
V-3766,2026-04-17,Consultora Delta,Hosting mensual,1,12839.43,tarjeta
V-3767,2026-04-17,Optica Vision,Notebook Lenovo,1,661233.72,tarjeta
V-3768,2026-04-17,Peluqueria Glamour,Cafe en grano,2,3605.21,tarjeta
V-3769,2026-04-18,Marta Gomez,Mouse inalambrico,7,62598.94,transferencia
V-3770,2026-04-18,Kiosco El Sol,Disco SSD 1TB,4,300233.96,transferencia
V-3771,2026-04-18,Garcia SA,Servicio mensual,1,47912.04,transferencia
V-3772,2026-04-18,Cafe Colonial,Resma A4,29,28869.70,tarjeta
V-3773,2026-04-18,Kiosco El Sol,Resma A4,23,23361.39,efectivo
V-3774,2026-04-18,Libreria Central,Harina x25kg,2,6141.89,efectivo
V-3775,2026-04-18,Sofia Ramirez,Lapiceras x12,8,20627.87,tarjeta
V-3776,2026-04-18,Hotel Plaza,Agua mineral x6,14,22933.51,transferencia
V-3777,2026-04-19,Diego Torres,Aceite x12,5,25745.86,tarjeta
V-3778,2026-04-19,Marta Gomez,Licencia software anual,3,352133.13,efectivo
V-3779,2026-04-19,Clinica Belgrano,Monitor 24'',2,376273.53,efectivo
V-3780,2026-04-19,Valentina Diaz,Licencia software anual,2,232538.42,efectivo
V-3781,2026-04-19,Escuela Sarmiento,Cable HDMI,14,48922.52,mercadopago
V-3782,2026-04-19,Agropecuaria Campo Verde,Auriculares,1,24120.72,efectivo
V-3783,2026-04-20,Farmacia San Martin,Licencia software anual,1,126458.72,transferencia
V-3784,2026-04-20,Carlos Rodriguez,Auriculares,5,100477.48,transferencia
V-3785,2026-04-20,Distribuidora Sur,Monitor 24'',2,330421.45,mercadopago
V-3786,2026-04-20,Optica Vision,Harina x25kg,7,22632.75,transferencia
V-3787,2026-04-20,Carniceria El Toro,Auriculares,7,141948.37,mercadopago
V-3788,2026-04-20,Optica Vision,Monitor 24'',1,169377.01,efectivo
V-3789,2026-04-20,Bar La Esquina,Resma A4,15,13366.38,transferencia
V-3790,2026-04-20,Imprenta Rapida,Teclado mecanico,2,80942.54,transferencia
V-3791,2026-04-20,Gimnasio Fuerza,Silla ergonomica,5,481976.39,tarjeta
V-3792,2026-04-20,Carniceria El Toro,Servicio mensual,1,44527.40,transferencia
V-3793,2026-04-20,Optica Vision,Aceite x12,10,51860.70,efectivo
V-3794,2026-04-21,Constructora Norte,Harina x25kg,2,5754.66,transferencia
V-3795,2026-04-21,Restaurante El Puerto,Notebook Lenovo,1,611463.81,cheque
V-3796,2026-04-21,Farmacia San Martin,Cafe en grano,9,16937.61,efectivo
V-3797,2026-04-21,Panaderia Ortiz,Mouse inalambrico,8,78935.97,mercadopago
V-3798,2026-04-21,Peluqueria Glamour,Cable HDMI,13,45496.89,transferencia
V-3799,2026-04-21,Optica Vision,Tornillos x100,9,1300.04,tarjeta
V-3800,2026-04-21,Mueblerias Hogar,Carpeta A4,36,46606.46,tarjeta
V-3801,2026-04-21,Farmacia San Martin,Tornillos x100,11,1805.15,tarjeta
V-3802,2026-04-21,Veterinaria Patitas,Teclado mecanico,2,77102.30,efectivo
V-3803,2026-04-21,Sofia Ramirez,Silla ergonomica,6,591292.83,transferencia
V-3804,2026-04-21,Carniceria El Toro,Teclado mecanico,2,81695.95,transferencia
V-3805,2026-04-21,Imprenta Rapida,Toner HP,5,37885.45,tarjeta
V-3806,2026-04-21,Sofia Ramirez,Harina x25kg,5,15724.52,mercadopago
V-3807,2026-04-21,Mueblerias Hogar,Servicio de consultoria,1,19556.75,tarjeta
V-3808,2026-04-21,Bar La Esquina,Agua mineral x6,32,56480.04,tarjeta
V-3809,2026-04-21,Diego Torres,Bolsas x100,8,8628.68,transferencia
V-3810,2026-04-21,Panaderia Ortiz,Mouse inalambrico,9,93137.19,efectivo
V-3811,2026-04-22,Pedro Sanchez,Servicio de consultoria,1,19478.78,tarjeta
V-3812,2026-04-22,Gimnasio Fuerza,Resma A4,15,13900.93,transferencia
V-3813,2026-04-22,Hotel Plaza,Tornillos x100,10,1757.49,transferencia
V-3814,2026-04-22,Estudio Contable RyR,Harina x25kg,10,34031.01,efectivo
V-3815,2026-04-22,Kiosco El Sol,Mouse inalambrico,10,91146.67,tarjeta
V-3816,2026-04-22,Agropecuaria Campo Verde,Disco SSD 1TB,2,137182.60,transferencia
V-3817,2026-04-22,Martin Castro,Servicio de mantenimiento,1,35001.07,mercadopago
V-3818,2026-04-22,Cafe Colonial,Cartucho tinta,5,30778.92,tarjeta
V-3819,2026-04-22,Optica Vision,Cuaderno,39,18841.95,transferencia
V-3820,2026-04-22,Juan Perez,Auriculares,1,23543.84,mercadopago
V-3821,2026-04-22,Carniceria El Toro,Bolsas x100,51,53068.35,tarjeta
V-3822,2026-04-22,Farmacia San Martin,Cable HDMI,10,36517.26,tarjeta
V-3823,2026-04-22,Martin Castro,Cuaderno,13,5613.82,transferencia
V-3824,2026-04-22,Kiosco El Sol,Cable HDMI,10,35085.44,tarjeta
V-3825,2026-04-22,Carniceria El Toro,Cuaderno,27,12033.03,tarjeta
V-3826,2026-04-22,Sofia Ramirez,Hosting mensual,1,12468.67,transferencia
V-3827,2026-04-22,Carniceria El Toro,Auriculares,3,62505.71,tarjeta
V-3828,2026-04-22,Libreria Central,Mouse inalambrico,8,73633.10,transferencia
V-3829,2026-04-22,Kiosco El Sol,Licencia software anual,4,458390.40,mercadopago
V-3830,2026-04-22,Carniceria El Toro,Resma A4,34,33625.66,tarjeta
V-3831,2026-04-22,Agropecuaria Campo Verde,Cartucho tinta,3,20892.39,mercadopago
V-3832,2026-04-23,Panaderia Ortiz,Lapiceras x12,17,42583.28,efectivo
V-3833,2026-04-23,Carlos Rodriguez,Golosinas surtidas,60,9029.01,tarjeta
V-3834,2026-04-23,Carniceria El Toro,Cable HDMI,1,3703.37,transferencia
V-3835,2026-04-23,Libreria Central,Lapiceras x12,2,4702.65,efectivo
V-3836,2026-04-23,Consultora Delta,Hosting mensual,1,11684.83,mercadopago
V-3837,2026-04-23,Pedro Sanchez,Detergente 5L,13,57390.79,tarjeta
V-3838,2026-04-23,Agropecuaria Campo Verde,Licencia software anual,3,373364.09,transferencia
V-3839,2026-04-23,Carniceria El Toro,Detergente 5L,5,19605.26,transferencia
V-3840,2026-04-23,Consultora Delta,Cable HDMI,6,22480.42,transferencia
V-3841,2026-04-23,Constructora Norte,Auriculares,7,152789.12,transferencia
V-3842,2026-04-24,Taller Mecanico Lopez,Armazon,3,43576.91,tarjeta
V-3843,2026-04-24,Consultora Delta,Golosinas surtidas,88,13831.91,efectivo
V-3844,2026-04-24,Carlos Rodriguez,Capacitacion,1,64395.51,tarjeta
V-3845,2026-04-24,Veterinaria Patitas,Carpeta A4,41,53475.84,tarjeta
V-3846,2026-04-24,Imprenta Rapida,Aceite x12,2,11820.59,transferencia
V-3847,2026-04-24,Escuela Sarmiento,Disco SSD 1TB,3,235008.94,transferencia
V-3848,2026-04-24,Agropecuaria Campo Verde,Harina x25kg,8,23151.69,transferencia
V-3849,2026-04-24,Supermercado Don Pepe,Servicio de mantenimiento,1,34357.34,transferencia
V-3850,2026-04-24,Peluqueria Glamour,Licencia software anual,3,331359.89,transferencia
V-3851,2026-04-24,Garcia SA,Bolsas x100,30,32136.93,mercadopago
V-3852,2026-04-24,Pedro Sanchez,Silla ergonomica,5,452470.69,mercadopago
V-3853,2026-04-24,Imprenta Rapida,Cartucho tinta,6,35221.93,efectivo
V-3854,2026-04-24,Farmacia San Martin,Disco SSD 1TB,6,430857.43,transferencia
V-3855,2026-04-24,Bar La Esquina,Servicio mensual,1,46153.15,mercadopago
V-3856,2026-04-24,Kiosco El Sol,Carpeta A4,37,47280.04,mercadopago
V-3857,2026-04-24,Optica Vision,Toner HP,4,33041.53,transferencia
V-3858,2026-04-24,Mueblerias Hogar,Lapiceras x12,28,69950.98,transferencia
V-3859,2026-04-25,Hotel Plaza,Hosting mensual,1,11006.42,transferencia
V-3860,2026-04-25,Transportes Rios,Cuaderno,10,4342.72,transferencia
V-3861,2026-04-25,Ana Martinez,Capacitacion,2,112855.13,efectivo
V-3862,2026-04-25,Escuela Sarmiento,Armazon,2,32968.74,efectivo
V-3863,2026-04-25,Almacen La Paz,Lapiceras x12,5,11371.56,tarjeta
V-3864,2026-04-25,Cafe Colonial,Harina x25kg,2,5599.91,transferencia
V-3865,2026-04-25,Estudio Contable RyR,Pendrive 64GB,5,44175.57,transferencia
V-3866,2026-04-25,Gimnasio Fuerza,Disco SSD 1TB,1,68027.88,transferencia
V-3867,2026-04-25,Bar La Esquina,Mouse inalambrico,10,98572.56,efectivo
V-3868,2026-04-25,Martin Castro,Lapiceras x12,17,41301.72,efectivo
V-3869,2026-04-25,Hotel Plaza,Golosinas surtidas,81,10951.35,transferencia
V-3870,2026-04-25,Gimnasio Fuerza,Pendrive 64GB,17,145274.03,tarjeta
V-3871,2026-04-25,Valentina Diaz,Carpeta A4,13,16957.74,efectivo
V-3872,2026-04-25,Imprenta Rapida,Hosting mensual,1,11798.60,efectivo
V-3873,2026-04-26,Sofia Ramirez,Servicio de mantenimiento,1,33870.69,tarjeta
V-3874,2026-04-26,Distribuidora Sur,Aceite x12,5,30566.78,tarjeta
V-3875,2026-04-26,Consultora Delta,Harina x25kg,10,29991.17,tarjeta
V-3876,2026-04-26,Hotel Plaza,Harina x25kg,11,33567.80,efectivo
V-3877,2026-04-26,Peluqueria Glamour,Harina x25kg,11,32654.38,transferencia
V-3878,2026-04-26,Almacen La Paz,Licencia software anual,1,131223.23,cheque
V-3879,2026-04-26,Comercial Andrade,Servicio de consultoria,1,20100.53,mercadopago
V-3880,2026-04-26,Hotel Plaza,Notebook Lenovo,1,657401.06,tarjeta
V-3881,2026-04-26,Taller Mecanico Lopez,Servicio de mantenimiento,1,29265.59,transferencia
V-3882,2026-04-26,Imprenta Rapida,Carpeta A4,12,15262.02,transferencia
V-3883,2026-04-26,Juan Perez,Servicio de consultoria,1,17907.74,tarjeta
V-3884,2026-04-26,Libreria Central,Agua mineral x6,45,79796.06,efectivo
V-3885,2026-04-26,Inmobiliaria Sol,Cuaderno,24,10334.22,tarjeta
V-3886,2026-04-26,Diego Torres,Mouse inalambrico,7,69785.87,transferencia
V-3887,2026-04-27,Sofia Ramirez,Pendrive 64GB,8,66953.78,efectivo
V-3888,2026-04-27,Comercial Andrade,Cuaderno,31,12972.68,transferencia
V-3889,2026-04-27,Optica Vision,Pendrive 64GB,17,158510.43,mercadopago
V-3890,2026-04-27,Kiosco El Sol,Cuaderno,18,8828.52,tarjeta
V-3891,2026-04-27,Estudio Contable RyR,Hosting mensual,1,12498.16,efectivo
V-3892,2026-04-27,Martin Castro,Servicio mensual,1,41636.66,transferencia
V-3893,2026-04-27,Lucia Fernandez,Capacitacion,3,162255.03,tarjeta
V-3894,2026-04-27,Ferreteria Nuñez,Notebook Lenovo,2,1299097.52,tarjeta
V-3895,2026-04-27,Ana Martinez,Teclado mecanico,3,113761.46,efectivo
V-3896,2026-04-27,Optica Vision,Monitor 24'',3,488616.34,efectivo
V-3897,2026-04-27,Transportes Rios,Mouse inalambrico,9,91836.78,transferencia
V-3898,2026-04-28,Imprenta Rapida,Tornillos x100,27,4302.79,transferencia
V-3899,2026-04-28,Pedro Sanchez,Armazon,3,46349.65,transferencia
V-3900,2026-04-28,Cafe Colonial,Servicio de mantenimiento,1,30882.78,transferencia
V-3901,2026-04-28,Pedro Sanchez,Capacitacion,3,188708.45,mercadopago
V-3902,2026-04-28,Constructora Norte,Cartucho tinta,4,27193.69,transferencia
V-3903,2026-04-28,Bar La Esquina,Pendrive 64GB,6,53226.55,tarjeta
V-3904,2026-04-28,Ana Martinez,Tornillos x100,9,1427.66,transferencia
V-3905,2026-04-28,Mueblerias Hogar,Hosting mensual,1,13021.91,mercadopago
V-3906,2026-04-28,Libreria Central,Capacitacion,1,57909.87,transferencia
V-3907,2026-04-28,Optica Vision,Servicio de mantenimiento,1,33542.37,mercadopago
V-3908,2026-04-28,Mueblerias Hogar,Cable HDMI,7,25967.07,transferencia
V-3909,2026-04-28,Panaderia Ortiz,Cuaderno,20,9095.65,transferencia
V-3910,2026-04-28,Taller Mecanico Lopez,Tornillos x100,25,4122.66,efectivo
V-3911,2026-04-28,Valentina Diaz,Pendrive 64GB,18,143917.51,mercadopago
V-3912,2026-04-28,Transportes Rios,Aceite x12,7,36884.81,efectivo
V-3913,2026-04-28,Constructora Norte,Carpeta A4,36,40771.00,transferencia
V-3914,2026-04-28,Farmacia San Martin,Servicio de consultoria,1,17615.84,tarjeta
V-3915,2026-04-29,Bar La Esquina,Disco SSD 1TB,4,306672.77,transferencia
V-3916,2026-04-29,Agropecuaria Campo Verde,Monitor 24'',4,648387.08,transferencia
V-3917,2026-04-29,Taller Mecanico Lopez,Resma A4,15,13529.65,efectivo
V-3918,2026-04-29,Diego Torres,Licencia software anual,4,504935.58,efectivo
V-3919,2026-04-29,Imprenta Rapida,Servicio mensual,1,46871.27,transferencia
V-3920,2026-04-29,Garcia SA,Cartucho tinta,4,24079.48,efectivo
V-3921,2026-04-29,Hotel Plaza,Disco SSD 1TB,1,69520.74,tarjeta
V-3922,2026-04-29,Libreria Central,Hosting mensual,1,12115.15,transferencia
V-3923,2026-04-29,Diego Torres,Notebook Lenovo,2,1304727.20,tarjeta
V-3924,2026-04-29,Peluqueria Glamour,Detergente 5L,16,67450.31,efectivo
V-3925,2026-04-29,Hotel Plaza,Monitor 24'',3,559828.51,efectivo
V-3926,2026-04-29,Carniceria El Toro,Armazon,2,29368.13,tarjeta
V-3927,2026-04-29,Consultora Delta,Notebook Lenovo,1,583047.40,cheque
V-3928,2026-04-29,Agropecuaria Campo Verde,Cafe en grano,8,16465.30,efectivo
V-3929,2026-04-29,Kiosco El Sol,Servicio de mantenimiento,1,29500.68,transferencia
V-3930,2026-04-30,Agropecuaria Campo Verde,Pendrive 64GB,6,55631.76,mercadopago
V-3931,2026-04-30,Panaderia Ortiz,Pendrive 64GB,3,23066.49,tarjeta
V-3932,2026-04-30,Garcia SA,Tornillos x100,42,7055.03,transferencia
V-3933,2026-04-30,Peluqueria Glamour,Servicio mensual,1,42994.66,transferencia
V-3934,2026-04-30,Agropecuaria Campo Verde,Licencia software anual,2,259759.41,tarjeta
V-3935,2026-04-30,Mueblerias Hogar,Silla ergonomica,1,89497.92,tarjeta
V-3936,2026-04-30,Marta Gomez,Licencia software anual,1,111484.42,tarjeta
V-3937,2026-04-30,Optica Vision,Cable HDMI,3,9692.68,transferencia
V-3938,2026-04-30,Distribuidora Sur,Detergente 5L,16,65991.90,transferencia
V-3939,2026-04-30,Pedro Sanchez,Licencia software anual,1,110782.41,tarjeta
V-3940,2026-04-30,Cafe Colonial,Golosinas surtidas,43,5858.99,efectivo
V-3941,2026-04-30,Inmobiliaria Sol,Monitor 24'',2,376055.95,efectivo
V-3942,2026-04-30,Cafe Colonial,Auriculares,4,82683.94,efectivo
V-3943,2026-04-30,Carlos Rodriguez,Servicio mensual,1,43142.51,tarjeta
V-3944,2026-04-30,Libreria Central,Harina x25kg,5,15612.06,tarjeta
V-3945,2026-04-30,Inmobiliaria Sol,Carpeta A4,47,59911.00,transferencia
V-3946,2026-05-01,Ferreteria Nuñez,Disco SSD 1TB,3,210426.17,transferencia
V-3947,2026-05-01,Distribuidora Sur,Hosting mensual,1,12300.84,mercadopago
V-3948,2026-05-01,Imprenta Rapida,Pendrive 64GB,1,8629.93,cheque
V-3949,2026-05-01,Distribuidora Sur,Golosinas surtidas,96,13785.73,transferencia
V-3950,2026-05-01,Hotel Plaza,Capacitacion,3,168971.54,cheque
V-3951,2026-05-01,Kiosco El Sol,Armazon,4,66211.61,efectivo
V-3952,2026-05-01,Ana Martinez,Cable HDMI,11,34659.52,efectivo
V-3953,2026-05-01,Mueblerias Hogar,Servicio de mantenimiento,1,29620.50,tarjeta
V-3954,2026-05-01,Transportes Rios,Servicio de consultoria,1,17496.79,transferencia
V-3955,2026-05-01,Gimnasio Fuerza,Aceite x12,4,22452.81,tarjeta
V-3956,2026-05-01,Distribuidora Sur,Cartucho tinta,6,38121.48,transferencia
V-3957,2026-05-01,Panaderia Ortiz,Servicio de consultoria,1,20133.60,transferencia
V-3958,2026-05-01,Hotel Plaza,Silla ergonomica,1,93526.74,tarjeta
V-3959,2026-05-01,Consultora Delta,Silla ergonomica,2,192186.08,transferencia
V-3960,2026-05-01,Ferreteria Nuñez,Licencia software anual,5,547382.23,tarjeta
V-3961,2026-05-01,Supermercado Don Pepe,Pendrive 64GB,19,146072.89,transferencia
V-3962,2026-05-01,Estudio Contable RyR,Pendrive 64GB,10,85527.80,transferencia
V-3963,2026-05-01,Comercial Andrade,Aceite x12,3,18220.97,transferencia
V-3964,2026-05-01,Taller Mecanico Lopez,Bolsas x100,60,63168.02,transferencia
V-3965,2026-05-02,Constructora Norte,Servicio de consultoria,1,20009.53,mercadopago
V-3966,2026-05-02,Lucia Fernandez,Servicio de mantenimiento,1,31158.82,tarjeta
V-3967,2026-05-02,Gimnasio Fuerza,Armazon,4,63117.52,tarjeta
V-3968,2026-05-02,Farmacia San Martin,Teclado mecanico,2,82775.71,tarjeta
V-3969,2026-05-02,Farmacia San Martin,Toner HP,2,17291.14,tarjeta
V-3970,2026-05-02,Marta Gomez,Servicio de consultoria,1,16813.26,efectivo
V-3971,2026-05-02,Garcia SA,Hosting mensual,1,10892.95,efectivo
V-3972,2026-05-02,Supermercado Don Pepe,Cable HDMI,13,44704.41,transferencia
V-3973,2026-05-02,Ferreteria Nuñez,Mouse inalambrico,5,51581.75,tarjeta
V-3974,2026-05-02,Comercial Andrade,Teclado mecanico,5,172619.69,tarjeta
V-3975,2026-05-02,Panaderia Ortiz,Hosting mensual,1,11874.63,tarjeta
V-3976,2026-05-02,Marta Gomez,Pendrive 64GB,4,37224.57,tarjeta
V-3977,2026-05-02,Estudio Contable RyR,Servicio mensual,1,44177.28,transferencia
V-3978,2026-05-03,Marta Gomez,Monitor 24'',2,347914.03,efectivo
V-3979,2026-05-03,Consultora Delta,Cuaderno,28,13784.32,tarjeta
V-3980,2026-05-03,Carlos Rodriguez,Servicio mensual,1,42074.83,transferencia
V-3981,2026-05-03,Carniceria El Toro,Servicio de mantenimiento,1,29963.05,efectivo
V-3982,2026-05-03,Almacen La Paz,Detergente 5L,13,54019.27,tarjeta
V-3983,2026-05-03,Valentina Diaz,Silla ergonomica,1,89386.68,transferencia
V-3984,2026-05-03,Optica Vision,Servicio mensual,1,45962.66,efectivo
V-3985,2026-05-03,Almacen La Paz,Auriculares,8,190853.32,mercadopago
V-3986,2026-05-03,Mueblerias Hogar,Teclado mecanico,2,69599.79,transferencia
V-3987,2026-05-03,Escuela Sarmiento,Cafe en grano,15,27829.33,transferencia
V-3988,2026-05-03,Almacen La Paz,Notebook Lenovo,2,1215940.12,transferencia
V-3989,2026-05-03,Kiosco El Sol,Harina x25kg,12,37864.50,efectivo
V-3990,2026-05-03,Transportes Rios,Notebook Lenovo,2,1261951.54,transferencia
V-3991,2026-05-03,Farmacia San Martin,Aceite x12,1,5152.40,tarjeta
V-3992,2026-05-03,Agropecuaria Campo Verde,Cartucho tinta,2,13833.42,efectivo
V-3993,2026-05-03,Imprenta Rapida,Pendrive 64GB,9,77634.78,transferencia
V-3994,2026-05-03,Libreria Central,Bolsas x100,9,9537.00,transferencia
V-3995,2026-05-03,Mueblerias Hogar,Licencia software anual,5,600220.32,transferencia
V-3996,2026-05-03,Constructora Norte,Capacitacion,3,191581.62,efectivo
V-3997,2026-05-03,Kiosco El Sol,Lapiceras x12,17,41933.27,transferencia
V-3998,2026-05-03,Clinica Belgrano,Servicio de mantenimiento,1,33185.00,tarjeta
V-3999,2026-05-04,Pedro Sanchez,Cartucho tinta,5,29913.36,mercadopago
V-4000,2026-05-04,Marta Gomez,Golosinas surtidas,47,7028.79,tarjeta
V-4001,2026-05-04,Libreria Central,Servicio de mantenimiento,1,30388.75,efectivo
V-4002,2026-05-04,Peluqueria Glamour,Teclado mecanico,2,71606.22,efectivo
V-4003,2026-05-04,Bar La Esquina,Licencia software anual,3,365966.20,cheque
V-4004,2026-05-04,Farmacia San Martin,Monitor 24'',1,164411.84,transferencia
V-4005,2026-05-04,Transportes Rios,Teclado mecanico,2,68799.87,transferencia
V-4006,2026-05-04,Clinica Belgrano,Monitor 24'',2,331609.77,transferencia
V-4007,2026-05-04,Garcia SA,Tornillos x100,47,7768.70,tarjeta
V-4008,2026-05-04,Carniceria El Toro,Detergente 5L,10,38598.66,mercadopago
V-4009,2026-05-04,Cafe Colonial,Hosting mensual,1,11364.51,tarjeta
V-4010,2026-05-05,Mueblerias Hogar,Licencia software anual,5,646194.12,tarjeta
V-4011,2026-05-05,Sofia Ramirez,Golosinas surtidas,34,4675.17,mercadopago
V-4012,2026-05-05,Mueblerias Hogar,Cable HDMI,14,49367.52,mercadopago
V-4013,2026-05-05,Kiosco El Sol,Auriculares,1,23387.40,cheque
V-4014,2026-05-05,Lucia Fernandez,Auriculares,7,166140.24,tarjeta
V-4015,2026-05-05,Gimnasio Fuerza,Tornillos x100,12,1901.30,tarjeta
V-4016,2026-05-05,Sofia Ramirez,Cable HDMI,15,49697.95,cheque
V-4017,2026-05-05,Carniceria El Toro,Armazon,4,67363.09,transferencia
V-4018,2026-05-05,Juan Perez,Hosting mensual,1,11422.80,tarjeta
V-4019,2026-05-05,Libreria Central,Harina x25kg,9,28829.54,efectivo
V-4020,2026-05-05,Martin Castro,Mouse inalambrico,10,89868.51,tarjeta
V-4021,2026-05-05,Optica Vision,Disco SSD 1TB,6,465118.54,tarjeta
V-4022,2026-05-05,Consultora Delta,Silla ergonomica,6,606154.21,efectivo
V-4023,2026-05-05,Peluqueria Glamour,Licencia software anual,4,485730.14,transferencia
V-4024,2026-05-05,Escuela Sarmiento,Cable HDMI,13,44518.15,efectivo
V-4025,2026-05-05,Gimnasio Fuerza,Notebook Lenovo,2,1126697.40,transferencia
V-4026,2026-05-05,Ferreteria Nuñez,Toner HP,3,26266.95,efectivo
V-4027,2026-05-05,Juan Perez,Teclado mecanico,1,36895.04,tarjeta
V-4028,2026-05-06,Restaurante El Puerto,Cartucho tinta,4,24320.55,efectivo
V-4029,2026-05-06,Pedro Sanchez,Hosting mensual,1,11599.94,tarjeta
V-4030,2026-05-06,Constructora Norte,Disco SSD 1TB,4,304862.02,transferencia
V-4031,2026-05-06,Clinica Belgrano,Agua mineral x6,7,13569.61,efectivo
V-4032,2026-05-06,Taller Mecanico Lopez,Cuaderno,29,12746.54,efectivo
V-4033,2026-05-06,Sofia Ramirez,Auriculares,7,139389.13,tarjeta
V-4034,2026-05-06,Panaderia Ortiz,Golosinas surtidas,28,4152.92,tarjeta
V-4035,2026-05-06,Gimnasio Fuerza,Toner HP,4,30082.36,tarjeta
V-4036,2026-05-07,Consultora Delta,Cafe en grano,15,30781.90,tarjeta
V-4037,2026-05-07,Agropecuaria Campo Verde,Golosinas surtidas,20,3001.52,mercadopago
V-4038,2026-05-07,Constructora Norte,Disco SSD 1TB,2,142977.55,tarjeta
V-4039,2026-05-07,Almacen La Paz,Lapiceras x12,9,22092.83,transferencia
V-4040,2026-05-07,Inmobiliaria Sol,Aceite x12,7,39736.60,tarjeta
V-4041,2026-05-07,Cafe Colonial,Servicio de mantenimiento,1,31519.45,efectivo
V-4042,2026-05-07,Bar La Esquina,Resma A4,24,21734.95,tarjeta
V-4043,2026-05-07,Martin Castro,Disco SSD 1TB,6,427345.66,tarjeta
V-4044,2026-05-07,Estudio Contable RyR,Tornillos x100,18,3003.69,transferencia
V-4045,2026-05-07,Comercial Andrade,Silla ergonomica,6,559470.10,transferencia
V-4046,2026-05-07,Imprenta Rapida,Cafe en grano,2,4334.68,tarjeta
V-4047,2026-05-08,Garcia SA,Toner HP,4,31314.28,mercadopago
V-4048,2026-05-08,Diego Torres,Armazon,3,48829.43,transferencia
V-4049,2026-05-08,Imprenta Rapida,Toner HP,5,37238.63,efectivo
V-4050,2026-05-08,Consultora Delta,Pendrive 64GB,7,61844.47,transferencia
V-4051,2026-05-08,Kiosco El Sol,Servicio de mantenimiento,1,31373.21,tarjeta
V-4052,2026-05-08,Kiosco El Sol,Cable HDMI,8,30220.82,efectivo
V-4053,2026-05-08,Agropecuaria Campo Verde,Golosinas surtidas,53,8100.33,efectivo
V-4054,2026-05-08,Comercial Andrade,Agua mineral x6,7,12717.70,efectivo
V-4055,2026-05-08,Ferreteria Nuñez,Monitor 24'',2,330976.66,tarjeta
V-4056,2026-05-08,Estudio Contable RyR,Teclado mecanico,5,203216.05,efectivo
V-4057,2026-05-08,Constructora Norte,Capacitacion,2,122941.14,tarjeta
V-4058,2026-05-08,Carniceria El Toro,Aceite x12,9,50501.62,tarjeta
V-4059,2026-05-08,Mueblerias Hogar,Auriculares,4,91500.30,tarjeta
V-4060,2026-05-08,Peluqueria Glamour,Licencia software anual,5,592841.60,tarjeta
V-4061,2026-05-08,Mueblerias Hogar,Cuaderno,10,4344.59,transferencia
V-4062,2026-05-08,Bar La Esquina,Harina x25kg,12,33846.80,tarjeta
V-4063,2026-05-09,Marta Gomez,Cable HDMI,10,36256.66,efectivo
V-4064,2026-05-09,Taller Mecanico Lopez,Disco SSD 1TB,4,329681.04,efectivo
V-4065,2026-05-09,Kiosco El Sol,Mouse inalambrico,1,9508.47,tarjeta
V-4066,2026-05-09,Martin Castro,Teclado mecanico,1,35925.73,tarjeta
V-4067,2026-05-09,Ana Martinez,Disco SSD 1TB,5,398062.79,tarjeta
V-4068,2026-05-09,Distribuidora Sur,Cafe en grano,8,17522.77,transferencia
V-4069,2026-05-09,Martin Castro,Servicio de mantenimiento,1,30896.98,transferencia
V-4070,2026-05-09,Martin Castro,Silla ergonomica,1,86433.88,efectivo
V-4071,2026-05-09,Lucia Fernandez,Servicio de mantenimiento,1,33964.76,tarjeta
V-4072,2026-05-09,Restaurante El Puerto,Servicio de mantenimiento,1,29945.14,mercadopago
V-4073,2026-05-09,Valentina Diaz,Mouse inalambrico,5,51798.07,tarjeta
V-4074,2026-05-09,Imprenta Rapida,Teclado mecanico,4,149277.99,efectivo
V-4075,2026-05-09,Lucia Fernandez,Aceite x12,3,15439.09,transferencia
V-4076,2026-05-09,Sofia Ramirez,Pendrive 64GB,12,101796.60,transferencia
V-4077,2026-05-09,Lucia Fernandez,Carpeta A4,6,7302.54,efectivo
V-4078,2026-05-09,Martin Castro,Cafe en grano,5,10562.52,transferencia
V-4079,2026-05-10,Hotel Plaza,Golosinas surtidas,51,8196.27,transferencia
V-4080,2026-05-10,Libreria Central,Mouse inalambrico,7,72486.59,efectivo
V-4081,2026-05-10,Constructora Norte,Harina x25kg,6,16941.60,tarjeta
V-4082,2026-05-10,Marta Gomez,Licencia software anual,5,581642.82,transferencia
V-4083,2026-05-10,Libreria Central,Auriculares,7,143536.14,transferencia
V-4084,2026-05-10,Sofia Ramirez,Golosinas surtidas,57,8004.59,tarjeta
V-4085,2026-05-10,Escuela Sarmiento,Carpeta A4,35,43629.18,transferencia
V-4086,2026-05-10,Pedro Sanchez,Golosinas surtidas,60,9203.89,transferencia
V-4087,2026-05-10,Estudio Contable RyR,Resma A4,16,15145.99,transferencia
V-4088,2026-05-11,Inmobiliaria Sol,Auriculares,5,110735.00,tarjeta
V-4089,2026-05-11,Carniceria El Toro,Notebook Lenovo,1,652301.12,transferencia
V-4090,2026-05-11,Constructora Norte,Silla ergonomica,5,476545.69,tarjeta
V-4091,2026-05-11,Ferreteria Nuñez,Silla ergonomica,5,439645.95,transferencia
V-4092,2026-05-11,Comercial Andrade,Licencia software anual,3,355974.36,mercadopago
V-4093,2026-05-11,Clinica Belgrano,Aceite x12,8,42270.38,efectivo
V-4094,2026-05-11,Almacen La Paz,Pendrive 64GB,6,52413.66,transferencia
V-4095,2026-05-11,Marta Gomez,Cable HDMI,2,7587.33,transferencia
V-4096,2026-05-11,Escuela Sarmiento,Aceite x12,4,23873.50,transferencia
V-4097,2026-05-11,Pedro Sanchez,Teclado mecanico,3,118478.70,efectivo
V-4098,2026-05-11,Gimnasio Fuerza,Cartucho tinta,1,6449.57,cheque
V-4099,2026-05-11,Farmacia San Martin,Agua mineral x6,15,26289.88,mercadopago
V-4100,2026-05-11,Valentina Diaz,Tornillos x100,24,3554.24,efectivo
V-4101,2026-05-12,Farmacia San Martin,Cafe en grano,10,19297.20,tarjeta
V-4102,2026-05-12,Almacen La Paz,Disco SSD 1TB,3,204621.71,transferencia
V-4103,2026-05-12,Transportes Rios,Agua mineral x6,28,48234.89,transferencia
V-4104,2026-05-12,Kiosco El Sol,Golosinas surtidas,45,7216.44,transferencia
V-4105,2026-05-12,Sofia Ramirez,Servicio mensual,1,48911.89,transferencia
V-4106,2026-05-12,Cafe Colonial,Cartucho tinta,8,53894.59,efectivo
V-4107,2026-05-12,Constructora Norte,Resma A4,33,32267.43,efectivo
V-4108,2026-05-12,Optica Vision,Cafe en grano,12,23008.66,tarjeta
V-4109,2026-05-12,Valentina Diaz,Servicio de consultoria,1,19860.16,tarjeta
V-4110,2026-05-12,Escuela Sarmiento,Detergente 5L,7,31279.53,tarjeta
V-4111,2026-05-12,Kiosco El Sol,Servicio de consultoria,1,19614.43,tarjeta
V-4112,2026-05-12,Farmacia San Martin,Mouse inalambrico,4,41761.34,transferencia
V-4113,2026-05-12,Martin Castro,Agua mineral x6,17,27743.18,cheque
V-4114,2026-05-13,Peluqueria Glamour,Cafe en grano,7,14613.72,efectivo
V-4115,2026-05-13,Veterinaria Patitas,Aceite x12,10,61489.25,efectivo
V-4116,2026-05-13,Estudio Contable RyR,Carpeta A4,24,25988.06,tarjeta
V-4117,2026-05-13,Escuela Sarmiento,Bolsas x100,60,64631.68,tarjeta
V-4118,2026-05-13,Almacen La Paz,Lapiceras x12,30,65764.24,transferencia
V-4119,2026-05-13,Hotel Plaza,Tornillos x100,22,3346.89,transferencia
V-4120,2026-05-13,Ana Martinez,Teclado mecanico,1,40476.47,efectivo
V-4121,2026-05-13,Escuela Sarmiento,Carpeta A4,28,34866.28,tarjeta
V-4122,2026-05-13,Valentina Diaz,Servicio mensual,1,46841.19,transferencia
V-4123,2026-05-13,Imprenta Rapida,Agua mineral x6,48,89007.74,transferencia
V-4124,2026-05-13,Transportes Rios,Licencia software anual,1,111530.01,mercadopago
V-4125,2026-05-13,Carniceria El Toro,Lapiceras x12,23,52500.24,efectivo
V-4126,2026-05-13,Inmobiliaria Sol,Hosting mensual,1,13171.61,tarjeta
V-4127,2026-05-13,Imprenta Rapida,Golosinas surtidas,96,13135.45,tarjeta
V-4128,2026-05-13,Estudio Contable RyR,Bolsas x100,13,15265.28,transferencia
V-4129,2026-05-13,Supermercado Don Pepe,Monitor 24'',2,342273.10,transferencia
V-4130,2026-05-14,Pedro Sanchez,Resma A4,39,40522.73,efectivo
V-4131,2026-05-14,Ana Martinez,Tornillos x100,22,3261.07,efectivo
V-4132,2026-05-14,Optica Vision,Agua mineral x6,19,34831.97,tarjeta
V-4133,2026-05-14,Panaderia Ortiz,Cafe en grano,11,23286.33,cheque
V-4134,2026-05-14,Garcia SA,Agua mineral x6,47,85441.02,tarjeta
V-4135,2026-05-14,Agropecuaria Campo Verde,Capacitacion,1,65324.42,transferencia
V-4136,2026-05-14,Marta Gomez,Tornillos x100,38,6526.19,efectivo
V-4137,2026-05-14,Bar La Esquina,Cartucho tinta,4,24272.47,transferencia
V-4138,2026-05-14,Libreria Central,Toner HP,1,7589.89,mercadopago
V-4139,2026-05-14,Pedro Sanchez,Servicio de consultoria,1,19209.16,tarjeta
V-4140,2026-05-14,Garcia SA,Mouse inalambrico,2,17817.61,tarjeta
V-4141,2026-05-14,Valentina Diaz,Agua mineral x6,43,80054.40,mercadopago
V-4142,2026-05-14,Bar La Esquina,Detergente 5L,17,74468.29,transferencia
V-4143,2026-05-14,Pedro Sanchez,Resma A4,23,21355.30,efectivo
V-4144,2026-05-14,Taller Mecanico Lopez,Cuaderno,8,3900.43,mercadopago
V-4145,2026-05-15,Ferreteria Nuñez,Cuaderno,25,11587.22,tarjeta
V-4146,2026-05-15,Consultora Delta,Disco SSD 1TB,1,79292.53,tarjeta
V-4147,2026-05-15,Carlos Rodriguez,Disco SSD 1TB,5,385613.59,transferencia
V-4148,2026-05-15,Estudio Contable RyR,Teclado mecanico,5,183022.90,transferencia
V-4149,2026-05-15,Constructora Norte,Servicio mensual,1,44613.40,mercadopago
V-4150,2026-05-15,Consultora Delta,Servicio de consultoria,1,19674.27,mercadopago
V-4151,2026-05-15,Kiosco El Sol,Cable HDMI,10,34154.33,transferencia
V-4152,2026-05-15,Almacen La Paz,Carpeta A4,49,53461.87,cheque
V-4153,2026-05-15,Ferreteria Nuñez,Detergente 5L,14,57883.68,transferencia
V-4154,2026-05-15,Hotel Plaza,Carpeta A4,46,54018.58,transferencia
V-4155,2026-05-15,Supermercado Don Pepe,Resma A4,10,10304.08,cheque
V-4156,2026-05-15,Estudio Contable RyR,Servicio de consultoria,1,18654.12,tarjeta
V-4157,2026-05-15,Cafe Colonial,Capacitacion,3,171679.12,tarjeta
V-4158,2026-05-15,Valentina Diaz,Lapiceras x12,21,45511.65,efectivo
V-4159,2026-05-15,Restaurante El Puerto,Teclado mecanico,4,153466.34,tarjeta
V-4160,2026-05-15,Agropecuaria Campo Verde,Mouse inalambrico,9,92179.86,tarjeta
V-4161,2026-05-15,Comercial Andrade,Tornillos x100,29,4739.23,tarjeta
V-4162,2026-05-16,Inmobiliaria Sol,Cartucho tinta,7,46028.07,mercadopago
V-4163,2026-05-16,Diego Torres,Servicio de mantenimiento,1,31823.86,efectivo
V-4164,2026-05-16,Mueblerias Hogar,Resma A4,28,25117.84,tarjeta
V-4165,2026-05-16,Agropecuaria Campo Verde,Armazon,4,66264.27,tarjeta
V-4166,2026-05-16,Taller Mecanico Lopez,Mouse inalambrico,1,10178.70,transferencia
V-4167,2026-05-16,Gimnasio Fuerza,Resma A4,13,12693.97,tarjeta
V-4168,2026-05-16,Libreria Central,Agua mineral x6,38,69457.63,tarjeta
V-4169,2026-05-16,Comercial Andrade,Cuaderno,10,4547.97,efectivo
V-4170,2026-05-16,Distribuidora Sur,Carpeta A4,41,47906.47,mercadopago
V-4171,2026-05-16,Peluqueria Glamour,Hosting mensual,1,11666.90,transferencia
V-4172,2026-05-16,Restaurante El Puerto,Toner HP,4,32313.54,efectivo
V-4173,2026-05-16,Pedro Sanchez,Detergente 5L,6,25140.92,tarjeta
V-4174,2026-05-16,Valentina Diaz,Hosting mensual,1,11031.77,transferencia
V-4175,2026-05-16,Almacen La Paz,Resma A4,30,32313.39,transferencia
V-4176,2026-05-17,Escuela Sarmiento,Tornillos x100,14,2286.22,transferencia
V-4177,2026-05-17,Farmacia San Martin,Servicio de mantenimiento,1,31675.39,efectivo
V-4178,2026-05-17,Estudio Contable RyR,Armazon,3,50371.10,efectivo
V-4179,2026-05-17,Juan Perez,Armazon,3,45317.49,transferencia
V-4180,2026-05-17,Agropecuaria Campo Verde,Disco SSD 1TB,5,346981.43,transferencia
V-4181,2026-05-17,Comercial Andrade,Pendrive 64GB,12,101937.68,efectivo
V-4182,2026-05-17,Constructora Norte,Servicio de consultoria,1,16884.47,transferencia
V-4183,2026-05-17,Marta Gomez,Bolsas x100,26,28085.25,tarjeta
V-4184,2026-05-17,Escuela Sarmiento,Servicio mensual,1,43006.02,cheque
V-4185,2026-05-17,Cafe Colonial,Lapiceras x12,7,18209.66,transferencia
V-4186,2026-05-17,Comercial Andrade,Cable HDMI,15,55519.25,transferencia
V-4187,2026-05-17,Inmobiliaria Sol,Silla ergonomica,5,489435.22,transferencia
V-4188,2026-05-17,Taller Mecanico Lopez,Bolsas x100,21,24102.89,transferencia
V-4189,2026-05-17,Carniceria El Toro,Teclado mecanico,1,37160.09,mercadopago
V-4190,2026-05-17,Kiosco El Sol,Hosting mensual,1,10814.99,transferencia
V-4191,2026-05-18,Agropecuaria Campo Verde,Armazon,1,14233.55,tarjeta
V-4192,2026-05-18,Estudio Contable RyR,Servicio de consultoria,1,19772.21,cheque
V-4193,2026-05-18,Almacen La Paz,Detergente 5L,4,16178.34,transferencia
V-4194,2026-05-18,Supermercado Don Pepe,Carpeta A4,7,8809.70,mercadopago
V-4195,2026-05-18,Agropecuaria Campo Verde,Pendrive 64GB,15,116107.62,transferencia
V-4196,2026-05-18,Almacen La Paz,Notebook Lenovo,1,615334.56,tarjeta
V-4197,2026-05-18,Escuela Sarmiento,Detergente 5L,2,7567.73,transferencia
V-4198,2026-05-18,Ferreteria Nuñez,Bolsas x100,58,70026.55,mercadopago
V-4199,2026-05-18,Imprenta Rapida,Servicio de mantenimiento,1,32395.36,efectivo
V-4200,2026-05-18,Agropecuaria Campo Verde,Cafe en grano,14,28816.81,tarjeta
V-4201,2026-05-18,Ana Martinez,Teclado mecanico,5,192102.65,efectivo
V-4202,2026-05-18,Farmacia San Martin,Teclado mecanico,3,105598.32,transferencia
V-4203,2026-05-19,Ferreteria Nuñez,Silla ergonomica,1,93354.97,mercadopago
V-4204,2026-05-19,Carlos Rodriguez,Hosting mensual,1,13145.77,efectivo
V-4205,2026-05-19,Kiosco El Sol,Hosting mensual,1,11311.72,transferencia
V-4206,2026-05-19,Valentina Diaz,Harina x25kg,2,5770.62,efectivo
V-4207,2026-05-19,Kiosco El Sol,Mouse inalambrico,4,40647.28,tarjeta
V-4208,2026-05-19,Hotel Plaza,Cuaderno,18,8862.73,tarjeta
V-4209,2026-05-19,Taller Mecanico Lopez,Lapiceras x12,26,67158.74,transferencia
V-4210,2026-05-19,Marta Gomez,Auriculares,3,64952.93,tarjeta
V-4211,2026-05-19,Almacen La Paz,Aceite x12,9,50637.43,tarjeta
V-4212,2026-05-19,Farmacia San Martin,Servicio de mantenimiento,1,35134.25,mercadopago
V-4213,2026-05-19,Libreria Central,Auriculares,4,88830.06,transferencia
V-4214,2026-05-19,Lucia Fernandez,Cafe en grano,8,17347.64,tarjeta
V-4215,2026-05-19,Veterinaria Patitas,Golosinas surtidas,89,12141.65,transferencia
V-4216,2026-05-19,Marta Gomez,Capacitacion,2,130248.29,tarjeta
V-4217,2026-05-19,Hotel Plaza,Monitor 24'',3,524063.44,mercadopago
V-4218,2026-05-19,Comercial Andrade,Tornillos x100,18,2917.19,tarjeta
V-4219,2026-05-19,Imprenta Rapida,Cartucho tinta,6,42138.04,transferencia
V-4220,2026-05-19,Garcia SA,Silla ergonomica,6,592781.44,efectivo
V-4221,2026-05-19,Estudio Contable RyR,Licencia software anual,1,129347.60,mercadopago
V-4222,2026-05-20,Pedro Sanchez,Toner HP,4,34207.33,transferencia
V-4223,2026-05-20,Restaurante El Puerto,Detergente 5L,2,7799.10,efectivo
V-4224,2026-05-20,Libreria Central,Monitor 24'',4,655773.61,transferencia
V-4225,2026-05-20,Hotel Plaza,Servicio de consultoria,1,19303.22,mercadopago
V-4226,2026-05-20,Ferreteria Nuñez,Harina x25kg,6,19338.91,efectivo
V-4227,2026-05-20,Libreria Central,Servicio de consultoria,1,19117.39,tarjeta
V-4228,2026-05-20,Marta Gomez,Harina x25kg,11,33127.09,transferencia
V-4229,2026-05-20,Marta Gomez,Pendrive 64GB,14,125177.21,transferencia
V-4230,2026-05-20,Libreria Central,Toner HP,3,22912.95,mercadopago
V-4231,2026-05-20,Cafe Colonial,Armazon,3,45943.44,transferencia
V-4232,2026-05-20,Diego Torres,Monitor 24'',3,490733.20,transferencia
V-4233,2026-05-20,Transportes Rios,Monitor 24'',2,384805.79,tarjeta
V-4234,2026-05-20,Mueblerias Hogar,Notebook Lenovo,2,1291657.65,efectivo
V-4235,2026-05-20,Kiosco El Sol,Agua mineral x6,6,11693.06,transferencia
V-4236,2026-05-21,Cafe Colonial,Mouse inalambrico,5,53482.45,transferencia
V-4237,2026-05-21,Mueblerias Hogar,Cuaderno,5,2116.47,transferencia
V-4238,2026-05-21,Juan Perez,Aceite x12,6,31642.23,mercadopago
V-4239,2026-05-21,Restaurante El Puerto,Teclado mecanico,1,38049.27,transferencia
V-4240,2026-05-21,Estudio Contable RyR,Cartucho tinta,5,33324.60,mercadopago
V-4241,2026-05-21,Cafe Colonial,Agua mineral x6,26,50361.48,mercadopago
V-4242,2026-05-21,Taller Mecanico Lopez,Cartucho tinta,6,37799.64,mercadopago
V-4243,2026-05-21,Juan Perez,Detergente 5L,20,81319.86,tarjeta
V-4244,2026-05-21,Diego Torres,Resma A4,7,6319.22,tarjeta
V-4245,2026-05-21,Constructora Norte,Servicio de mantenimiento,1,32922.40,tarjeta
V-4246,2026-05-21,Pedro Sanchez,Auriculares,1,20124.23,efectivo
V-4247,2026-05-21,Taller Mecanico Lopez,Silla ergonomica,3,259013.06,cheque
V-4248,2026-05-21,Distribuidora Sur,Lapiceras x12,10,24933.06,efectivo
V-4249,2026-05-21,Restaurante El Puerto,Servicio mensual,1,45632.48,transferencia
V-4250,2026-05-21,Garcia SA,Bolsas x100,28,33029.23,transferencia
V-4251,2026-05-21,Optica Vision,Silla ergonomica,4,370650.25,transferencia
V-4252,2026-05-21,Gimnasio Fuerza,Servicio de consultoria,1,17244.52,efectivo
V-4253,2026-05-21,Pedro Sanchez,Resma A4,36,33590.82,transferencia
V-4254,2026-05-21,Estudio Contable RyR,Golosinas surtidas,70,9835.65,tarjeta
V-4255,2026-05-21,Libreria Central,Aceite x12,3,17380.83,efectivo
V-4256,2026-05-22,Supermercado Don Pepe,Servicio de mantenimiento,1,30200.54,transferencia
V-4257,2026-05-22,Juan Perez,Pendrive 64GB,4,31074.26,tarjeta
V-4258,2026-05-22,Juan Perez,Agua mineral x6,31,59582.46,tarjeta
V-4259,2026-05-22,Taller Mecanico Lopez,Servicio de consultoria,1,18538.62,transferencia
V-4260,2026-05-22,Constructora Norte,Carpeta A4,12,13214.55,tarjeta
V-4261,2026-05-22,Comercial Andrade,Hosting mensual,1,12279.04,transferencia
V-4262,2026-05-22,Transportes Rios,Detergente 5L,12,55013.49,transferencia
V-4263,2026-05-22,Carniceria El Toro,Carpeta A4,41,49755.80,tarjeta
V-4264,2026-05-22,Ferreteria Nuñez,Pendrive 64GB,19,173150.73,transferencia
V-4265,2026-05-22,Lucia Fernandez,Cable HDMI,10,36897.46,transferencia
V-4266,2026-05-22,Taller Mecanico Lopez,Notebook Lenovo,1,676203.16,tarjeta
V-4267,2026-05-22,Panaderia Ortiz,Hosting mensual,1,12713.61,tarjeta
V-4268,2026-05-22,Transportes Rios,Armazon,2,28381.97,cheque
V-4269,2026-05-22,Distribuidora Sur,Carpeta A4,6,7480.66,transferencia
V-4270,2026-05-22,Gimnasio Fuerza,Monitor 24'',1,165270.03,efectivo
V-4271,2026-05-22,Comercial Andrade,Cafe en grano,13,27310.06,transferencia
V-4272,2026-05-22,Martin Castro,Teclado mecanico,2,69904.41,efectivo
V-4273,2026-05-22,Inmobiliaria Sol,Tornillos x100,9,1397.54,efectivo
V-4274,2026-05-23,Comercial Andrade,Lapiceras x12,20,51934.66,efectivo
V-4275,2026-05-23,Bar La Esquina,Servicio de mantenimiento,1,31575.90,tarjeta
V-4276,2026-05-23,Valentina Diaz,Servicio mensual,1,43490.84,transferencia
V-4277,2026-05-23,Transportes Rios,Servicio de mantenimiento,1,32441.44,efectivo
V-4278,2026-05-23,Estudio Contable RyR,Silla ergonomica,2,197751.15,tarjeta
V-4279,2026-05-23,Veterinaria Patitas,Lapiceras x12,3,7500.71,mercadopago
V-4280,2026-05-23,Martin Castro,Silla ergonomica,5,500230.85,efectivo
V-4281,2026-05-23,Martin Castro,Resma A4,40,43394.39,mercadopago
V-4282,2026-05-23,Libreria Central,Lapiceras x12,20,47804.08,efectivo
V-4283,2026-05-23,Lucia Fernandez,Aceite x12,6,37356.28,efectivo
V-4284,2026-05-23,Distribuidora Sur,Detergente 5L,5,23080.80,transferencia
V-4285,2026-05-23,Marta Gomez,Disco SSD 1TB,4,279750.81,transferencia
V-4286,2026-05-23,Supermercado Don Pepe,Servicio mensual,1,45329.89,transferencia
V-4287,2026-05-23,Consultora Delta,Golosinas surtidas,27,3849.09,transferencia
V-4288,2026-05-23,Inmobiliaria Sol,Aceite x12,4,23854.01,efectivo
V-4289,2026-05-23,Hotel Plaza,Resma A4,31,33599.03,tarjeta
V-4290,2026-05-23,Distribuidora Sur,Bolsas x100,17,19452.12,efectivo
V-4291,2026-05-23,Ana Martinez,Cable HDMI,1,3239.31,cheque
V-4292,2026-05-24,Distribuidora Sur,Aceite x12,3,16139.04,transferencia
V-4293,2026-05-24,Distribuidora Sur,Monitor 24'',4,699721.24,efectivo
V-4294,2026-05-24,Carlos Rodriguez,Toner HP,2,15788.30,transferencia
V-4295,2026-05-24,Clinica Belgrano,Disco SSD 1TB,2,150100.14,transferencia
V-4296,2026-05-24,Carlos Rodriguez,Notebook Lenovo,2,1178859.48,transferencia
V-4297,2026-05-24,Martin Castro,Capacitacion,1,58133.21,transferencia
V-4298,2026-05-24,Gimnasio Fuerza,Capacitacion,2,118966.03,tarjeta
V-4299,2026-05-24,Supermercado Don Pepe,Servicio de mantenimiento,1,32711.07,transferencia
V-4300,2026-05-24,Martin Castro,Resma A4,6,6120.29,transferencia
V-4301,2026-05-24,Pedro Sanchez,Detergente 5L,4,16698.11,efectivo
V-4302,2026-05-24,Inmobiliaria Sol,Notebook Lenovo,1,630173.00,transferencia
V-4303,2026-05-24,Carniceria El Toro,Hosting mensual,1,11432.81,efectivo
V-4304,2026-05-24,Panaderia Ortiz,Resma A4,29,28089.19,tarjeta
V-4305,2026-05-25,Clinica Belgrano,Hosting mensual,1,13053.33,tarjeta
V-4306,2026-05-25,Valentina Diaz,Lapiceras x12,3,7008.33,mercadopago
V-4307,2026-05-25,Constructora Norte,Capacitacion,2,128194.43,tarjeta
V-4308,2026-05-25,Constructora Norte,Disco SSD 1TB,1,73247.47,mercadopago
V-4309,2026-05-25,Hotel Plaza,Resma A4,37,38858.44,tarjeta
V-4310,2026-05-25,Farmacia San Martin,Cuaderno,23,10927.12,transferencia
V-4311,2026-05-25,Constructora Norte,Notebook Lenovo,2,1355397.46,cheque
V-4312,2026-05-25,Carlos Rodriguez,Detergente 5L,11,47167.05,efectivo
V-4313,2026-05-25,Lucia Fernandez,Servicio de mantenimiento,1,31000.26,tarjeta
V-4314,2026-05-25,Distribuidora Sur,Mouse inalambrico,3,29127.26,efectivo
V-4315,2026-05-25,Bar La Esquina,Mouse inalambrico,3,29010.98,transferencia
V-4316,2026-05-25,Clinica Belgrano,Golosinas surtidas,52,7357.65,efectivo
V-4317,2026-05-25,Valentina Diaz,Auriculares,6,143638.13,efectivo
V-4318,2026-05-25,Peluqueria Glamour,Aceite x12,3,15736.83,efectivo
V-4319,2026-05-26,Diego Torres,Agua mineral x6,7,12685.18,mercadopago
V-4320,2026-05-26,Cafe Colonial,Licencia software anual,5,551770.33,mercadopago
V-4321,2026-05-26,Ferreteria Nuñez,Golosinas surtidas,50,7836.53,efectivo
V-4322,2026-05-26,Carlos Rodriguez,Servicio de mantenimiento,1,30487.49,tarjeta
V-4323,2026-05-26,Restaurante El Puerto,Hosting mensual,1,12929.67,mercadopago
V-4324,2026-05-26,Hotel Plaza,Tornillos x100,28,4629.37,tarjeta
V-4325,2026-05-26,Carlos Rodriguez,Cafe en grano,5,9521.48,mercadopago
V-4326,2026-05-26,Ferreteria Nuñez,Notebook Lenovo,3,1763609.45,efectivo
V-4327,2026-05-26,Hotel Plaza,Armazon,4,60830.28,cheque
V-4328,2026-05-26,Pedro Sanchez,Aceite x12,6,36686.80,mercadopago
V-4329,2026-05-26,Transportes Rios,Servicio de mantenimiento,1,31996.03,tarjeta
V-4330,2026-05-26,Consultora Delta,Bolsas x100,51,59437.81,efectivo
V-4331,2026-05-26,Carlos Rodriguez,Carpeta A4,45,52223.44,tarjeta
V-4332,2026-05-26,Escuela Sarmiento,Cafe en grano,8,15586.30,cheque
V-4333,2026-05-26,Martin Castro,Aceite x12,7,38995.54,efectivo
V-4334,2026-05-27,Consultora Delta,Mouse inalambrico,2,19329.16,transferencia
V-4335,2026-05-27,Garcia SA,Tornillos x100,26,3981.58,tarjeta
V-4336,2026-05-27,Cafe Colonial,Auriculares,1,22319.82,mercadopago
V-4337,2026-05-27,Veterinaria Patitas,Cuaderno,37,15276.50,transferencia
V-4338,2026-05-27,Hotel Plaza,Mouse inalambrico,10,90994.87,tarjeta
V-4339,2026-05-27,Libreria Central,Mouse inalambrico,5,52373.55,transferencia
V-4340,2026-05-27,Consultora Delta,Auriculares,4,79438.41,transferencia
V-4341,2026-05-27,Pedro Sanchez,Armazon,1,14773.65,transferencia
V-4342,2026-05-27,Farmacia San Martin,Capacitacion,2,109263.34,efectivo
V-4343,2026-05-27,Optica Vision,Servicio de mantenimiento,1,30386.00,mercadopago
V-4344,2026-05-27,Imprenta Rapida,Capacitacion,1,57611.97,mercadopago
V-4345,2026-05-27,Clinica Belgrano,Servicio mensual,1,44575.25,transferencia
V-4346,2026-05-27,Garcia SA,Disco SSD 1TB,4,283560.33,transferencia
V-4347,2026-05-27,Diego Torres,Agua mineral x6,48,90389.44,mercadopago
V-4348,2026-05-28,Panaderia Ortiz,Capacitacion,2,130074.06,mercadopago
V-4349,2026-05-28,Sofia Ramirez,Resma A4,28,28994.51,transferencia
V-4350,2026-05-28,Ana Martinez,Auriculares,5,106003.38,tarjeta
V-4351,2026-05-28,Libreria Central,Detergente 5L,10,44008.64,tarjeta
V-4352,2026-05-28,Farmacia San Martin,Carpeta A4,37,47041.89,transferencia
V-4353,2026-05-28,Diego Torres,Detergente 5L,17,64954.14,transferencia
V-4354,2026-05-28,Garcia SA,Tornillos x100,46,7998.49,efectivo
V-4355,2026-05-28,Panaderia Ortiz,Teclado mecanico,3,122557.12,transferencia
V-4356,2026-05-29,Agropecuaria Campo Verde,Monitor 24'',4,713227.15,tarjeta
V-4357,2026-05-29,Carlos Rodriguez,Detergente 5L,12,49459.92,tarjeta
V-4358,2026-05-29,Juan Perez,Toner HP,3,26297.59,mercadopago
V-4359,2026-05-29,Panaderia Ortiz,Agua mineral x6,49,85679.42,efectivo
V-4360,2026-05-29,Hotel Plaza,Auriculares,2,39816.36,transferencia
V-4361,2026-05-29,Juan Perez,Lapiceras x12,23,60544.28,transferencia
V-4362,2026-05-29,Libreria Central,Golosinas surtidas,81,13015.89,efectivo
V-4363,2026-05-29,Transportes Rios,Resma A4,24,22269.34,efectivo
V-4364,2026-05-29,Martin Castro,Servicio mensual,1,44328.80,transferencia
V-4365,2026-05-29,Ana Martinez,Servicio de mantenimiento,1,33723.13,efectivo
V-4366,2026-05-29,Ferreteria Nuñez,Lapiceras x12,27,66453.00,tarjeta
V-4367,2026-05-29,Carlos Rodriguez,Tornillos x100,7,1052.45,tarjeta
V-4368,2026-05-29,Inmobiliaria Sol,Armazon,3,48445.44,efectivo
V-4369,2026-05-29,Libreria Central,Tornillos x100,6,979.38,tarjeta
V-4370,2026-05-29,Gimnasio Fuerza,Agua mineral x6,36,68481.85,transferencia
V-4371,2026-05-30,Ana Martinez,Armazon,3,49543.40,mercadopago
V-4372,2026-05-30,Sofia Ramirez,Golosinas surtidas,41,5720.45,transferencia
V-4373,2026-05-30,Martin Castro,Licencia software anual,2,258893.83,tarjeta
V-4374,2026-05-30,Escuela Sarmiento,Servicio de consultoria,1,17995.29,efectivo
V-4375,2026-05-30,Supermercado Don Pepe,Capacitacion,1,63382.30,transferencia
V-4376,2026-05-30,Gimnasio Fuerza,Teclado mecanico,4,139448.07,cheque
V-4377,2026-05-30,Marta Gomez,Silla ergonomica,4,348964.49,tarjeta
V-4378,2026-05-30,Pedro Sanchez,Monitor 24'',1,180412.22,tarjeta
V-4379,2026-05-30,Optica Vision,Hosting mensual,1,12634.78,efectivo
V-4380,2026-05-30,Comercial Andrade,Servicio mensual,1,40847.17,tarjeta
V-4381,2026-05-30,Valentina Diaz,Golosinas surtidas,70,9659.53,transferencia
V-4382,2026-05-30,Diego Torres,Cartucho tinta,3,20303.74,efectivo
V-4383,2026-05-30,Farmacia San Martin,Capacitacion,3,177650.70,tarjeta
V-4384,2026-05-31,Imprenta Rapida,Aceite x12,7,39728.24,tarjeta
V-4385,2026-05-31,Ana Martinez,Aceite x12,3,15886.41,cheque
V-4386,2026-05-31,Peluqueria Glamour,Golosinas surtidas,38,6215.60,transferencia
V-4387,2026-05-31,Panaderia Ortiz,Toner HP,5,38815.50,transferencia
V-4388,2026-05-31,Libreria Central,Detergente 5L,20,78191.95,transferencia
V-4389,2026-05-31,Libreria Central,Armazon,4,56508.78,efectivo
V-4390,2026-05-31,Marta Gomez,Licencia software anual,3,339196.57,mercadopago
V-4391,2026-05-31,Escuela Sarmiento,Cafe en grano,15,32382.53,efectivo
V-4392,2026-05-31,Bar La Esquina,Cafe en grano,3,6426.10,tarjeta
V-4393,2026-05-31,Diego Torres,Aceite x12,7,41365.72,transferencia
V-4394,2026-05-31,Imprenta Rapida,Capacitacion,1,54075.75,transferencia
V-4395,2026-05-31,Valentina Diaz,Cartucho tinta,5,34269.11,transferencia
V-4396,2026-05-31,Pedro Sanchez,Servicio de consultoria,1,17463.08,transferencia
V-4397,2026-05-31,Restaurante El Puerto,Detergente 5L,3,12621.97,efectivo
V-4398,2026-05-31,Escuela Sarmiento,Cafe en grano,11,23443.96,efectivo
V-4399,2026-05-31,Consultora Delta,Mouse inalambrico,2,18870.22,efectivo
V-4400,2026-05-31,Agropecuaria Campo Verde,Notebook Lenovo,2,1194968.27,transferencia
V-4401,2026-06-01,Hotel Plaza,Tornillos x100,45,7429.95,transferencia
V-4402,2026-06-01,Agropecuaria Campo Verde,Cable HDMI,5,16002.07,efectivo
V-4403,2026-06-01,Consultora Delta,Detergente 5L,12,48685.88,transferencia
V-4404,2026-06-01,Pedro Sanchez,Auriculares,2,44670.84,tarjeta
V-4405,2026-06-01,Diego Torres,Servicio mensual,1,44557.73,tarjeta
V-4406,2026-06-01,Comercial Andrade,Tornillos x100,8,1274.15,efectivo
V-4407,2026-06-01,Optica Vision,Servicio de consultoria,1,17274.29,efectivo
V-4408,2026-06-01,Ferreteria Nuñez,Resma A4,36,32760.96,transferencia
V-4409,2026-06-01,Almacen La Paz,Resma A4,17,17070.92,mercadopago
V-4410,2026-06-01,Agropecuaria Campo Verde,Licencia software anual,4,476424.71,tarjeta
V-4411,2026-06-01,Inmobiliaria Sol,Mouse inalambrico,1,9930.13,tarjeta
V-4412,2026-06-01,Escuela Sarmiento,Resma A4,15,14631.30,transferencia
V-4413,2026-06-01,Pedro Sanchez,Hosting mensual,1,11116.44,efectivo
V-4414,2026-06-01,Agropecuaria Campo Verde,Servicio de consultoria,1,20198.83,mercadopago
V-4415,2026-06-01,Clinica Belgrano,Cartucho tinta,8,53546.98,tarjeta
V-4416,2026-06-02,Agropecuaria Campo Verde,Capacitacion,3,195694.90,mercadopago
V-4417,2026-06-02,Bar La Esquina,Bolsas x100,49,51838.51,tarjeta
V-4418,2026-06-02,Carlos Rodriguez,Agua mineral x6,29,50412.84,transferencia
V-4419,2026-06-02,Mueblerias Hogar,Lapiceras x12,23,57684.90,tarjeta
V-4420,2026-06-02,Juan Perez,Tornillos x100,19,2811.81,transferencia
V-4421,2026-06-02,Garcia SA,Servicio de mantenimiento,1,31052.63,efectivo
V-4422,2026-06-02,Restaurante El Puerto,Silla ergonomica,4,362693.85,tarjeta
V-4423,2026-06-02,Marta Gomez,Monitor 24'',3,537833.30,transferencia
V-4424,2026-06-02,Lucia Fernandez,Teclado mecanico,5,188642.15,transferencia
V-4425,2026-06-02,Lucia Fernandez,Detergente 5L,15,62954.79,tarjeta
V-4426,2026-06-02,Ferreteria Nuñez,Servicio de mantenimiento,1,34709.49,tarjeta
V-4427,2026-06-02,Almacen La Paz,Servicio mensual,1,48514.74,efectivo
V-4428,2026-06-03,Juan Perez,Notebook Lenovo,2,1328759.44,transferencia
V-4429,2026-06-03,Supermercado Don Pepe,Cafe en grano,7,13481.26,tarjeta
V-4430,2026-06-03,Consultora Delta,Notebook Lenovo,3,1948950.70,tarjeta
V-4431,2026-06-03,Sofia Ramirez,Licencia software anual,2,262218.53,transferencia
V-4432,2026-06-03,Gimnasio Fuerza,Carpeta A4,45,54706.67,transferencia
V-4433,2026-06-03,Ana Martinez,Bolsas x100,29,30131.08,transferencia
V-4434,2026-06-03,Libreria Central,Armazon,4,64715.80,tarjeta
V-4435,2026-06-03,Transportes Rios,Toner HP,2,16294.01,tarjeta
V-4436,2026-06-03,Ferreteria Nuñez,Servicio mensual,1,43197.39,efectivo
V-4437,2026-06-03,Cafe Colonial,Licencia software anual,3,389963.89,efectivo
V-4438,2026-06-03,Cafe Colonial,Capacitacion,3,189484.22,tarjeta
V-4439,2026-06-03,Almacen La Paz,Auriculares,5,108106.85,transferencia
V-4440,2026-06-03,Restaurante El Puerto,Harina x25kg,6,19993.73,efectivo
V-4441,2026-06-03,Lucia Fernandez,Cuaderno,21,9989.72,tarjeta
V-4442,2026-06-03,Mueblerias Hogar,Mouse inalambrico,10,106388.86,transferencia
V-4443,2026-06-04,Farmacia San Martin,Licencia software anual,2,256021.60,transferencia
V-4444,2026-06-04,Consultora Delta,Monitor 24'',3,510452.81,mercadopago
V-4445,2026-06-04,Valentina Diaz,Aceite x12,1,5729.44,transferencia
V-4446,2026-06-04,Peluqueria Glamour,Cafe en grano,2,4074.66,tarjeta
V-4447,2026-06-04,Ana Martinez,Licencia software anual,4,501460.42,cheque
V-4448,2026-06-04,Inmobiliaria Sol,Detergente 5L,19,82075.02,tarjeta
V-4449,2026-06-04,Optica Vision,Auriculares,5,101194.70,transferencia
V-4450,2026-06-05,Libreria Central,Servicio de consultoria,1,17127.63,transferencia
V-4451,2026-06-05,Lucia Fernandez,Silla ergonomica,1,94599.67,mercadopago
V-4452,2026-06-05,Clinica Belgrano,Lapiceras x12,13,29282.55,tarjeta
V-4453,2026-06-05,Distribuidora Sur,Silla ergonomica,5,440031.61,transferencia
V-4454,2026-06-05,Agropecuaria Campo Verde,Servicio de consultoria,1,17766.55,tarjeta
V-4455,2026-06-05,Panaderia Ortiz,Cuaderno,29,14169.43,efectivo
V-4456,2026-06-05,Garcia SA,Cafe en grano,11,20040.27,transferencia
V-4457,2026-06-05,Distribuidora Sur,Cable HDMI,14,47586.56,efectivo
V-4458,2026-06-05,Constructora Norte,Servicio mensual,1,43499.87,efectivo
V-4459,2026-06-05,Carlos Rodriguez,Lapiceras x12,24,58693.31,transferencia
V-4460,2026-06-05,Escuela Sarmiento,Harina x25kg,12,38520.90,mercadopago
V-4461,2026-06-05,Ferreteria Nuñez,Cartucho tinta,7,49784.76,mercadopago
V-4462,2026-06-05,Farmacia San Martin,Licencia software anual,2,261330.33,efectivo
V-4463,2026-06-05,Imprenta Rapida,Cartucho tinta,5,30479.49,tarjeta
V-4464,2026-06-05,Carniceria El Toro,Cafe en grano,3,5486.97,tarjeta
V-4465,2026-06-05,Libreria Central,Notebook Lenovo,1,594781.30,transferencia
V-4466,2026-06-06,Distribuidora Sur,Teclado mecanico,2,82578.38,transferencia
V-4467,2026-06-06,Restaurante El Puerto,Cafe en grano,5,9620.05,transferencia
V-4468,2026-06-06,Garcia SA,Teclado mecanico,2,78371.55,transferencia
V-4469,2026-06-06,Clinica Belgrano,Detergente 5L,16,70078.92,tarjeta
V-4470,2026-06-06,Constructora Norte,Bolsas x100,48,55978.52,efectivo
V-4471,2026-06-06,Imprenta Rapida,Cartucho tinta,1,5892.47,efectivo
V-4472,2026-06-06,Consultora Delta,Carpeta A4,14,17032.11,tarjeta
V-4473,2026-06-06,Ferreteria Nuñez,Servicio de mantenimiento,1,29779.14,tarjeta
V-4474,2026-06-06,Kiosco El Sol,Silla ergonomica,4,409584.41,tarjeta
V-4475,2026-06-06,Imprenta Rapida,Servicio mensual,1,43218.88,transferencia
V-4476,2026-06-06,Hotel Plaza,Cafe en grano,10,21175.76,mercadopago
V-4477,2026-06-06,Cafe Colonial,Tornillos x100,15,2551.23,mercadopago
V-4478,2026-06-06,Sofia Ramirez,Teclado mecanico,4,147085.55,efectivo
V-4479,2026-06-07,Optica Vision,Cable HDMI,14,51488.14,transferencia
V-4480,2026-06-07,Cafe Colonial,Golosinas surtidas,86,14174.56,efectivo
V-4481,2026-06-07,Veterinaria Patitas,Servicio de consultoria,1,16710.09,tarjeta
V-4482,2026-06-07,Comercial Andrade,Toner HP,2,15242.29,transferencia
V-4483,2026-06-07,Transportes Rios,Cafe en grano,5,9507.28,tarjeta
V-4484,2026-06-07,Almacen La Paz,Cable HDMI,12,38831.99,efectivo
V-4485,2026-06-07,Almacen La Paz,Armazon,1,15306.37,transferencia
V-4486,2026-06-07,Imprenta Rapida,Silla ergonomica,5,485446.31,transferencia
V-4487,2026-06-07,Hotel Plaza,Cable HDMI,1,3271.49,transferencia
V-4488,2026-06-07,Mueblerias Hogar,Resma A4,16,17139.63,tarjeta
V-4489,2026-06-07,Garcia SA,Aceite x12,8,42596.12,transferencia
V-4490,2026-06-08,Distribuidora Sur,Bolsas x100,55,56044.90,tarjeta
V-4491,2026-06-08,Mueblerias Hogar,Monitor 24'',1,196075.73,efectivo
V-4492,2026-06-08,Optica Vision,Hosting mensual,1,11018.08,mercadopago
V-4493,2026-06-08,Hotel Plaza,Detergente 5L,6,24155.08,transferencia
V-4494,2026-06-08,Farmacia San Martin,Capacitacion,3,176889.14,efectivo
V-4495,2026-06-08,Estudio Contable RyR,Cartucho tinta,8,54388.33,efectivo
V-4496,2026-06-08,Diego Torres,Silla ergonomica,6,585511.10,transferencia
V-4497,2026-06-08,Martin Castro,Aceite x12,7,36754.85,mercadopago
V-4498,2026-06-08,Hotel Plaza,Tornillos x100,21,3057.63,tarjeta
V-4499,2026-06-08,Sofia Ramirez,Cafe en grano,10,21489.59,transferencia
V-4500,2026-06-08,Veterinaria Patitas,Detergente 5L,17,73241.01,tarjeta
V-4501,2026-06-08,Imprenta Rapida,Auriculares,2,41182.93,tarjeta
V-4502,2026-06-08,Carniceria El Toro,Hosting mensual,1,11724.67,transferencia
V-4503,2026-06-08,Panaderia Ortiz,Aceite x12,9,53605.49,mercadopago
V-4504,2026-06-08,Sofia Ramirez,Silla ergonomica,2,194833.64,tarjeta
V-4505,2026-06-08,Ferreteria Nuñez,Resma A4,16,14571.94,transferencia
V-4506,2026-06-08,Peluqueria Glamour,Notebook Lenovo,1,623833.57,transferencia
V-4507,2026-06-08,Valentina Diaz,Bolsas x100,27,32566.17,tarjeta
V-4508,2026-06-08,Kiosco El Sol,Auriculares,1,22746.28,tarjeta
V-4509,2026-06-09,Juan Perez,Notebook Lenovo,2,1188254.32,efectivo
V-4510,2026-06-09,Gimnasio Fuerza,Auriculares,4,89729.45,transferencia
V-4511,2026-06-09,Gimnasio Fuerza,Licencia software anual,5,570218.30,transferencia
V-4512,2026-06-09,Libreria Central,Harina x25kg,3,9288.82,transferencia
V-4513,2026-06-09,Farmacia San Martin,Carpeta A4,36,47047.79,transferencia
V-4514,2026-06-09,Garcia SA,Cartucho tinta,8,48690.59,tarjeta
V-4515,2026-06-09,Pedro Sanchez,Cuaderno,14,5851.87,transferencia
V-4516,2026-06-09,Farmacia San Martin,Detergente 5L,12,52265.80,tarjeta
V-4517,2026-06-09,Carlos Rodriguez,Agua mineral x6,29,55853.97,mercadopago
V-4518,2026-06-09,Carniceria El Toro,Cable HDMI,12,37812.66,efectivo
V-4519,2026-06-09,Sofia Ramirez,Servicio mensual,1,43149.85,mercadopago
V-4520,2026-06-09,Inmobiliaria Sol,Capacitacion,1,57656.80,tarjeta
V-4521,2026-06-09,Comercial Andrade,Licencia software anual,5,650693.84,transferencia
V-4522,2026-06-09,Hotel Plaza,Servicio de consultoria,1,16688.20,tarjeta
V-4523,2026-06-09,Kiosco El Sol,Mouse inalambrico,9,91452.02,tarjeta
V-4524,2026-06-10,Sofia Ramirez,Pendrive 64GB,11,87693.02,tarjeta
V-4525,2026-06-10,Ana Martinez,Licencia software anual,2,235068.53,transferencia
V-4526,2026-06-10,Clinica Belgrano,Carpeta A4,43,54087.95,transferencia
V-4527,2026-06-10,Escuela Sarmiento,Tornillos x100,33,5724.87,transferencia
V-4528,2026-06-10,Agropecuaria Campo Verde,Tornillos x100,15,2597.78,transferencia
V-4529,2026-06-10,Gimnasio Fuerza,Teclado mecanico,1,40932.25,tarjeta
V-4530,2026-06-10,Hotel Plaza,Golosinas surtidas,97,13484.42,tarjeta
V-4531,2026-06-10,Restaurante El Puerto,Auriculares,3,61392.00,transferencia
V-4532,2026-06-10,Panaderia Ortiz,Harina x25kg,8,23403.10,tarjeta
V-4533,2026-06-10,Constructora Norte,Harina x25kg,12,38696.42,transferencia
V-4534,2026-06-10,Panaderia Ortiz,Cafe en grano,9,18606.15,tarjeta
V-4535,2026-06-10,Libreria Central,Tornillos x100,44,7353.59,transferencia
V-4536,2026-06-11,Farmacia San Martin,Mouse inalambrico,2,18954.08,tarjeta
V-4537,2026-06-11,Ana Martinez,Servicio de consultoria,1,17009.26,efectivo
V-4538,2026-06-11,Juan Perez,Cafe en grano,12,24183.89,transferencia
V-4539,2026-06-11,Optica Vision,Servicio de mantenimiento,1,33307.98,transferencia
V-4540,2026-06-11,Panaderia Ortiz,Agua mineral x6,10,16836.41,transferencia
V-4541,2026-06-11,Hotel Plaza,Capacitacion,1,63385.33,efectivo
V-4542,2026-06-11,Bar La Esquina,Lapiceras x12,23,59745.13,efectivo
V-4543,2026-06-11,Carniceria El Toro,Cartucho tinta,3,20941.95,tarjeta
V-4544,2026-06-11,Comercial Andrade,Silla ergonomica,4,364644.52,transferencia
V-4545,2026-06-11,Farmacia San Martin,Servicio de mantenimiento,1,32197.37,tarjeta
V-4546,2026-06-11,Lucia Fernandez,Notebook Lenovo,2,1192707.36,efectivo
V-4547,2026-06-11,Pedro Sanchez,Capacitacion,3,162034.56,transferencia
V-4548,2026-06-11,Inmobiliaria Sol,Auriculares,8,173966.99,tarjeta
V-4549,2026-06-12,Pedro Sanchez,Capacitacion,2,120498.74,tarjeta
V-4550,2026-06-12,Bar La Esquina,Cuaderno,30,14172.12,tarjeta
V-4551,2026-06-12,Libreria Central,Cable HDMI,3,9907.19,transferencia
V-4552,2026-06-12,Libreria Central,Golosinas surtidas,75,11944.49,transferencia
V-4553,2026-06-12,Kiosco El Sol,Tornillos x100,6,922.68,transferencia
V-4554,2026-06-12,Ana Martinez,Tornillos x100,44,6692.13,efectivo
V-4555,2026-06-12,Peluqueria Glamour,Toner HP,3,25431.11,mercadopago
V-4556,2026-06-12,Cafe Colonial,Servicio de mantenimiento,1,29376.30,tarjeta
V-4557,2026-06-12,Martin Castro,Capacitacion,2,122115.06,cheque
V-4558,2026-06-12,Estudio Contable RyR,Aceite x12,10,59173.46,efectivo
V-4559,2026-06-12,Valentina Diaz,Lapiceras x12,24,54134.35,transferencia
V-4560,2026-06-12,Garcia SA,Cafe en grano,8,15751.19,efectivo
V-4561,2026-06-12,Marta Gomez,Cable HDMI,3,10933.08,transferencia
V-4562,2026-06-12,Carniceria El Toro,Auriculares,4,92364.73,transferencia
V-4563,2026-06-12,Estudio Contable RyR,Cartucho tinta,7,42665.82,transferencia
V-4564,2026-06-12,Libreria Central,Agua mineral x6,7,12163.13,transferencia
V-4565,2026-06-13,Valentina Diaz,Carpeta A4,38,49240.20,efectivo
V-4566,2026-06-13,Optica Vision,Auriculares,6,133403.18,mercadopago
V-4567,2026-06-13,Agropecuaria Campo Verde,Capacitacion,3,168152.98,efectivo
V-4568,2026-06-13,Carniceria El Toro,Notebook Lenovo,1,613936.63,efectivo
V-4569,2026-06-13,Taller Mecanico Lopez,Tornillos x100,34,5718.84,efectivo
V-4570,2026-06-13,Ana Martinez,Tornillos x100,40,7030.97,mercadopago
V-4571,2026-06-13,Ana Martinez,Lapiceras x12,21,54361.00,transferencia
V-4572,2026-06-13,Ferreteria Nuñez,Silla ergonomica,4,410409.75,tarjeta
V-4573,2026-06-13,Carniceria El Toro,Agua mineral x6,12,23255.74,mercadopago
V-4574,2026-06-13,Transportes Rios,Disco SSD 1TB,4,280621.99,transferencia
V-4575,2026-06-13,Estudio Contable RyR,Teclado mecanico,5,182578.71,transferencia
V-4576,2026-06-13,Peluqueria Glamour,Resma A4,17,15668.91,efectivo
V-4577,2026-06-13,Panaderia Ortiz,Servicio mensual,1,46952.07,transferencia
V-4578,2026-06-13,Libreria Central,Cartucho tinta,4,25216.50,tarjeta
V-4579,2026-06-13,Imprenta Rapida,Licencia software anual,1,120680.52,efectivo
V-4580,2026-06-14,Garcia SA,Disco SSD 1TB,6,489687.71,tarjeta
V-4581,2026-06-14,Estudio Contable RyR,Carpeta A4,35,41941.27,efectivo
V-4582,2026-06-14,Optica Vision,Teclado mecanico,3,121421.90,transferencia
V-4583,2026-06-14,Consultora Delta,Carpeta A4,39,47011.97,transferencia
V-4584,2026-06-14,Sofia Ramirez,Resma A4,13,12785.29,mercadopago
V-4585,2026-06-14,Bar La Esquina,Toner HP,4,35110.07,tarjeta
V-4586,2026-06-14,Carniceria El Toro,Servicio de mantenimiento,1,32509.15,tarjeta
V-4587,2026-06-14,Diego Torres,Cartucho tinta,5,31524.63,transferencia
V-4588,2026-06-14,Panaderia Ortiz,Detergente 5L,2,9224.34,efectivo
V-4589,2026-06-14,Constructora Norte,Mouse inalambrico,6,61104.15,tarjeta
V-4590,2026-06-14,Gimnasio Fuerza,Disco SSD 1TB,2,153349.07,tarjeta
V-4591,2026-06-15,Ana Martinez,Toner HP,2,15628.70,transferencia
V-4592,2026-06-15,Optica Vision,Lapiceras x12,20,48628.84,transferencia
V-4593,2026-06-15,Almacen La Paz,Cafe en grano,11,21000.45,tarjeta
V-4594,2026-06-15,Distribuidora Sur,Servicio de consultoria,1,19381.24,tarjeta
V-4595,2026-06-15,Escuela Sarmiento,Licencia software anual,1,118681.24,transferencia
V-4596,2026-06-15,Lucia Fernandez,Licencia software anual,4,472612.93,transferencia
V-4597,2026-06-15,Valentina Diaz,Monitor 24'',4,717758.09,transferencia
V-4598,2026-06-15,Diego Torres,Hosting mensual,1,11536.78,transferencia
V-4599,2026-06-15,Kiosco El Sol,Armazon,3,45622.34,mercadopago
V-4600,2026-06-15,Transportes Rios,Servicio mensual,1,41512.90,transferencia
V-4601,2026-06-15,Veterinaria Patitas,Capacitacion,2,120455.70,transferencia
V-4602,2026-06-15,Carniceria El Toro,Cable HDMI,10,35255.04,transferencia
V-4603,2026-06-15,Carniceria El Toro,Mouse inalambrico,5,51708.78,transferencia
V-4604,2026-06-15,Martin Castro,Cuaderno,25,10147.22,transferencia
V-4605,2026-06-16,Comercial Andrade,Agua mineral x6,37,70678.63,transferencia
V-4606,2026-06-16,Juan Perez,Tornillos x100,12,2048.91,transferencia
V-4607,2026-06-16,Constructora Norte,Golosinas surtidas,78,10621.46,transferencia
V-4608,2026-06-16,Carniceria El Toro,Licencia software anual,1,108433.88,transferencia
V-4609,2026-06-16,Estudio Contable RyR,Cartucho tinta,5,31580.70,efectivo
V-4610,2026-06-16,Juan Perez,Servicio de consultoria,1,19887.26,transferencia
V-4611,2026-06-16,Cafe Colonial,Cuaderno,39,17729.24,tarjeta
V-4612,2026-06-16,Estudio Contable RyR,Silla ergonomica,3,304004.23,tarjeta
V-4613,2026-06-16,Sofia Ramirez,Teclado mecanico,2,68621.45,efectivo
V-4614,2026-06-16,Ana Martinez,Auriculares,1,20007.87,transferencia
V-4615,2026-06-16,Constructora Norte,Armazon,4,65221.18,transferencia
V-4616,2026-06-16,Ana Martinez,Carpeta A4,43,50112.79,transferencia
V-4617,2026-06-16,Valentina Diaz,Armazon,4,59430.52,transferencia
V-4618,2026-06-16,Carniceria El Toro,Servicio de mantenimiento,1,34083.00,efectivo
V-4619,2026-06-16,Agropecuaria Campo Verde,Carpeta A4,23,27224.60,transferencia
V-4620,2026-06-16,Garcia SA,Disco SSD 1TB,4,324838.84,efectivo
V-4621,2026-06-16,Juan Perez,Lapiceras x12,17,38041.88,transferencia
V-4622,2026-06-17,Bar La Esquina,Agua mineral x6,18,31931.67,transferencia
V-4623,2026-06-17,Farmacia San Martin,Aceite x12,5,27377.19,transferencia
V-4624,2026-06-17,Consultora Delta,Licencia software anual,1,117441.47,efectivo
V-4625,2026-06-17,Constructora Norte,Teclado mecanico,5,205290.70,efectivo
V-4626,2026-06-17,Juan Perez,Armazon,2,29765.48,tarjeta
V-4627,2026-06-17,Gimnasio Fuerza,Hosting mensual,1,11080.39,tarjeta
V-4628,2026-06-17,Almacen La Paz,Teclado mecanico,4,140962.58,efectivo
V-4629,2026-06-17,Comercial Andrade,Tornillos x100,16,2367.94,transferencia
V-4630,2026-06-17,Garcia SA,Servicio mensual,1,44456.19,transferencia
V-4631,2026-06-17,Lucia Fernandez,Cuaderno,35,17012.41,tarjeta
V-4632,2026-06-17,Supermercado Don Pepe,Detergente 5L,12,49113.44,tarjeta
V-4633,2026-06-17,Supermercado Don Pepe,Harina x25kg,4,11399.04,tarjeta
V-4634,2026-06-17,Ferreteria Nuñez,Harina x25kg,2,6186.48,mercadopago
V-4635,2026-06-17,Ana Martinez,Cuaderno,26,12235.05,transferencia
V-4636,2026-06-17,Martin Castro,Bolsas x100,58,68417.24,transferencia
V-4637,2026-06-17,Libreria Central,Cable HDMI,4,13704.28,mercadopago
V-4638,2026-06-17,Escuela Sarmiento,Auriculares,2,47777.80,transferencia
V-4639,2026-06-17,Transportes Rios,Disco SSD 1TB,6,417886.77,tarjeta
V-4640,2026-06-18,Carniceria El Toro,Teclado mecanico,3,114822.43,efectivo
V-4641,2026-06-18,Imprenta Rapida,Licencia software anual,3,364009.32,tarjeta
V-4642,2026-06-18,Lucia Fernandez,Tornillos x100,16,2603.24,transferencia
V-4643,2026-06-18,Imprenta Rapida,Capacitacion,2,111358.63,transferencia
V-4644,2026-06-18,Hotel Plaza,Toner HP,5,39104.30,tarjeta
V-4645,2026-06-18,Marta Gomez,Monitor 24'',1,163970.61,tarjeta
V-4646,2026-06-18,Martin Castro,Agua mineral x6,8,14006.23,transferencia
V-4647,2026-06-18,Escuela Sarmiento,Monitor 24'',4,692244.91,transferencia
V-4648,2026-06-18,Panaderia Ortiz,Armazon,2,30111.06,transferencia
V-4649,2026-06-18,Restaurante El Puerto,Pendrive 64GB,17,151199.02,transferencia
V-4650,2026-06-18,Mueblerias Hogar,Hosting mensual,1,11085.80,transferencia
V-4651,2026-06-18,Restaurante El Puerto,Hosting mensual,1,11278.65,efectivo
V-4652,2026-06-18,Supermercado Don Pepe,Licencia software anual,2,217759.06,tarjeta
V-4653,2026-06-19,Bar La Esquina,Cartucho tinta,1,6138.92,tarjeta
V-4654,2026-06-19,Kiosco El Sol,Teclado mecanico,1,40841.24,efectivo
V-4655,2026-06-19,Martin Castro,Cafe en grano,15,30865.86,cheque
V-4656,2026-06-19,Peluqueria Glamour,Teclado mecanico,1,38098.65,tarjeta
V-4657,2026-06-19,Libreria Central,Tornillos x100,40,5847.45,tarjeta
V-4658,2026-06-19,Valentina Diaz,Silla ergonomica,2,171366.42,tarjeta
V-4659,2026-06-19,Libreria Central,Harina x25kg,12,33945.71,transferencia
V-4660,2026-06-19,Ana Martinez,Bolsas x100,24,25917.37,mercadopago
V-4661,2026-06-19,Peluqueria Glamour,Cable HDMI,4,13951.37,transferencia
V-4662,2026-06-19,Gimnasio Fuerza,Lapiceras x12,20,51489.38,tarjeta
V-4663,2026-06-19,Pedro Sanchez,Silla ergonomica,2,182116.42,tarjeta
V-4664,2026-06-19,Pedro Sanchez,Cable HDMI,8,27679.08,mercadopago
V-4665,2026-06-19,Kiosco El Sol,Servicio de mantenimiento,1,32568.64,cheque
V-4666,2026-06-20,Distribuidora Sur,Cafe en grano,5,10627.27,tarjeta
V-4667,2026-06-20,Almacen La Paz,Servicio de mantenimiento,1,34487.42,transferencia
V-4668,2026-06-20,Mueblerias Hogar,Carpeta A4,26,28408.59,tarjeta
V-4669,2026-06-20,Bar La Esquina,Hosting mensual,1,12454.78,transferencia
V-4670,2026-06-20,Supermercado Don Pepe,Licencia software anual,5,580834.12,tarjeta
V-4671,2026-06-20,Veterinaria Patitas,Cartucho tinta,4,27729.83,transferencia
V-4672,2026-06-20,Clinica Belgrano,Bolsas x100,10,11088.67,efectivo
V-4673,2026-06-20,Restaurante El Puerto,Cuaderno,23,9667.32,tarjeta
V-4674,2026-06-20,Lucia Fernandez,Cable HDMI,9,33241.82,tarjeta
V-4675,2026-06-20,Transportes Rios,Carpeta A4,47,57698.01,tarjeta
V-4676,2026-06-21,Hotel Plaza,Monitor 24'',2,364394.88,efectivo
V-4677,2026-06-21,Agropecuaria Campo Verde,Carpeta A4,36,41719.05,transferencia
V-4678,2026-06-21,Bar La Esquina,Lapiceras x12,6,15682.89,efectivo
V-4679,2026-06-21,Sofia Ramirez,Notebook Lenovo,1,575788.94,efectivo
V-4680,2026-06-21,Lucia Fernandez,Monitor 24'',1,191520.06,tarjeta
V-4681,2026-06-21,Transportes Rios,Servicio mensual,1,48588.42,transferencia
V-4682,2026-06-21,Farmacia San Martin,Harina x25kg,11,34298.60,mercadopago
V-4683,2026-06-21,Ana Martinez,Hosting mensual,1,12695.78,tarjeta
V-4684,2026-06-21,Constructora Norte,Disco SSD 1TB,2,150692.17,cheque
V-4685,2026-06-21,Ana Martinez,Toner HP,1,7585.20,tarjeta
V-4686,2026-06-21,Carniceria El Toro,Servicio mensual,1,47267.87,transferencia
V-4687,2026-06-21,Diego Torres,Resma A4,20,20234.63,efectivo
V-4688,2026-06-22,Veterinaria Patitas,Resma A4,22,23719.55,tarjeta
V-4689,2026-06-22,Cafe Colonial,Carpeta A4,6,7542.56,efectivo
V-4690,2026-06-22,Optica Vision,Pendrive 64GB,19,165707.88,efectivo
V-4691,2026-06-22,Hotel Plaza,Monitor 24'',4,731101.28,transferencia
V-4692,2026-06-22,Mueblerias Hogar,Cartucho tinta,7,49363.97,transferencia
V-4693,2026-06-22,Imprenta Rapida,Capacitacion,2,110146.33,efectivo
V-4694,2026-06-22,Transportes Rios,Cartucho tinta,1,6830.91,mercadopago
V-4695,2026-06-22,Constructora Norte,Servicio de consultoria,1,17372.09,transferencia
V-4696,2026-06-22,Taller Mecanico Lopez,Cable HDMI,2,6470.60,efectivo
V-4697,2026-06-22,Carniceria El Toro,Resma A4,5,4701.13,transferencia
V-4698,2026-06-23,Imprenta Rapida,Servicio de mantenimiento,1,30767.19,transferencia
V-4699,2026-06-23,Agropecuaria Campo Verde,Cafe en grano,13,25618.28,transferencia
V-4700,2026-06-23,Estudio Contable RyR,Lapiceras x12,12,30679.79,efectivo
V-4701,2026-06-23,Imprenta Rapida,Bolsas x100,12,11992.77,transferencia
V-4702,2026-06-23,Transportes Rios,Golosinas surtidas,58,8199.19,transferencia
V-4703,2026-06-23,Inmobiliaria Sol,Resma A4,26,27967.37,tarjeta
V-4704,2026-06-23,Sofia Ramirez,Mouse inalambrico,7,63658.89,transferencia
V-4705,2026-06-23,Martin Castro,Bolsas x100,27,29757.36,tarjeta
V-4706,2026-06-23,Cafe Colonial,Cafe en grano,5,9706.46,transferencia
V-4707,2026-06-23,Almacen La Paz,Servicio de consultoria,1,18664.84,transferencia
V-4708,2026-06-23,Taller Mecanico Lopez,Agua mineral x6,23,40989.00,transferencia
V-4709,2026-06-23,Taller Mecanico Lopez,Harina x25kg,8,26389.24,tarjeta
V-4710,2026-06-23,Bar La Esquina,Servicio de mantenimiento,1,31085.24,transferencia
V-4711,2026-06-24,Cafe Colonial,Cuaderno,20,8807.20,transferencia
V-4712,2026-06-24,Escuela Sarmiento,Golosinas surtidas,85,13798.08,tarjeta
V-4713,2026-06-24,Carniceria El Toro,Monitor 24'',1,192789.37,tarjeta
V-4714,2026-06-24,Comercial Andrade,Disco SSD 1TB,6,439038.93,transferencia
V-4715,2026-06-24,Ferreteria Nuñez,Cafe en grano,6,11225.01,tarjeta
V-4716,2026-06-24,Clinica Belgrano,Aceite x12,5,26041.52,transferencia
V-4717,2026-06-24,Transportes Rios,Carpeta A4,11,13525.91,mercadopago
V-4718,2026-06-24,Veterinaria Patitas,Harina x25kg,12,40113.83,tarjeta
V-4719,2026-06-24,Clinica Belgrano,Capacitacion,3,195085.66,efectivo
V-4720,2026-06-24,Juan Perez,Notebook Lenovo,2,1354906.97,transferencia
V-4721,2026-06-24,Ana Martinez,Cartucho tinta,1,6025.98,transferencia
V-4722,2026-06-24,Almacen La Paz,Golosinas surtidas,82,12102.46,transferencia
V-4723,2026-06-25,Farmacia San Martin,Pendrive 64GB,17,155261.28,tarjeta
V-4724,2026-06-25,Inmobiliaria Sol,Detergente 5L,10,41607.62,efectivo
V-4725,2026-06-25,Ana Martinez,Cafe en grano,11,21194.75,mercadopago
V-4726,2026-06-25,Juan Perez,Servicio de mantenimiento,1,32480.85,tarjeta
V-4727,2026-06-25,Martin Castro,Mouse inalambrico,5,50912.69,tarjeta
V-4728,2026-06-25,Libreria Central,Bolsas x100,5,5576.63,tarjeta
V-4729,2026-06-25,Peluqueria Glamour,Disco SSD 1TB,3,244731.80,tarjeta
V-4730,2026-06-25,Gimnasio Fuerza,Aceite x12,6,35940.09,transferencia
V-4731,2026-06-25,Veterinaria Patitas,Bolsas x100,20,23457.10,tarjeta
V-4732,2026-06-25,Diego Torres,Carpeta A4,34,37828.00,transferencia
V-4733,2026-06-26,Almacen La Paz,Aceite x12,4,20617.00,efectivo
V-4734,2026-06-26,Pedro Sanchez,Cartucho tinta,2,13750.97,efectivo
V-4735,2026-06-26,Juan Perez,Capacitacion,2,126615.83,transferencia
V-4736,2026-06-26,Ana Martinez,Servicio mensual,1,45065.31,tarjeta
V-4737,2026-06-26,Supermercado Don Pepe,Monitor 24'',3,589874.46,efectivo
V-4738,2026-06-26,Escuela Sarmiento,Servicio mensual,1,43055.68,tarjeta
V-4739,2026-06-26,Comercial Andrade,Capacitacion,2,110263.03,tarjeta
V-4740,2026-06-26,Gimnasio Fuerza,Licencia software anual,1,130609.91,transferencia
V-4741,2026-06-26,Garcia SA,Capacitacion,3,193440.52,transferencia
V-4742,2026-06-26,Farmacia San Martin,Golosinas surtidas,70,9729.80,efectivo
V-4743,2026-06-26,Optica Vision,Notebook Lenovo,2,1132819.38,efectivo
V-4744,2026-06-26,Gimnasio Fuerza,Cafe en grano,3,6133.46,tarjeta
V-4745,2026-06-26,Consultora Delta,Golosinas surtidas,20,2861.12,transferencia
V-4746,2026-06-27,Mueblerias Hogar,Notebook Lenovo,3,1930732.56,efectivo
V-4747,2026-06-27,Optica Vision,Aceite x12,2,11548.26,transferencia
V-4748,2026-06-27,Kiosco El Sol,Disco SSD 1TB,2,160205.66,transferencia
V-4749,2026-06-27,Estudio Contable RyR,Silla ergonomica,6,583238.32,mercadopago
V-4750,2026-06-27,Consultora Delta,Auriculares,3,61303.42,tarjeta
V-4751,2026-06-27,Valentina Diaz,Monitor 24'',1,183145.74,tarjeta
V-4752,2026-06-27,Agropecuaria Campo Verde,Cable HDMI,7,26866.52,tarjeta
V-4753,2026-06-27,Diego Torres,Tornillos x100,16,2495.08,efectivo
V-4754,2026-06-27,Comercial Andrade,Hosting mensual,1,11245.25,transferencia
V-4755,2026-06-27,Ana Martinez,Carpeta A4,49,60513.27,transferencia
V-4756,2026-06-27,Cafe Colonial,Toner HP,1,8154.38,transferencia
V-4757,2026-06-27,Almacen La Paz,Servicio mensual,1,43943.15,transferencia
V-4758,2026-06-27,Comercial Andrade,Mouse inalambrico,4,35674.04,transferencia
V-4759,2026-06-28,Optica Vision,Mouse inalambrico,8,81449.11,transferencia
V-4760,2026-06-28,Juan Perez,Auriculares,3,69683.28,tarjeta
V-4761,2026-06-28,Clinica Belgrano,Disco SSD 1TB,2,146727.71,efectivo
V-4762,2026-06-28,Carniceria El Toro,Resma A4,28,26037.92,tarjeta
V-4763,2026-06-28,Martin Castro,Servicio de consultoria,1,18369.93,transferencia
V-4764,2026-06-28,Distribuidora Sur,Notebook Lenovo,1,619371.67,transferencia
V-4765,2026-06-28,Transportes Rios,Hosting mensual,1,10862.39,transferencia
V-4766,2026-06-28,Juan Perez,Monitor 24'',1,168822.24,efectivo
V-4767,2026-06-28,Ana Martinez,Tornillos x100,15,2204.89,tarjeta
V-4768,2026-06-28,Peluqueria Glamour,Mouse inalambrico,10,89008.63,tarjeta
V-4769,2026-06-29,Libreria Central,Resma A4,29,28684.82,transferencia
V-4770,2026-06-29,Consultora Delta,Hosting mensual,1,11558.91,efectivo
V-4771,2026-06-29,Bar La Esquina,Hosting mensual,1,13197.10,tarjeta
V-4772,2026-06-29,Comercial Andrade,Cartucho tinta,2,12932.30,tarjeta
V-4773,2026-06-29,Panaderia Ortiz,Cuaderno,20,8832.71,efectivo
V-4774,2026-06-29,Distribuidora Sur,Disco SSD 1TB,3,215691.11,transferencia
V-4775,2026-06-29,Comercial Andrade,Golosinas surtidas,31,4787.59,transferencia
V-4776,2026-06-29,Consultora Delta,Tornillos x100,18,3116.95,efectivo
V-4777,2026-06-29,Lucia Fernandez,Golosinas surtidas,22,3355.01,efectivo
V-4778,2026-06-29,Pedro Sanchez,Monitor 24'',4,775195.48,tarjeta
V-4779,2026-06-29,Gimnasio Fuerza,Servicio mensual,1,44286.00,transferencia
V-4780,2026-06-29,Ferreteria Nuñez,Cafe en grano,4,7952.52,efectivo
V-4781,2026-06-29,Garcia SA,Licencia software anual,3,375854.41,cheque
V-4782,2026-06-29,Gimnasio Fuerza,Detergente 5L,6,24042.56,efectivo
V-4783,2026-06-29,Juan Perez,Armazon,3,42891.10,transferencia
V-4784,2026-06-29,Imprenta Rapida,Toner HP,5,41856.06,mercadopago
V-4785,2026-06-29,Almacen La Paz,Cartucho tinta,2,12143.90,tarjeta
V-4786,2026-06-29,Carniceria El Toro,Mouse inalambrico,5,51278.57,mercadopago
V-4787,2026-06-29,Peluqueria Glamour,Aceite x12,8,46110.74,efectivo
V-4788,2026-06-30,Marta Gomez,Golosinas surtidas,47,6998.69,mercadopago
V-4789,2026-06-30,Transportes Rios,Lapiceras x12,18,41206.18,transferencia
V-4790,2026-06-30,Valentina Diaz,Lapiceras x12,25,56768.66,cheque
V-4791,2026-06-30,Diego Torres,Servicio de mantenimiento,1,32460.08,transferencia
V-4792,2026-06-30,Almacen La Paz,Pendrive 64GB,19,149569.33,transferencia
V-4793,2026-06-30,Inmobiliaria Sol,Notebook Lenovo,2,1257677.59,mercadopago
V-4794,2026-06-30,Distribuidora Sur,Disco SSD 1TB,2,146791.14,efectivo
V-4795,2026-06-30,Consultora Delta,Hosting mensual,1,13151.15,tarjeta
V-4796,2026-07-01,Juan Perez,Lapiceras x12,15,34347.02,tarjeta
V-4797,2026-07-01,Inmobiliaria Sol,Toner HP,2,16440.03,tarjeta
V-4798,2026-07-01,Comercial Andrade,Aceite x12,7,37406.18,transferencia
V-4799,2026-07-01,Diego Torres,Tornillos x100,17,2852.45,efectivo
V-4800,2026-07-01,Gimnasio Fuerza,Cable HDMI,3,11269.06,mercadopago
V-4801,2026-07-01,Comercial Andrade,Servicio de consultoria,1,19467.04,transferencia
V-4802,2026-07-01,Restaurante El Puerto,Servicio de consultoria,1,17570.07,efectivo
V-4803,2026-07-01,Bar La Esquina,Mouse inalambrico,8,74311.80,tarjeta
V-4804,2026-07-01,Bar La Esquina,Servicio de consultoria,1,17098.88,tarjeta
V-4805,2026-07-01,Ferreteria Nuñez,Servicio de consultoria,1,18794.69,tarjeta
V-4806,2026-07-01,Taller Mecanico Lopez,Disco SSD 1TB,6,461499.80,transferencia
V-4807,2026-07-01,Mueblerias Hogar,Silla ergonomica,2,206485.11,efectivo
V-4808,2026-07-01,Cafe Colonial,Disco SSD 1TB,5,392006.68,transferencia
V-4809,2026-07-01,Ferreteria Nuñez,Servicio de consultoria,1,17760.75,mercadopago
V-4810,2026-07-02,Farmacia San Martin,Pendrive 64GB,18,150712.88,tarjeta
V-4811,2026-07-02,Martin Castro,Notebook Lenovo,1,560859.15,efectivo
V-4812,2026-07-02,Taller Mecanico Lopez,Servicio de mantenimiento,1,33179.50,tarjeta
V-4813,2026-07-02,Taller Mecanico Lopez,Carpeta A4,11,13788.75,mercadopago
V-4814,2026-07-02,Ferreteria Nuñez,Resma A4,11,10940.95,transferencia
V-4815,2026-07-02,Farmacia San Martin,Detergente 5L,19,82126.36,transferencia
V-4816,2026-07-02,Lucia Fernandez,Golosinas surtidas,93,15241.36,transferencia
V-4817,2026-07-02,Comercial Andrade,Servicio de consultoria,1,19002.91,transferencia
V-4818,2026-07-02,Consultora Delta,Servicio mensual,1,47363.75,tarjeta
V-4819,2026-07-02,Agropecuaria Campo Verde,Servicio de consultoria,1,17840.11,tarjeta
V-4820,2026-07-02,Consultora Delta,Aceite x12,5,28967.43,efectivo
V-4821,2026-07-02,Marta Gomez,Teclado mecanico,4,141307.40,transferencia
V-4822,2026-07-02,Garcia SA,Cartucho tinta,3,18591.29,efectivo
V-4823,2026-07-02,Ferreteria Nuñez,Bolsas x100,54,59864.21,efectivo
V-4824,2026-07-02,Peluqueria Glamour,Golosinas surtidas,37,5719.41,tarjeta
V-4825,2026-07-02,Panaderia Ortiz,Auriculares,5,120299.21,mercadopago
V-4826,2026-07-02,Gimnasio Fuerza,Mouse inalambrico,3,26658.04,tarjeta
V-4827,2026-07-02,Imprenta Rapida,Resma A4,36,33944.11,mercadopago
V-4828,2026-07-03,Gimnasio Fuerza,Monitor 24'',2,380856.14,tarjeta
V-4829,2026-07-03,Supermercado Don Pepe,Servicio mensual,1,43304.16,transferencia
V-4830,2026-07-03,Ferreteria Nuñez,Monitor 24'',1,162303.17,transferencia
V-4831,2026-07-03,Valentina Diaz,Toner HP,5,44148.38,efectivo
V-4832,2026-07-03,Clinica Belgrano,Toner HP,5,37391.18,mercadopago
V-4833,2026-07-03,Imprenta Rapida,Agua mineral x6,16,30449.10,transferencia
V-4834,2026-07-03,Constructora Norte,Servicio de consultoria,1,19112.57,transferencia
V-4835,2026-07-03,Libreria Central,Notebook Lenovo,1,615616.39,transferencia
V-4836,2026-07-03,Marta Gomez,Aceite x12,7,39169.02,transferencia
V-4837,2026-07-03,Transportes Rios,Cartucho tinta,4,26116.33,transferencia
V-4838,2026-07-03,Distribuidora Sur,Resma A4,16,14891.20,tarjeta
V-4839,2026-07-03,Ferreteria Nuñez,Auriculares,7,140714.23,transferencia
V-4840,2026-07-03,Hotel Plaza,Agua mineral x6,21,41175.57,transferencia
V-4841,2026-07-03,Imprenta Rapida,Cable HDMI,7,24182.61,transferencia
V-4842,2026-07-03,Farmacia San Martin,Capacitacion,3,194884.07,transferencia
V-4843,2026-07-04,Lucia Fernandez,Cable HDMI,1,3829.45,efectivo
V-4844,2026-07-04,Clinica Belgrano,Carpeta A4,14,18407.66,cheque
V-4845,2026-07-04,Garcia SA,Pendrive 64GB,10,83007.93,transferencia
V-4846,2026-07-04,Hotel Plaza,Resma A4,26,24384.01,tarjeta
V-4847,2026-07-04,Ana Martinez,Cable HDMI,13,46645.89,mercadopago
V-4848,2026-07-04,Farmacia San Martin,Cuaderno,36,17318.92,transferencia
V-4849,2026-07-04,Clinica Belgrano,Cartucho tinta,7,41705.97,tarjeta
V-4850,2026-07-04,Distribuidora Sur,Tornillos x100,25,4205.49,efectivo
V-4851,2026-07-04,Comercial Andrade,Detergente 5L,7,28778.14,tarjeta
V-4852,2026-07-04,Pedro Sanchez,Pendrive 64GB,14,123845.50,mercadopago
V-4853,2026-07-04,Distribuidora Sur,Auriculares,7,167943.27,transferencia
V-4854,2026-07-04,Clinica Belgrano,Resma A4,33,35178.23,efectivo
V-4855,2026-07-04,Restaurante El Puerto,Monitor 24'',3,571331.55,tarjeta
V-4856,2026-07-04,Mueblerias Hogar,Capacitacion,1,61948.70,transferencia
V-4857,2026-07-04,Clinica Belgrano,Servicio mensual,1,40635.40,cheque
V-4858,2026-07-05,Agropecuaria Campo Verde,Toner HP,5,38906.80,tarjeta
V-4859,2026-07-05,Imprenta Rapida,Cuaderno,14,5828.20,efectivo
V-4860,2026-07-05,Lucia Fernandez,Hosting mensual,1,11538.24,efectivo
V-4861,2026-07-05,Bar La Esquina,Carpeta A4,29,35131.88,transferencia
V-4862,2026-07-05,Farmacia San Martin,Harina x25kg,12,36700.21,tarjeta
V-4863,2026-07-05,Farmacia San Martin,Disco SSD 1TB,3,209863.21,tarjeta
V-4864,2026-07-05,Consultora Delta,Tornillos x100,6,1050.22,efectivo
V-4865,2026-07-05,Estudio Contable RyR,Agua mineral x6,10,18959.09,efectivo
V-4866,2026-07-05,Carniceria El Toro,Licencia software anual,4,506314.57,tarjeta
V-4867,2026-07-05,Comercial Andrade,Lapiceras x12,6,14295.17,efectivo
V-4868,2026-07-05,Veterinaria Patitas,Teclado mecanico,2,73062.19,efectivo
V-4869,2026-07-06,Peluqueria Glamour,Hosting mensual,1,12001.06,efectivo
V-4870,2026-07-06,Consultora Delta,Cable HDMI,2,7039.53,tarjeta
V-4871,2026-07-06,Constructora Norte,Teclado mecanico,5,171881.57,tarjeta
V-4872,2026-07-06,Estudio Contable RyR,Pendrive 64GB,1,8240.44,efectivo
V-4873,2026-07-06,Hotel Plaza,Notebook Lenovo,1,569297.40,transferencia
V-4874,2026-07-06,Libreria Central,Detergente 5L,10,38491.00,transferencia
V-4875,2026-07-06,Marta Gomez,Servicio de consultoria,1,19270.46,transferencia
V-4876,2026-07-06,Taller Mecanico Lopez,Cable HDMI,9,31020.47,tarjeta
V-4877,2026-07-06,Peluqueria Glamour,Toner HP,6,50835.41,tarjeta
V-4878,2026-07-06,Carlos Rodriguez,Notebook Lenovo,1,578231.30,transferencia
V-4879,2026-07-06,Consultora Delta,Monitor 24'',1,164886.55,transferencia
V-4880,2026-07-06,Escuela Sarmiento,Servicio de consultoria,1,17751.91,efectivo
V-4881,2026-07-06,Diego Torres,Cafe en grano,3,6300.25,efectivo
V-4882,2026-07-06,Valentina Diaz,Servicio de mantenimiento,1,33676.34,tarjeta
V-4883,2026-07-06,Pedro Sanchez,Disco SSD 1TB,6,414446.61,mercadopago
V-4884,2026-07-07,Cafe Colonial,Golosinas surtidas,65,10108.30,cheque
V-4885,2026-07-07,Estudio Contable RyR,Notebook Lenovo,3,1862725.55,tarjeta
V-4886,2026-07-07,Veterinaria Patitas,Cuaderno,34,16283.72,efectivo
V-4887,2026-07-07,Kiosco El Sol,Auriculares,1,22566.22,transferencia
V-4888,2026-07-07,Inmobiliaria Sol,Monitor 24'',3,510133.34,transferencia
V-4889,2026-07-07,Optica Vision,Toner HP,1,8055.53,tarjeta
V-4890,2026-07-07,Comercial Andrade,Detergente 5L,16,67503.56,tarjeta
V-4891,2026-07-07,Marta Gomez,Disco SSD 1TB,4,305924.66,efectivo
V-4892,2026-07-07,Estudio Contable RyR,Monitor 24'',1,196037.76,tarjeta
V-4893,2026-07-07,Escuela Sarmiento,Cartucho tinta,2,13725.91,cheque
V-4894,2026-07-07,Martin Castro,Golosinas surtidas,36,5825.26,mercadopago
V-4895,2026-07-07,Diego Torres,Servicio de mantenimiento,1,30408.41,efectivo
V-4896,2026-07-07,Supermercado Don Pepe,Cartucho tinta,4,25922.86,transferencia
V-4897,2026-07-07,Estudio Contable RyR,Carpeta A4,31,37643.86,mercadopago
V-4898,2026-07-07,Valentina Diaz,Servicio de consultoria,1,19603.59,transferencia
V-4899,2026-07-08,Gimnasio Fuerza,Cable HDMI,12,42411.94,tarjeta
V-4900,2026-07-08,Farmacia San Martin,Lapiceras x12,3,6501.21,efectivo
V-4901,2026-07-08,Distribuidora Sur,Cuaderno,17,8106.56,transferencia
V-4902,2026-07-08,Bar La Esquina,Mouse inalambrico,3,27414.14,tarjeta
V-4903,2026-07-08,Pedro Sanchez,Notebook Lenovo,2,1265411.28,tarjeta
V-4904,2026-07-08,Escuela Sarmiento,Pendrive 64GB,15,121369.33,transferencia
V-4905,2026-07-08,Gimnasio Fuerza,Hosting mensual,1,12437.38,transferencia
V-4906,2026-07-08,Hotel Plaza,Licencia software anual,1,113901.79,efectivo
V-4907,2026-07-08,Marta Gomez,Carpeta A4,14,15420.53,efectivo
V-4908,2026-07-08,Panaderia Ortiz,Capacitacion,2,129471.58,tarjeta
V-4909,2026-07-08,Ana Martinez,Servicio de consultoria,1,20082.65,transferencia
V-4910,2026-07-09,Farmacia San Martin,Notebook Lenovo,3,1868437.61,mercadopago
V-4911,2026-07-09,Bar La Esquina,Tornillos x100,23,3936.52,tarjeta
V-4912,2026-07-09,Restaurante El Puerto,Pendrive 64GB,8,69059.27,tarjeta
V-4913,2026-07-09,Garcia SA,Cuaderno,37,15204.64,transferencia
V-4914,2026-07-09,Martin Castro,Auriculares,2,46099.59,efectivo
V-4915,2026-07-09,Supermercado Don Pepe,Resma A4,5,4768.23,transferencia
V-4916,2026-07-09,Pedro Sanchez,Toner HP,3,26300.34,tarjeta
V-4917,2026-07-09,Constructora Norte,Armazon,4,64458.75,efectivo
V-4918,2026-07-09,Cafe Colonial,Cafe en grano,5,10335.49,efectivo
V-4919,2026-07-09,Ferreteria Nuñez,Cafe en grano,6,12119.88,transferencia
V-4920,2026-07-09,Consultora Delta,Servicio de consultoria,1,19907.72,mercadopago
V-4921,2026-07-09,Panaderia Ortiz,Teclado mecanico,3,120126.53,tarjeta
V-4922,2026-07-09,Bar La Esquina,Capacitacion,3,190340.57,transferencia
V-4923,2026-07-09,Bar La Esquina,Cafe en grano,10,19347.84,transferencia
V-4924,2026-07-09,Diego Torres,Disco SSD 1TB,1,81087.49,transferencia
V-4925,2026-07-09,Hotel Plaza,Toner HP,2,15338.84,efectivo
V-4926,2026-07-09,Hotel Plaza,Silla ergonomica,5,436853.93,transferencia
V-4927,2026-07-10,Martin Castro,Mouse inalambrico,1,10314.36,tarjeta
V-4928,2026-07-10,Panaderia Ortiz,Cafe en grano,13,25393.43,transferencia
V-4929,2026-07-10,Hotel Plaza,Cuaderno,32,15144.13,efectivo
V-4930,2026-07-10,Juan Perez,Teclado mecanico,4,151044.34,tarjeta
V-4931,2026-07-10,Ana Martinez,Monitor 24'',1,162983.39,transferencia
V-4932,2026-07-10,Pedro Sanchez,Lapiceras x12,16,35500.82,efectivo
V-4933,2026-07-10,Supermercado Don Pepe,Disco SSD 1TB,6,448261.59,tarjeta
V-4934,2026-07-10,Diego Torres,Cable HDMI,1,3301.56,transferencia
V-4935,2026-07-10,Libreria Central,Cafe en grano,10,18063.78,mercadopago
V-4936,2026-07-10,Peluqueria Glamour,Cuaderno,9,4325.83,efectivo
V-4937,2026-07-10,Pedro Sanchez,Bolsas x100,34,38684.46,transferencia
V-4938,2026-07-10,Constructora Norte,Servicio de mantenimiento,1,30926.92,efectivo
V-4939,2026-07-10,Libreria Central,Mouse inalambrico,3,31713.80,tarjeta
V-4940,2026-07-10,Sofia Ramirez,Capacitacion,2,131928.76,tarjeta
V-4941,2026-07-10,Pedro Sanchez,Aceite x12,3,15425.18,efectivo
V-4942,2026-07-10,Ana Martinez,Golosinas surtidas,81,13232.80,mercadopago
V-4943,2026-07-10,Distribuidora Sur,Servicio mensual,1,44782.99,tarjeta
V-4944,2026-07-10,Almacen La Paz,Golosinas surtidas,47,7604.29,efectivo
V-4945,2026-07-11,Clinica Belgrano,Capacitacion,2,122577.16,mercadopago
V-4946,2026-07-11,Inmobiliaria Sol,Bolsas x100,6,6992.48,mercadopago
V-4947,2026-07-11,Supermercado Don Pepe,Lapiceras x12,14,34213.68,transferencia
V-4948,2026-07-11,Taller Mecanico Lopez,Bolsas x100,26,30202.58,transferencia
V-4949,2026-07-11,Martin Castro,Armazon,1,16080.64,efectivo
V-4950,2026-07-11,Ferreteria Nuñez,Silla ergonomica,2,192953.00,mercadopago
V-4951,2026-07-11,Almacen La Paz,Harina x25kg,11,36512.61,mercadopago
V-4952,2026-07-11,Imprenta Rapida,Disco SSD 1TB,1,72214.06,tarjeta
V-4953,2026-07-11,Martin Castro,Notebook Lenovo,3,1850212.67,mercadopago
V-4954,2026-07-11,Farmacia San Martin,Silla ergonomica,6,551646.11,transferencia
V-4955,2026-07-11,Garcia SA,Pendrive 64GB,3,25942.15,transferencia
V-4956,2026-07-11,Libreria Central,Hosting mensual,1,11153.19,tarjeta
V-4957,2026-07-11,Distribuidora Sur,Pendrive 64GB,13,116015.70,tarjeta
V-4958,2026-07-11,Libreria Central,Servicio mensual,1,41036.73,transferencia
V-4959,2026-07-11,Estudio Contable RyR,Agua mineral x6,14,25110.01,efectivo
V-4960,2026-07-11,Diego Torres,Capacitacion,2,127923.18,tarjeta
V-4961,2026-07-11,Optica Vision,Toner HP,4,29850.82,transferencia
V-4962,2026-07-11,Carniceria El Toro,Cuaderno,15,6907.66,tarjeta
V-4963,2026-07-11,Constructora Norte,Cuaderno,22,10567.56,tarjeta
V-4964,2026-07-11,Estudio Contable RyR,Cafe en grano,2,3899.84,efectivo
V-4965,2026-07-11,Libreria Central,Servicio de mantenimiento,1,30126.91,transferencia
V-4966,2026-07-11,Agropecuaria Campo Verde,Carpeta A4,16,20148.01,efectivo
V-4967,2026-07-11,Consultora Delta,Servicio de consultoria,1,20338.47,transferencia
V-4968,2026-07-12,Kiosco El Sol,Mouse inalambrico,5,48955.47,transferencia
V-4969,2026-07-12,Sofia Ramirez,Cartucho tinta,1,6978.86,tarjeta
V-4970,2026-07-12,Ferreteria Nuñez,Carpeta A4,6,7807.09,tarjeta
V-4971,2026-07-12,Juan Perez,Servicio mensual,1,48483.85,mercadopago
V-4972,2026-07-12,Restaurante El Puerto,Detergente 5L,2,9141.49,tarjeta
V-4973,2026-07-12,Transportes Rios,Servicio mensual,1,44219.42,transferencia
V-4974,2026-07-12,Supermercado Don Pepe,Auriculares,5,107288.17,efectivo
V-4975,2026-07-12,Consultora Delta,Pendrive 64GB,15,118827.70,efectivo
V-4976,2026-07-12,Comercial Andrade,Teclado mecanico,2,82321.37,tarjeta
V-4977,2026-07-12,Imprenta Rapida,Servicio de mantenimiento,1,33545.17,transferencia
V-4978,2026-07-13,Cafe Colonial,Tornillos x100,27,4420.04,efectivo
V-4979,2026-07-13,Martin Castro,Cartucho tinta,6,35948.06,transferencia
V-4980,2026-07-13,Optica Vision,Licencia software anual,2,222106.59,cheque
V-4981,2026-07-13,Ferreteria Nuñez,Silla ergonomica,2,191554.89,transferencia
V-4982,2026-07-13,Supermercado Don Pepe,Servicio de mantenimiento,1,34062.38,transferencia
V-4983,2026-07-13,Agropecuaria Campo Verde,Notebook Lenovo,2,1357785.17,efectivo
V-4984,2026-07-13,Clinica Belgrano,Notebook Lenovo,1,660975.20,tarjeta
V-4985,2026-07-13,Transportes Rios,Agua mineral x6,26,49833.23,efectivo
V-4986,2026-07-13,Ana Martinez,Cartucho tinta,5,31563.34,tarjeta
V-4987,2026-07-13,Mueblerias Hogar,Aceite x12,10,59837.67,tarjeta
V-4988,2026-07-13,Carniceria El Toro,Monitor 24'',1,180203.96,tarjeta
V-4989,2026-07-13,Diego Torres,Capacitacion,1,59024.35,cheque
V-4990,2026-07-13,Garcia SA,Disco SSD 1TB,4,320789.25,transferencia
V-4991,2026-07-13,Estudio Contable RyR,Cartucho tinta,1,6714.64,tarjeta
V-4992,2026-07-13,Optica Vision,Capacitacion,1,61140.26,transferencia
V-4993,2026-07-14,Lucia Fernandez,Resma A4,28,29253.63,mercadopago
V-4994,2026-07-14,Farmacia San Martin,Cafe en grano,11,19943.33,tarjeta
V-4995,2026-07-14,Libreria Central,Auriculares,1,22373.04,mercadopago
V-4996,2026-07-14,Libreria Central,Armazon,2,29433.05,transferencia
V-4997,2026-07-14,Juan Perez,Tornillos x100,20,3108.81,transferencia
V-4998,2026-07-14,Marta Gomez,Armazon,3,45049.69,transferencia
V-4999,2026-07-14,Restaurante El Puerto,Carpeta A4,19,25031.26,transferencia
V-5000,2026-07-14,Supermercado Don Pepe,Bolsas x100,48,56997.20,efectivo
V-5001,2026-07-14,Ana Martinez,Servicio de mantenimiento,1,33248.91,tarjeta
V-5002,2026-07-14,Optica Vision,Disco SSD 1TB,2,140782.44,transferencia
V-5003,2026-07-14,Mueblerias Hogar,Cafe en grano,8,17341.24,tarjeta
V-5004,2026-07-15,Carniceria El Toro,Servicio de consultoria,1,17933.23,cheque
V-5005,2026-07-15,Consultora Delta,Cafe en grano,3,5551.59,efectivo
V-5006,2026-07-15,Marta Gomez,Resma A4,15,15977.72,tarjeta
V-5007,2026-07-15,Cafe Colonial,Harina x25kg,11,33369.04,tarjeta
V-5008,2026-07-15,Taller Mecanico Lopez,Golosinas surtidas,27,3740.50,mercadopago
V-5009,2026-07-15,Transportes Rios,Mouse inalambrico,4,35869.99,transferencia
V-5010,2026-07-15,Comercial Andrade,Armazon,3,43338.49,tarjeta
V-5011,2026-07-15,Agropecuaria Campo Verde,Licencia software anual,3,370146.04,transferencia
V-5012,2026-07-15,Estudio Contable RyR,Monitor 24'',3,553190.48,tarjeta
V-5013,2026-07-15,Supermercado Don Pepe,Tornillos x100,30,4748.49,transferencia
V-5014,2026-07-15,Distribuidora Sur,Armazon,2,32379.79,mercadopago
V-5015,2026-07-15,Panaderia Ortiz,Pendrive 64GB,9,76093.82,efectivo
V-5016,2026-07-15,Farmacia San Martin,Lapiceras x12,22,57212.07,tarjeta
V-5017,2026-07-15,Cafe Colonial,Carpeta A4,14,17476.10,tarjeta
V-5018,2026-07-15,Agropecuaria Campo Verde,Monitor 24'',2,325904.38,tarjeta
V-5019,2026-07-15,Imprenta Rapida,Detergente 5L,19,86222.08,mercadopago
V-5020,2026-07-15,Estudio Contable RyR,Aceite x12,1,5347.80,transferencia
V-5021,2026-07-16,Gimnasio Fuerza,Bolsas x100,19,22405.05,transferencia
V-5022,2026-07-16,Distribuidora Sur,Toner HP,3,22890.03,transferencia
V-5023,2026-07-16,Marta Gomez,Agua mineral x6,11,19006.07,tarjeta
V-5024,2026-07-16,Transportes Rios,Monitor 24'',4,780094.86,tarjeta
V-5025,2026-07-16,Distribuidora Sur,Aceite x12,8,46561.84,tarjeta
V-5026,2026-07-16,Panaderia Ortiz,Cable HDMI,5,18759.89,cheque
V-5027,2026-07-16,Farmacia San Martin,Lapiceras x12,19,43194.76,tarjeta
V-5028,2026-07-16,Carniceria El Toro,Detergente 5L,12,52420.15,efectivo
V-5029,2026-07-16,Comercial Andrade,Servicio de mantenimiento,1,33510.10,transferencia
V-5030,2026-07-16,Almacen La Paz,Cartucho tinta,8,51923.44,tarjeta
V-5031,2026-07-16,Ana Martinez,Mouse inalambrico,10,92086.18,mercadopago
V-5032,2026-07-16,Valentina Diaz,Disco SSD 1TB,2,152667.35,tarjeta
V-5033,2026-07-16,Marta Gomez,Toner HP,3,26110.87,transferencia
V-5034,2026-07-16,Consultora Delta,Monitor 24'',3,589683.78,transferencia
V-5035,2026-07-16,Gimnasio Fuerza,Lapiceras x12,12,29586.47,efectivo
V-5036,2026-07-16,Carniceria El Toro,Lapiceras x12,8,20465.44,transferencia
V-5037,2026-07-16,Escuela Sarmiento,Disco SSD 1TB,3,233976.18,transferencia
V-5038,2026-07-16,Peluqueria Glamour,Hosting mensual,1,10843.17,transferencia
V-5039,2026-07-16,Optica Vision,Silla ergonomica,2,196021.56,tarjeta
V-5040,2026-07-16,Imprenta Rapida,Auriculares,4,94375.84,efectivo
V-5041,2026-07-17,Optica Vision,Resma A4,30,27732.51,transferencia
V-5042,2026-07-17,Estudio Contable RyR,Pendrive 64GB,12,91975.91,tarjeta
V-5043,2026-07-17,Lucia Fernandez,Armazon,4,57883.23,tarjeta
V-5044,2026-07-17,Farmacia San Martin,Cartucho tinta,7,42667.20,mercadopago
V-5045,2026-07-17,Optica Vision,Agua mineral x6,5,8263.15,efectivo
V-5046,2026-07-17,Agropecuaria Campo Verde,Cafe en grano,6,11009.25,tarjeta
V-5047,2026-07-17,Martin Castro,Licencia software anual,1,126913.46,efectivo
V-5048,2026-07-17,Sofia Ramirez,Teclado mecanico,4,141975.32,transferencia
V-5049,2026-07-17,Veterinaria Patitas,Teclado mecanico,4,136807.50,efectivo
V-5050,2026-07-17,Carlos Rodriguez,Notebook Lenovo,3,1808406.02,transferencia
V-5051,2026-07-17,Garcia SA,Silla ergonomica,3,293379.91,efectivo
V-5052,2026-07-17,Ferreteria Nuñez,Licencia software anual,1,109197.65,tarjeta
V-5053,2026-07-17,Carniceria El Toro,Cafe en grano,7,14736.44,tarjeta
V-5054,2026-07-17,Transportes Rios,Golosinas surtidas,40,5757.45,transferencia
V-5055,2026-07-17,Comercial Andrade,Servicio de mantenimiento,1,31246.86,efectivo
V-5056,2026-07-18,Panaderia Ortiz,Teclado mecanico,1,41281.41,tarjeta
V-5057,2026-07-18,Consultora Delta,Detergente 5L,3,12147.33,tarjeta
V-5058,2026-07-18,Marta Gomez,Auriculares,7,164193.37,tarjeta
V-5059,2026-07-18,Ana Martinez,Teclado mecanico,2,74342.02,efectivo
V-5060,2026-07-18,Agropecuaria Campo Verde,Bolsas x100,27,26791.32,transferencia
V-5061,2026-07-18,Almacen La Paz,Monitor 24'',2,338391.73,transferencia
V-5062,2026-07-18,Supermercado Don Pepe,Capacitacion,2,123816.83,efectivo
V-5063,2026-07-18,Bar La Esquina,Servicio mensual,1,47578.51,transferencia
V-5064,2026-07-18,Ferreteria Nuñez,Auriculares,5,105228.51,mercadopago
V-5065,2026-07-18,Estudio Contable RyR,Cuaderno,13,6363.27,tarjeta
V-5066,2026-07-18,Carlos Rodriguez,Aceite x12,5,26312.93,tarjeta
V-5067,2026-07-18,Pedro Sanchez,Monitor 24'',4,742822.90,tarjeta
V-5068,2026-07-18,Juan Perez,Silla ergonomica,4,409966.47,tarjeta
V-5069,2026-07-19,Martin Castro,Bolsas x100,18,20948.55,transferencia
V-5070,2026-07-19,Almacen La Paz,Licencia software anual,1,127650.95,efectivo
V-5071,2026-07-19,Estudio Contable RyR,Silla ergonomica,3,305425.84,tarjeta
V-5072,2026-07-19,Diego Torres,Monitor 24'',1,197928.19,tarjeta
V-5073,2026-07-19,Libreria Central,Servicio de mantenimiento,1,29903.59,transferencia
V-5074,2026-07-19,Sofia Ramirez,Tornillos x100,23,3724.43,transferencia
V-5075,2026-07-19,Diego Torres,Disco SSD 1TB,3,205999.62,transferencia
V-5076,2026-07-19,Veterinaria Patitas,Aceite x12,6,33710.26,efectivo
V-5077,2026-07-19,Farmacia San Martin,Lapiceras x12,28,65704.41,tarjeta
V-5078,2026-07-19,Restaurante El Puerto,Disco SSD 1TB,1,69982.62,efectivo
V-5079,2026-07-19,Distribuidora Sur,Armazon,2,30246.70,tarjeta
V-5080,2026-07-19,Transportes Rios,Servicio de mantenimiento,1,30597.59,transferencia
V-5081,2026-07-20,Consultora Delta,Lapiceras x12,15,37684.38,transferencia
V-5082,2026-07-20,Supermercado Don Pepe,Servicio de consultoria,1,18853.79,tarjeta
V-5083,2026-07-20,Escuela Sarmiento,Harina x25kg,12,40069.13,efectivo
V-5084,2026-07-20,Consultora Delta,Aceite x12,3,15702.49,transferencia
V-5085,2026-07-20,Juan Perez,Disco SSD 1TB,5,382755.44,tarjeta
V-5086,2026-07-20,Farmacia San Martin,Cafe en grano,9,18121.07,efectivo
V-5087,2026-07-20,Clinica Belgrano,Notebook Lenovo,2,1237204.73,efectivo
V-5088,2026-07-20,Inmobiliaria Sol,Cuaderno,19,8474.09,transferencia
V-5089,2026-07-20,Pedro Sanchez,Servicio mensual,1,40961.06,transferencia
V-5090,2026-07-20,Gimnasio Fuerza,Disco SSD 1TB,4,320594.48,mercadopago
V-5091,2026-07-20,Distribuidora Sur,Aceite x12,7,42685.66,efectivo
V-5092,2026-07-20,Kiosco El Sol,Mouse inalambrico,4,38448.40,tarjeta
V-5093,2026-07-20,Inmobiliaria Sol,Cuaderno,10,4517.52,efectivo
V-5094,2026-07-20,Panaderia Ortiz,Servicio de mantenimiento,1,34805.65,tarjeta
V-5095,2026-07-20,Bar La Esquina,Auriculares,3,67014.61,transferencia
V-5096,2026-07-21,Transportes Rios,Lapiceras x12,11,25526.27,tarjeta
V-5097,2026-07-21,Restaurante El Puerto,Capacitacion,3,175862.11,cheque
V-5098,2026-07-21,Almacen La Paz,Armazon,4,65135.94,transferencia
V-5099,2026-07-21,Taller Mecanico Lopez,Carpeta A4,7,7942.86,tarjeta
V-5100,2026-07-21,Taller Mecanico Lopez,Auriculares,7,156837.92,transferencia
V-5101,2026-07-21,Ana Martinez,Mouse inalambrico,8,80667.52,transferencia
V-5102,2026-07-21,Bar La Esquina,Mouse inalambrico,8,81549.22,tarjeta
V-5103,2026-07-21,Clinica Belgrano,Golosinas surtidas,43,6753.02,tarjeta
V-5104,2026-07-21,Consultora Delta,Pendrive 64GB,16,147185.31,efectivo
V-5105,2026-07-21,Sofia Ramirez,Licencia software anual,1,126506.34,tarjeta
V-5106,2026-07-21,Peluqueria Glamour,Lapiceras x12,15,34769.50,efectivo
V-5107,2026-07-21,Ana Martinez,Detergente 5L,3,12315.77,tarjeta
V-5108,2026-07-21,Optica Vision,Servicio mensual,1,46617.64,efectivo
V-5109,2026-07-21,Peluqueria Glamour,Bolsas x100,44,51966.67,efectivo
V-5110,2026-07-21,Imprenta Rapida,Mouse inalambrico,1,10274.11,efectivo
V-5111,2026-07-21,Lucia Fernandez,Agua mineral x6,25,48133.44,tarjeta
V-5112,2026-07-21,Marta Gomez,Golosinas surtidas,35,5454.19,transferencia
V-5113,2026-07-21,Kiosco El Sol,Pendrive 64GB,18,150631.18,tarjeta
V-5114,2026-07-22,Constructora Norte,Mouse inalambrico,8,71026.32,transferencia
V-5115,2026-07-22,Constructora Norte,Capacitacion,1,63150.44,efectivo
V-5116,2026-07-22,Mueblerias Hogar,Servicio de mantenimiento,1,31837.23,tarjeta
V-5117,2026-07-22,Ferreteria Nuñez,Disco SSD 1TB,5,400447.91,efectivo
V-5118,2026-07-22,Valentina Diaz,Servicio de mantenimiento,1,31939.44,transferencia
V-5119,2026-07-22,Ana Martinez,Bolsas x100,25,30061.77,efectivo
V-5120,2026-07-22,Comercial Andrade,Cafe en grano,9,16525.57,tarjeta
V-5121,2026-07-22,Optica Vision,Capacitacion,2,122657.90,tarjeta
V-5122,2026-07-22,Mueblerias Hogar,Cuaderno,15,6115.78,tarjeta
V-5123,2026-07-22,Ferreteria Nuñez,Detergente 5L,9,41371.92,efectivo
V-5124,2026-07-22,Martin Castro,Cafe en grano,7,13446.96,efectivo
V-5125,2026-07-22,Agropecuaria Campo Verde,Toner HP,3,23613.73,tarjeta
V-5126,2026-07-22,Pedro Sanchez,Teclado mecanico,4,137614.24,tarjeta
V-5127,2026-07-23,Sofia Ramirez,Resma A4,26,27384.92,transferencia
V-5128,2026-07-23,Inmobiliaria Sol,Armazon,3,51114.98,transferencia
V-5129,2026-07-23,Peluqueria Glamour,Aceite x12,4,23080.04,efectivo
V-5130,2026-07-23,Panaderia Ortiz,Aceite x12,4,24221.46,efectivo
V-5131,2026-07-23,Kiosco El Sol,Bolsas x100,48,56200.60,tarjeta
V-5132,2026-07-23,Peluqueria Glamour,Cartucho tinta,2,12777.14,efectivo
V-5133,2026-07-23,Consultora Delta,Servicio de consultoria,1,18995.87,efectivo
V-5134,2026-07-23,Inmobiliaria Sol,Detergente 5L,5,20343.71,tarjeta
V-5135,2026-07-23,Farmacia San Martin,Disco SSD 1TB,1,69044.34,mercadopago
V-5136,2026-07-23,Peluqueria Glamour,Servicio de mantenimiento,1,34568.02,transferencia
V-5137,2026-07-23,Juan Perez,Servicio de consultoria,1,20126.08,transferencia
V-5138,2026-07-23,Clinica Belgrano,Notebook Lenovo,3,2037565.47,tarjeta
V-5139,2026-07-23,Ana Martinez,Notebook Lenovo,2,1334199.20,transferencia
V-5140,2026-07-23,Kiosco El Sol,Agua mineral x6,39,63621.49,tarjeta
V-5141,2026-07-23,Martin Castro,Mouse inalambrico,3,29568.71,mercadopago
V-5142,2026-07-23,Restaurante El Puerto,Cartucho tinta,3,20090.00,efectivo
V-5143,2026-07-23,Garcia SA,Capacitacion,3,173744.96,efectivo
V-5144,2026-07-24,Peluqueria Glamour,Servicio de consultoria,1,17195.03,efectivo
V-5145,2026-07-24,Transportes Rios,Harina x25kg,11,31943.86,tarjeta
V-5146,2026-07-24,Comercial Andrade,Resma A4,9,8765.57,tarjeta
V-5147,2026-07-24,Pedro Sanchez,Servicio de mantenimiento,1,33403.09,efectivo
V-5148,2026-07-24,Distribuidora Sur,Tornillos x100,35,5494.88,transferencia
V-5149,2026-07-24,Garcia SA,Notebook Lenovo,3,1723650.42,transferencia
V-5150,2026-07-24,Libreria Central,Toner HP,4,29528.18,cheque
V-5151,2026-07-24,Farmacia San Martin,Teclado mecanico,2,78622.27,transferencia
V-5152,2026-07-24,Pedro Sanchez,Servicio mensual,1,47727.62,tarjeta
V-5153,2026-07-24,Inmobiliaria Sol,Tornillos x100,46,6996.54,efectivo
V-5154,2026-07-24,Ferreteria Nuñez,Carpeta A4,36,46655.92,transferencia
V-5155,2026-07-25,Panaderia Ortiz,Cable HDMI,12,40279.97,transferencia
V-5156,2026-07-25,Martin Castro,Detergente 5L,13,51487.25,transferencia
V-5157,2026-07-25,Transportes Rios,Resma A4,14,15126.32,tarjeta
V-5158,2026-07-25,Consultora Delta,Servicio de consultoria,1,18689.88,tarjeta
V-5159,2026-07-25,Pedro Sanchez,Mouse inalambrico,1,9309.85,tarjeta
V-5160,2026-07-25,Restaurante El Puerto,Monitor 24'',1,166746.93,transferencia
V-5161,2026-07-25,Lucia Fernandez,Harina x25kg,4,13254.26,transferencia
V-5162,2026-07-25,Almacen La Paz,Armazon,2,32230.09,transferencia
V-5163,2026-07-25,Sofia Ramirez,Disco SSD 1TB,1,77998.68,efectivo
V-5164,2026-07-26,Taller Mecanico Lopez,Disco SSD 1TB,3,233085.14,mercadopago
V-5165,2026-07-26,Peluqueria Glamour,Capacitacion,3,171791.18,tarjeta
V-5166,2026-07-26,Agropecuaria Campo Verde,Toner HP,3,26118.99,tarjeta
V-5167,2026-07-26,Consultora Delta,Silla ergonomica,2,190675.29,mercadopago
V-5168,2026-07-26,Carlos Rodriguez,Mouse inalambrico,7,63829.15,mercadopago
V-5169,2026-07-26,Constructora Norte,Cafe en grano,8,14523.01,efectivo
V-5170,2026-07-26,Clinica Belgrano,Licencia software anual,5,656418.72,transferencia
V-5171,2026-07-26,Lucia Fernandez,Resma A4,13,12542.67,tarjeta
V-5172,2026-07-26,Distribuidora Sur,Silla ergonomica,6,616179.06,efectivo
V-5173,2026-07-26,Pedro Sanchez,Aceite x12,3,17458.53,transferencia
V-5174,2026-07-26,Comercial Andrade,Teclado mecanico,5,194555.54,tarjeta
V-5175,2026-07-26,Agropecuaria Campo Verde,Mouse inalambrico,2,21428.67,tarjeta
V-5176,2026-07-26,Pedro Sanchez,Tornillos x100,17,2933.54,tarjeta
V-5177,2026-07-26,Martin Castro,Servicio de mantenimiento,1,32563.12,efectivo
V-5178,2026-07-26,Imprenta Rapida,Cable HDMI,9,29912.07,efectivo
V-5179,2026-07-27,Constructora Norte,Cable HDMI,8,30044.90,tarjeta
V-5180,2026-07-27,Libreria Central,Monitor 24'',4,712935.33,tarjeta
V-5181,2026-07-27,Bar La Esquina,Disco SSD 1TB,4,270741.44,transferencia
V-5182,2026-07-27,Farmacia San Martin,Lapiceras x12,7,15284.16,mercadopago
V-5183,2026-07-27,Carlos Rodriguez,Capacitacion,1,55147.75,tarjeta
V-5184,2026-07-27,Martin Castro,Cable HDMI,4,15332.94,transferencia
V-5185,2026-07-27,Comercial Andrade,Golosinas surtidas,71,9605.97,mercadopago
V-5186,2026-07-27,Transportes Rios,Cuaderno,24,9827.29,mercadopago
V-5187,2026-07-27,Kiosco El Sol,Golosinas surtidas,98,15359.67,mercadopago
V-5188,2026-07-27,Restaurante El Puerto,Cuaderno,19,9153.47,efectivo
V-5189,2026-07-27,Bar La Esquina,Servicio de mantenimiento,1,30193.45,transferencia
V-5190,2026-07-27,Imprenta Rapida,Lapiceras x12,27,65770.86,transferencia
V-5191,2026-07-27,Juan Perez,Agua mineral x6,39,69779.89,tarjeta
V-5192,2026-07-28,Pedro Sanchez,Cartucho tinta,7,46814.29,transferencia
V-5193,2026-07-28,Distribuidora Sur,Cable HDMI,13,47020.88,transferencia
V-5194,2026-07-28,Panaderia Ortiz,Servicio de consultoria,1,18948.01,transferencia
V-5195,2026-07-28,Supermercado Don Pepe,Tornillos x100,19,2940.79,transferencia
V-5196,2026-07-28,Almacen La Paz,Auriculares,8,193365.08,tarjeta
V-5197,2026-07-28,Farmacia San Martin,Hosting mensual,1,12293.72,tarjeta
V-5198,2026-07-28,Agropecuaria Campo Verde,Licencia software anual,4,444009.83,mercadopago
V-5199,2026-07-28,Juan Perez,Capacitacion,3,195163.81,tarjeta
V-5200,2026-07-28,Distribuidora Sur,Pendrive 64GB,12,100006.88,mercadopago
V-5201,2026-07-28,Taller Mecanico Lopez,Resma A4,35,35751.05,tarjeta
V-5202,2026-07-28,Clinica Belgrano,Servicio de consultoria,1,18928.04,transferencia
V-5203,2026-07-28,Escuela Sarmiento,Lapiceras x12,15,36517.47,transferencia
V-5204,2026-07-28,Restaurante El Puerto,Disco SSD 1TB,6,487381.67,efectivo
V-5205,2026-07-28,Lucia Fernandez,Servicio de consultoria,1,17567.26,tarjeta
V-5206,2026-07-28,Supermercado Don Pepe,Toner HP,6,45327.93,mercadopago
V-5207,2026-07-28,Cafe Colonial,Detergente 5L,8,33480.13,transferencia
V-5208,2026-07-28,Diego Torres,Mouse inalambrico,2,17689.91,tarjeta
V-5209,2026-07-28,Gimnasio Fuerza,Servicio mensual,1,41159.47,transferencia
V-5210,2026-07-29,Libreria Central,Teclado mecanico,1,39957.53,mercadopago
V-5211,2026-07-29,Mueblerias Hogar,Golosinas surtidas,62,9919.99,tarjeta
V-5212,2026-07-29,Carlos Rodriguez,Resma A4,17,16882.63,transferencia
V-5213,2026-07-29,Libreria Central,Notebook Lenovo,1,594985.48,efectivo
V-5214,2026-07-29,Sofia Ramirez,Pendrive 64GB,10,81176.05,transferencia
V-5215,2026-07-29,Diego Torres,Licencia software anual,1,126713.54,tarjeta
V-5216,2026-07-29,Supermercado Don Pepe,Monitor 24'',4,772704.20,transferencia
V-5217,2026-07-29,Escuela Sarmiento,Resma A4,5,5139.91,tarjeta
V-5218,2026-07-29,Juan Perez,Resma A4,9,9420.41,cheque
V-5219,2026-07-29,Gimnasio Fuerza,Bolsas x100,40,47109.32,transferencia
V-5220,2026-07-29,Optica Vision,Bolsas x100,20,24028.46,efectivo
V-5221,2026-07-29,Gimnasio Fuerza,Servicio de mantenimiento,1,29302.12,tarjeta
V-5222,2026-07-29,Kiosco El Sol,Aceite x12,1,5819.72,tarjeta
V-5223,2026-07-29,Carniceria El Toro,Armazon,1,15017.37,efectivo
V-5224,2026-07-29,Imprenta Rapida,Cable HDMI,12,44585.19,mercadopago
V-5225,2026-07-29,Cafe Colonial,Monitor 24'',3,515294.84,tarjeta
V-5226,2026-07-29,Bar La Esquina,Armazon,2,31634.12,mercadopago
V-5227,2026-07-29,Escuela Sarmiento,Notebook Lenovo,3,1856985.66,transferencia
V-5228,2026-07-30,Comercial Andrade,Cuaderno,5,2289.52,efectivo
V-5229,2026-07-30,Consultora Delta,Harina x25kg,6,17176.09,cheque
V-5230,2026-07-30,Carniceria El Toro,Disco SSD 1TB,2,153126.21,transferencia
V-5231,2026-07-30,Ana Martinez,Resma A4,39,34935.36,tarjeta
V-5232,2026-07-30,Juan Perez,Mouse inalambrico,3,30971.02,transferencia
V-5233,2026-07-30,Consultora Delta,Armazon,4,64287.71,tarjeta
V-5234,2026-07-30,Sofia Ramirez,Bolsas x100,52,51720.72,tarjeta
V-5235,2026-07-30,Optica Vision,Servicio de consultoria,1,18099.45,tarjeta
V-5236,2026-07-31,Pedro Sanchez,Harina x25kg,3,10175.74,transferencia
V-5237,2026-07-31,Ana Martinez,Teclado mecanico,5,178852.57,efectivo
V-5238,2026-07-31,Marta Gomez,Harina x25kg,8,22975.47,mercadopago
V-5239,2026-07-31,Garcia SA,Licencia software anual,4,460798.18,tarjeta
V-5240,2026-07-31,Almacen La Paz,Lapiceras x12,30,65569.27,tarjeta
V-5241,2026-07-31,Valentina Diaz,Lapiceras x12,25,65579.45,tarjeta
V-5242,2026-07-31,Bar La Esquina,Notebook Lenovo,3,1736565.79,tarjeta
V-5243,2026-07-31,Restaurante El Puerto,Licencia software anual,1,120980.43,efectivo
V-5244,2026-07-31,Panaderia Ortiz,Resma A4,10,9305.39,efectivo
V-5245,2026-07-31,Carniceria El Toro,Mouse inalambrico,2,18017.29,transferencia
V-5246,2026-07-31,Optica Vision,Harina x25kg,10,28191.68,efectivo
V-5247,2026-07-31,Bar La Esquina,Cafe en grano,4,8253.02,tarjeta
V-5248,2026-08-01,Transportes Rios,Mouse inalambrico,1,9398.73,efectivo
V-5249,2026-08-01,Imprenta Rapida,Detergente 5L,7,27322.83,transferencia
V-5250,2026-08-01,Escuela Sarmiento,Carpeta A4,35,43496.21,tarjeta
V-5251,2026-08-01,Restaurante El Puerto,Aceite x12,6,35644.39,tarjeta
V-5252,2026-08-01,Carniceria El Toro,Bolsas x100,55,55136.13,efectivo
V-5253,2026-08-01,Carlos Rodriguez,Detergente 5L,6,27309.41,transferencia
V-5254,2026-08-01,Kiosco El Sol,Disco SSD 1TB,1,71839.13,efectivo
V-5255,2026-08-01,Agropecuaria Campo Verde,Servicio de mantenimiento,1,33466.85,transferencia
V-5256,2026-08-01,Clinica Belgrano,Carpeta A4,36,45825.75,transferencia
V-5257,2026-08-01,Agropecuaria Campo Verde,Teclado mecanico,2,72172.60,tarjeta
V-5258,2026-08-01,Comercial Andrade,Servicio de consultoria,1,17508.73,transferencia
V-5259,2026-08-01,Lucia Fernandez,Mouse inalambrico,2,20540.26,transferencia
V-5260,2026-08-01,Sofia Ramirez,Armazon,4,65880.64,transferencia
V-5261,2026-08-01,Marta Gomez,Auriculares,7,154521.65,transferencia
V-5262,2026-08-01,Juan Perez,Capacitacion,1,58720.45,tarjeta
V-5263,2026-08-01,Hotel Plaza,Cafe en grano,8,17053.55,transferencia
V-5264,2026-08-01,Ferreteria Nuñez,Cable HDMI,9,33938.73,tarjeta
V-5265,2026-08-01,Cafe Colonial,Teclado mecanico,3,121693.17,tarjeta
V-5266,2026-08-02,Mueblerias Hogar,Toner HP,1,8682.52,transferencia
V-5267,2026-08-02,Taller Mecanico Lopez,Toner HP,2,14770.20,tarjeta
V-5268,2026-08-02,Martin Castro,Golosinas surtidas,66,9177.81,transferencia
V-5269,2026-08-02,Transportes Rios,Tornillos x100,49,7369.65,efectivo
V-5270,2026-08-02,Hotel Plaza,Servicio de mantenimiento,1,33255.13,transferencia
V-5271,2026-08-02,Libreria Central,Toner HP,5,41709.06,mercadopago
V-5272,2026-08-02,Carniceria El Toro,Notebook Lenovo,1,635286.84,tarjeta
V-5273,2026-08-02,Diego Torres,Golosinas surtidas,79,11491.70,mercadopago
V-5274,2026-08-02,Consultora Delta,Detergente 5L,12,47958.52,cheque
V-5275,2026-08-02,Restaurante El Puerto,Servicio de mantenimiento,1,29080.61,efectivo
V-5276,2026-08-02,Veterinaria Patitas,Licencia software anual,3,373930.98,transferencia
V-5277,2026-08-02,Valentina Diaz,Resma A4,12,12016.47,transferencia
V-5278,2026-08-02,Gimnasio Fuerza,Cartucho tinta,7,44115.53,tarjeta
V-5279,2026-08-02,Constructora Norte,Cuaderno,23,10892.52,cheque
V-5280,2026-08-02,Hotel Plaza,Tornillos x100,15,2446.62,transferencia
V-5281,2026-08-02,Imprenta Rapida,Silla ergonomica,5,474528.95,efectivo
V-5282,2026-08-02,Clinica Belgrano,Mouse inalambrico,1,9280.08,transferencia
V-5283,2026-08-02,Almacen La Paz,Teclado mecanico,2,73105.87,transferencia
V-5284,2026-08-02,Panaderia Ortiz,Servicio de consultoria,1,18310.97,efectivo
V-5285,2026-08-02,Carlos Rodriguez,Carpeta A4,30,32515.46,tarjeta
V-5286,2026-08-02,Garcia SA,Resma A4,28,27742.00,transferencia
V-5287,2026-08-03,Supermercado Don Pepe,Servicio mensual,1,41110.66,efectivo
V-5288,2026-08-03,Estudio Contable RyR,Agua mineral x6,10,17723.38,transferencia
V-5289,2026-08-03,Agropecuaria Campo Verde,Notebook Lenovo,2,1246586.71,transferencia
V-5290,2026-08-03,Kiosco El Sol,Golosinas surtidas,42,5992.13,transferencia
V-5291,2026-08-03,Agropecuaria Campo Verde,Servicio de mantenimiento,1,30768.58,transferencia
V-5292,2026-08-03,Hotel Plaza,Bolsas x100,29,34889.85,transferencia
V-5293,2026-08-03,Transportes Rios,Detergente 5L,12,52359.52,tarjeta
V-5294,2026-08-03,Ferreteria Nuñez,Harina x25kg,9,25796.94,efectivo
V-5295,2026-08-03,Lucia Fernandez,Auriculares,7,151989.60,efectivo
V-5296,2026-08-04,Veterinaria Patitas,Mouse inalambrico,10,92410.24,tarjeta
V-5297,2026-08-04,Imprenta Rapida,Toner HP,5,38353.92,efectivo
V-5298,2026-08-04,Valentina Diaz,Silla ergonomica,3,292250.47,tarjeta
V-5299,2026-08-04,Transportes Rios,Cartucho tinta,1,6336.53,transferencia
V-5300,2026-08-04,Escuela Sarmiento,Tornillos x100,20,3516.04,efectivo
V-5301,2026-08-04,Taller Mecanico Lopez,Hosting mensual,1,12100.95,efectivo
V-5302,2026-08-04,Optica Vision,Hosting mensual,1,12152.79,transferencia
V-5303,2026-08-04,Ana Martinez,Armazon,4,61861.97,transferencia
V-5304,2026-08-04,Martin Castro,Capacitacion,1,62282.44,efectivo
V-5305,2026-08-05,Constructora Norte,Servicio mensual,1,42393.00,transferencia
V-5306,2026-08-05,Distribuidora Sur,Notebook Lenovo,1,665703.57,transferencia
V-5307,2026-08-05,Transportes Rios,Disco SSD 1TB,2,159464.31,tarjeta
V-5308,2026-08-05,Farmacia San Martin,Pendrive 64GB,19,166433.53,transferencia
V-5309,2026-08-05,Optica Vision,Silla ergonomica,2,194634.08,transferencia
V-5310,2026-08-05,Juan Perez,Cartucho tinta,6,40183.30,transferencia
V-5311,2026-08-05,Estudio Contable RyR,Detergente 5L,7,26587.54,transferencia
V-5312,2026-08-05,Carlos Rodriguez,Servicio de consultoria,1,18216.14,transferencia
V-5313,2026-08-05,Restaurante El Puerto,Hosting mensual,1,12039.04,transferencia
V-5314,2026-08-05,Martin Castro,Cuaderno,36,16717.89,tarjeta
V-5315,2026-08-05,Escuela Sarmiento,Golosinas surtidas,97,13121.46,transferencia
V-5316,2026-08-05,Consultora Delta,Harina x25kg,3,8980.56,efectivo
V-5317,2026-08-05,Sofia Ramirez,Golosinas surtidas,69,9434.19,transferencia
V-5318,2026-08-05,Supermercado Don Pepe,Servicio de mantenimiento,1,30091.13,transferencia
V-5319,2026-08-06,Taller Mecanico Lopez,Servicio de consultoria,1,19567.83,transferencia
V-5320,2026-08-06,Almacen La Paz,Golosinas surtidas,43,6802.76,cheque
V-5321,2026-08-06,Distribuidora Sur,Cable HDMI,13,42319.99,tarjeta
V-5322,2026-08-06,Kiosco El Sol,Monitor 24'',4,679441.53,tarjeta
V-5323,2026-08-06,Juan Perez,Cable HDMI,9,32759.01,mercadopago
V-5324,2026-08-06,Garcia SA,Mouse inalambrico,5,51255.11,mercadopago
V-5325,2026-08-06,Hotel Plaza,Monitor 24'',1,169464.07,transferencia
V-5326,2026-08-06,Imprenta Rapida,Mouse inalambrico,1,9476.71,transferencia
V-5327,2026-08-06,Restaurante El Puerto,Lapiceras x12,27,62262.89,transferencia
V-5328,2026-08-06,Lucia Fernandez,Capacitacion,1,61683.76,efectivo
V-5329,2026-08-06,Almacen La Paz,Golosinas surtidas,83,11877.92,tarjeta
V-5330,2026-08-06,Almacen La Paz,Disco SSD 1TB,3,225285.28,tarjeta
V-5331,2026-08-06,Comercial Andrade,Golosinas surtidas,67,10189.04,efectivo
V-5332,2026-08-07,Juan Perez,Teclado mecanico,2,68609.66,transferencia
V-5333,2026-08-07,Gimnasio Fuerza,Mouse inalambrico,4,41590.03,tarjeta
V-5334,2026-08-07,Farmacia San Martin,Hosting mensual,1,12919.29,mercadopago
V-5335,2026-08-07,Sofia Ramirez,Cable HDMI,2,6695.81,transferencia
V-5336,2026-08-07,Ana Martinez,Licencia software anual,4,493986.13,transferencia
V-5337,2026-08-07,Agropecuaria Campo Verde,Auriculares,4,96464.55,efectivo
V-5338,2026-08-07,Consultora Delta,Cable HDMI,10,37370.50,efectivo
V-5339,2026-08-07,Peluqueria Glamour,Licencia software anual,1,114184.50,tarjeta
V-5340,2026-08-07,Comercial Andrade,Servicio de mantenimiento,1,34008.75,efectivo
V-5341,2026-08-07,Clinica Belgrano,Licencia software anual,2,222860.28,efectivo
V-5342,2026-08-07,Distribuidora Sur,Teclado mecanico,3,107535.70,efectivo
V-5343,2026-08-07,Estudio Contable RyR,Servicio de mantenimiento,1,34516.41,transferencia
V-5344,2026-08-07,Carniceria El Toro,Tornillos x100,50,8076.88,efectivo
V-5345,2026-08-07,Restaurante El Puerto,Resma A4,11,10518.75,tarjeta
V-5346,2026-08-07,Comercial Andrade,Harina x25kg,5,14729.58,efectivo
V-5347,2026-08-07,Optica Vision,Tornillos x100,48,7603.86,transferencia
V-5348,2026-08-08,Lucia Fernandez,Servicio mensual,1,48951.42,transferencia
V-5349,2026-08-08,Constructora Norte,Carpeta A4,45,50345.45,efectivo
V-5350,2026-08-08,Kiosco El Sol,Cable HDMI,9,32735.32,efectivo
V-5351,2026-08-08,Distribuidora Sur,Disco SSD 1TB,5,376976.66,transferencia
V-5352,2026-08-08,Escuela Sarmiento,Lapiceras x12,22,53286.14,transferencia
V-5353,2026-08-08,Restaurante El Puerto,Detergente 5L,19,87341.60,transferencia
V-5354,2026-08-08,Kiosco El Sol,Lapiceras x12,3,7033.56,cheque
V-5355,2026-08-08,Hotel Plaza,Servicio mensual,1,45679.81,tarjeta
V-5356,2026-08-08,Imprenta Rapida,Monitor 24'',3,528272.82,tarjeta
V-5357,2026-08-08,Agropecuaria Campo Verde,Detergente 5L,16,68860.27,efectivo
V-5358,2026-08-08,Carniceria El Toro,Mouse inalambrico,4,42207.38,transferencia
V-5359,2026-08-08,Constructora Norte,Servicio de consultoria,1,17220.41,efectivo
V-5360,2026-08-08,Panaderia Ortiz,Notebook Lenovo,3,1696079.68,tarjeta
V-5361,2026-08-08,Estudio Contable RyR,Mouse inalambrico,7,63556.64,tarjeta
V-5362,2026-08-08,Peluqueria Glamour,Armazon,3,48661.83,tarjeta
V-5363,2026-08-09,Inmobiliaria Sol,Aceite x12,6,34194.95,mercadopago
V-5364,2026-08-09,Gimnasio Fuerza,Harina x25kg,7,22791.98,mercadopago
V-5365,2026-08-09,Libreria Central,Armazon,1,17022.71,transferencia
V-5366,2026-08-09,Marta Gomez,Teclado mecanico,3,102730.44,tarjeta
V-5367,2026-08-09,Clinica Belgrano,Monitor 24'',3,542270.11,efectivo
V-5368,2026-08-09,Marta Gomez,Pendrive 64GB,5,40724.95,tarjeta
V-5369,2026-08-09,Imprenta Rapida,Teclado mecanico,4,147528.17,transferencia
V-5370,2026-08-09,Farmacia San Martin,Tornillos x100,21,3602.98,transferencia
V-5371,2026-08-09,Restaurante El Puerto,Lapiceras x12,20,49071.57,transferencia
V-5372,2026-08-09,Clinica Belgrano,Hosting mensual,1,11283.82,mercadopago
V-5373,2026-08-09,Supermercado Don Pepe,Teclado mecanico,1,38095.45,efectivo
V-5374,2026-08-09,Kiosco El Sol,Capacitacion,2,128814.31,tarjeta
V-5375,2026-08-09,Cafe Colonial,Cafe en grano,8,15020.75,transferencia
V-5376,2026-08-09,Ana Martinez,Auriculares,5,102385.42,tarjeta
V-5377,2026-08-09,Veterinaria Patitas,Teclado mecanico,1,35517.52,efectivo
V-5378,2026-08-10,Martin Castro,Cartucho tinta,4,23558.06,efectivo
V-5379,2026-08-10,Mueblerias Hogar,Aceite x12,2,10744.71,transferencia
V-5380,2026-08-10,Martin Castro,Disco SSD 1TB,4,308278.20,tarjeta
V-5381,2026-08-10,Distribuidora Sur,Silla ergonomica,5,510875.79,efectivo
V-5382,2026-08-10,Bar La Esquina,Harina x25kg,4,12536.99,transferencia
V-5383,2026-08-10,Comercial Andrade,Mouse inalambrico,10,93497.92,transferencia
V-5384,2026-08-10,Gimnasio Fuerza,Auriculares,1,21841.77,efectivo
V-5385,2026-08-10,Peluqueria Glamour,Mouse inalambrico,8,75250.75,cheque
V-5386,2026-08-10,Supermercado Don Pepe,Servicio de consultoria,1,18493.58,tarjeta
V-5387,2026-08-10,Mueblerias Hogar,Detergente 5L,2,9052.30,efectivo
V-5388,2026-08-10,Almacen La Paz,Disco SSD 1TB,5,340886.80,transferencia
V-5389,2026-08-11,Panaderia Ortiz,Bolsas x100,44,45989.43,efectivo
V-5390,2026-08-11,Ferreteria Nuñez,Hosting mensual,1,12723.43,tarjeta
V-5391,2026-08-11,Distribuidora Sur,Lapiceras x12,21,55187.57,transferencia
V-5392,2026-08-11,Garcia SA,Aceite x12,10,60893.46,tarjeta
V-5393,2026-08-11,Supermercado Don Pepe,Pendrive 64GB,10,79110.60,transferencia
V-5394,2026-08-11,Escuela Sarmiento,Cable HDMI,8,28923.93,transferencia
V-5395,2026-08-11,Hotel Plaza,Teclado mecanico,4,147822.26,mercadopago
V-5396,2026-08-11,Peluqueria Glamour,Toner HP,6,46741.17,mercadopago
V-5397,2026-08-11,Inmobiliaria Sol,Cable HDMI,5,19227.00,efectivo
V-5398,2026-08-11,Distribuidora Sur,Servicio mensual,1,45007.74,efectivo
V-5399,2026-08-11,Constructora Norte,Harina x25kg,12,37348.80,efectivo
V-5400,2026-08-11,Clinica Belgrano,Hosting mensual,1,11054.45,transferencia
V-5401,2026-08-11,Almacen La Paz,Agua mineral x6,19,31931.28,transferencia
V-5402,2026-08-11,Pedro Sanchez,Agua mineral x6,28,52643.52,efectivo
V-5403,2026-08-11,Clinica Belgrano,Disco SSD 1TB,3,209958.59,efectivo
V-5404,2026-08-11,Sofia Ramirez,Cuaderno,38,16107.47,transferencia
V-5405,2026-08-12,Mueblerias Hogar,Servicio de consultoria,1,18140.56,transferencia
V-5406,2026-08-12,Ferreteria Nuñez,Agua mineral x6,48,79253.89,cheque
V-5407,2026-08-12,Ferreteria Nuñez,Lapiceras x12,30,76294.50,tarjeta
V-5408,2026-08-12,Panaderia Ortiz,Lapiceras x12,6,13809.32,mercadopago
V-5409,2026-08-12,Agropecuaria Campo Verde,Capacitacion,2,127720.86,transferencia
V-5410,2026-08-12,Garcia SA,Licencia software anual,5,611246.38,mercadopago
V-5411,2026-08-12,Transportes Rios,Auriculares,3,62509.48,efectivo
V-5412,2026-08-12,Sofia Ramirez,Cafe en grano,12,23874.03,tarjeta
V-5413,2026-08-12,Optica Vision,Servicio de mantenimiento,1,35076.45,transferencia
V-5414,2026-08-12,Almacen La Paz,Detergente 5L,20,76551.12,transferencia
V-5415,2026-08-12,Sofia Ramirez,Aceite x12,9,52610.07,transferencia
V-5416,2026-08-12,Transportes Rios,Carpeta A4,40,45893.45,cheque
V-5417,2026-08-12,Kiosco El Sol,Servicio de mantenimiento,1,33300.91,tarjeta
V-5418,2026-08-13,Imprenta Rapida,Monitor 24'',4,719481.54,transferencia
V-5419,2026-08-13,Carniceria El Toro,Lapiceras x12,4,10538.56,tarjeta
V-5420,2026-08-13,Ana Martinez,Detergente 5L,3,13464.34,tarjeta
V-5421,2026-08-13,Imprenta Rapida,Resma A4,27,27174.71,tarjeta
V-5422,2026-08-13,Hotel Plaza,Notebook Lenovo,3,1890143.49,tarjeta
V-5423,2026-08-13,Valentina Diaz,Licencia software anual,4,448094.23,transferencia
V-5424,2026-08-13,Clinica Belgrano,Aceite x12,9,51420.31,transferencia
V-5425,2026-08-13,Escuela Sarmiento,Servicio de consultoria,1,20200.09,tarjeta
V-5426,2026-08-13,Estudio Contable RyR,Golosinas surtidas,50,7640.52,transferencia
V-5427,2026-08-13,Veterinaria Patitas,Auriculares,1,22580.95,efectivo
V-5428,2026-08-13,Agropecuaria Campo Verde,Cartucho tinta,2,12102.18,tarjeta
V-5429,2026-08-13,Estudio Contable RyR,Cartucho tinta,7,48660.74,tarjeta
V-5430,2026-08-13,Diego Torres,Golosinas surtidas,23,3552.71,transferencia
V-5431,2026-08-13,Martin Castro,Mouse inalambrico,7,71553.49,transferencia
V-5432,2026-08-14,Distribuidora Sur,Toner HP,1,8026.58,transferencia
V-5433,2026-08-14,Panaderia Ortiz,Disco SSD 1TB,2,152684.39,tarjeta
V-5434,2026-08-14,Peluqueria Glamour,Licencia software anual,2,226747.38,efectivo
V-5435,2026-08-14,Martin Castro,Pendrive 64GB,14,122840.20,mercadopago
V-5436,2026-08-14,Imprenta Rapida,Auriculares,1,20867.49,transferencia
V-5437,2026-08-14,Cafe Colonial,Silla ergonomica,3,282733.77,tarjeta
V-5438,2026-08-14,Supermercado Don Pepe,Lapiceras x12,27,67775.69,cheque
V-5439,2026-08-14,Sofia Ramirez,Servicio mensual,1,43688.82,transferencia
V-5440,2026-08-14,Estudio Contable RyR,Silla ergonomica,4,359945.55,efectivo
V-5441,2026-08-14,Ana Martinez,Capacitacion,3,194356.73,transferencia
V-5442,2026-08-14,Imprenta Rapida,Harina x25kg,7,22273.43,tarjeta
V-5443,2026-08-14,Ferreteria Nuñez,Carpeta A4,7,8160.56,tarjeta
V-5444,2026-08-14,Supermercado Don Pepe,Licencia software anual,5,621060.22,tarjeta
V-5445,2026-08-14,Juan Perez,Bolsas x100,57,59943.16,transferencia
V-5446,2026-08-14,Kiosco El Sol,Lapiceras x12,19,42948.24,transferencia
V-5447,2026-08-15,Estudio Contable RyR,Cuaderno,35,17170.57,efectivo
V-5448,2026-08-15,Imprenta Rapida,Auriculares,4,96408.87,efectivo
V-5449,2026-08-15,Sofia Ramirez,Servicio mensual,1,45321.79,transferencia
V-5450,2026-08-15,Carniceria El Toro,Agua mineral x6,30,57446.66,tarjeta
V-5451,2026-08-15,Sofia Ramirez,Cable HDMI,1,3557.95,mercadopago
V-5452,2026-08-15,Panaderia Ortiz,Monitor 24'',4,725432.67,transferencia
V-5453,2026-08-15,Peluqueria Glamour,Cuaderno,22,9617.18,transferencia
V-5454,2026-08-15,Restaurante El Puerto,Teclado mecanico,4,154264.95,transferencia
V-5455,2026-08-15,Almacen La Paz,Disco SSD 1TB,2,159582.08,efectivo
V-5456,2026-08-16,Kiosco El Sol,Teclado mecanico,3,121168.40,tarjeta
V-5457,2026-08-16,Ana Martinez,Golosinas surtidas,98,14168.74,efectivo
V-5458,2026-08-16,Bar La Esquina,Lapiceras x12,23,51979.77,tarjeta
V-5459,2026-08-16,Optica Vision,Silla ergonomica,3,282321.34,tarjeta
V-5460,2026-08-16,Sofia Ramirez,Bolsas x100,47,48053.10,transferencia
V-5461,2026-08-16,Ana Martinez,Lapiceras x12,14,36702.84,efectivo
V-5462,2026-08-16,Veterinaria Patitas,Golosinas surtidas,92,14710.43,tarjeta
V-5463,2026-08-16,Supermercado Don Pepe,Auriculares,5,113135.73,transferencia
V-5464,2026-08-16,Hotel Plaza,Cuaderno,10,4388.32,transferencia
V-5465,2026-08-16,Mueblerias Hogar,Armazon,3,46849.16,tarjeta
V-5466,2026-08-17,Ana Martinez,Mouse inalambrico,1,10675.60,transferencia
V-5467,2026-08-17,Farmacia San Martin,Hosting mensual,1,12831.74,tarjeta
V-5468,2026-08-17,Agropecuaria Campo Verde,Cable HDMI,2,6783.53,tarjeta
V-5469,2026-08-17,Diego Torres,Cuaderno,10,4879.42,transferencia
V-5470,2026-08-17,Sofia Ramirez,Auriculares,2,43337.31,transferencia
V-5471,2026-08-17,Kiosco El Sol,Servicio de consultoria,1,19970.97,tarjeta
V-5472,2026-08-17,Kiosco El Sol,Toner HP,4,32818.25,tarjeta
V-5473,2026-08-17,Lucia Fernandez,Cuaderno,11,4680.65,efectivo
V-5474,2026-08-17,Marta Gomez,Detergente 5L,17,69780.70,efectivo
V-5475,2026-08-17,Diego Torres,Aceite x12,9,48256.84,efectivo
V-5476,2026-08-17,Distribuidora Sur,Cuaderno,6,2827.41,tarjeta
V-5477,2026-08-17,Constructora Norte,Cable HDMI,14,45328.67,transferencia
V-5478,2026-08-17,Garcia SA,Agua mineral x6,20,39391.87,efectivo
V-5479,2026-08-18,Garcia SA,Teclado mecanico,3,124698.77,tarjeta
V-5480,2026-08-18,Libreria Central,Agua mineral x6,42,73853.20,transferencia
V-5481,2026-08-18,Sofia Ramirez,Carpeta A4,17,20055.71,tarjeta
V-5482,2026-08-18,Clinica Belgrano,Licencia software anual,4,527034.98,tarjeta
V-5483,2026-08-18,Imprenta Rapida,Resma A4,5,4593.15,efectivo
V-5484,2026-08-18,Juan Perez,Auriculares,4,84090.77,transferencia
V-5485,2026-08-18,Supermercado Don Pepe,Pendrive 64GB,5,39385.94,transferencia
V-5486,2026-08-18,Ana Martinez,Servicio de mantenimiento,1,29263.17,efectivo
V-5487,2026-08-18,Clinica Belgrano,Teclado mecanico,5,179386.87,tarjeta
V-5488,2026-08-18,Sofia Ramirez,Licencia software anual,1,110250.90,tarjeta
V-5489,2026-08-18,Consultora Delta,Harina x25kg,4,12736.45,efectivo
V-5490,2026-08-18,Cafe Colonial,Toner HP,3,23297.70,transferencia
V-5491,2026-08-18,Kiosco El Sol,Cafe en grano,14,30006.74,tarjeta
V-5492,2026-08-18,Almacen La Paz,Pendrive 64GB,13,119516.04,mercadopago
V-5493,2026-08-19,Bar La Esquina,Golosinas surtidas,68,10839.65,tarjeta
V-5494,2026-08-19,Pedro Sanchez,Cafe en grano,9,18905.79,transferencia
V-5495,2026-08-19,Pedro Sanchez,Servicio de mantenimiento,1,33504.41,mercadopago
V-5496,2026-08-19,Optica Vision,Agua mineral x6,26,45452.30,tarjeta
V-5497,2026-08-19,Farmacia San Martin,Silla ergonomica,6,563008.57,efectivo
V-5498,2026-08-19,Valentina Diaz,Cuaderno,7,2851.59,transferencia
V-5499,2026-08-19,Ana Martinez,Tornillos x100,26,4029.60,efectivo
V-5500,2026-08-19,Farmacia San Martin,Hosting mensual,1,12670.77,mercadopago
V-5501,2026-08-19,Carniceria El Toro,Mouse inalambrico,8,72765.89,mercadopago
V-5502,2026-08-19,Escuela Sarmiento,Cafe en grano,11,19803.49,efectivo
V-5503,2026-08-20,Hotel Plaza,Cafe en grano,3,5703.23,transferencia
V-5504,2026-08-20,Hotel Plaza,Cable HDMI,12,43644.35,efectivo
V-5505,2026-08-20,Ferreteria Nuñez,Cuaderno,17,7112.69,transferencia
V-5506,2026-08-20,Inmobiliaria Sol,Bolsas x100,55,61569.16,tarjeta
V-5507,2026-08-20,Distribuidora Sur,Servicio de mantenimiento,1,30167.40,mercadopago
V-5508,2026-08-20,Imprenta Rapida,Servicio de consultoria,1,16701.67,transferencia
V-5509,2026-08-20,Almacen La Paz,Monitor 24'',4,741690.93,transferencia
V-5510,2026-08-20,Hotel Plaza,Servicio mensual,1,46785.29,tarjeta
V-5511,2026-08-20,Carniceria El Toro,Notebook Lenovo,1,647662.75,tarjeta
V-5512,2026-08-20,Mueblerias Hogar,Cafe en grano,3,5774.42,transferencia
V-5513,2026-08-21,Almacen La Paz,Resma A4,9,8464.80,tarjeta
V-5514,2026-08-21,Comercial Andrade,Teclado mecanico,2,77995.87,tarjeta
V-5515,2026-08-21,Estudio Contable RyR,Cartucho tinta,2,13126.86,transferencia
V-5516,2026-08-21,Imprenta Rapida,Detergente 5L,14,60338.93,tarjeta
V-5517,2026-08-21,Marta Gomez,Golosinas surtidas,62,9785.43,tarjeta
V-5518,2026-08-21,Almacen La Paz,Cartucho tinta,1,6035.62,efectivo
V-5519,2026-08-21,Kiosco El Sol,Detergente 5L,8,31882.31,tarjeta
V-5520,2026-08-21,Carlos Rodriguez,Aceite x12,3,17807.01,transferencia
V-5521,2026-08-21,Marta Gomez,Notebook Lenovo,1,580901.09,transferencia
V-5522,2026-08-21,Veterinaria Patitas,Lapiceras x12,15,38694.81,mercadopago
V-5523,2026-08-21,Distribuidora Sur,Servicio de consultoria,1,20037.40,transferencia
V-5524,2026-08-21,Panaderia Ortiz,Cable HDMI,2,6434.17,transferencia
V-5525,2026-08-21,Imprenta Rapida,Teclado mecanico,4,137914.71,transferencia
V-5526,2026-08-21,Garcia SA,Harina x25kg,11,34552.78,transferencia
V-5527,2026-08-21,Taller Mecanico Lopez,Pendrive 64GB,13,108829.57,transferencia
V-5528,2026-08-21,Distribuidora Sur,Cable HDMI,9,29236.09,efectivo
V-5529,2026-08-21,Imprenta Rapida,Aceite x12,1,5165.92,transferencia
V-5530,2026-08-21,Libreria Central,Servicio de mantenimiento,1,29978.81,transferencia
V-5531,2026-08-22,Estudio Contable RyR,Mouse inalambrico,3,30311.49,mercadopago
V-5532,2026-08-22,Kiosco El Sol,Cable HDMI,10,36802.56,transferencia
V-5533,2026-08-22,Ana Martinez,Servicio mensual,1,45307.67,transferencia
V-5534,2026-08-22,Libreria Central,Toner HP,2,15318.15,tarjeta
V-5535,2026-08-22,Bar La Esquina,Lapiceras x12,14,36660.00,efectivo
V-5536,2026-08-22,Farmacia San Martin,Tornillos x100,20,3349.08,transferencia
V-5537,2026-08-22,Veterinaria Patitas,Pendrive 64GB,14,123266.74,transferencia
V-5538,2026-08-22,Lucia Fernandez,Cuaderno,16,7200.86,efectivo
V-5539,2026-08-22,Comercial Andrade,Cuaderno,33,14636.74,transferencia
V-5540,2026-08-22,Consultora Delta,Servicio de mantenimiento,1,31548.15,transferencia
V-5541,2026-08-22,Gimnasio Fuerza,Notebook Lenovo,3,1975409.21,transferencia
V-5542,2026-08-22,Escuela Sarmiento,Disco SSD 1TB,4,308199.44,tarjeta
V-5543,2026-08-22,Agropecuaria Campo Verde,Pendrive 64GB,8,64963.50,tarjeta
V-5544,2026-08-22,Escuela Sarmiento,Agua mineral x6,28,47147.66,efectivo
V-5545,2026-08-23,Ferreteria Nuñez,Armazon,4,66152.01,transferencia
V-5546,2026-08-23,Constructora Norte,Tornillos x100,29,5087.14,tarjeta
V-5547,2026-08-23,Consultora Delta,Harina x25kg,11,36466.97,tarjeta
V-5548,2026-08-23,Hotel Plaza,Carpeta A4,29,38004.67,efectivo
V-5549,2026-08-23,Clinica Belgrano,Pendrive 64GB,17,131800.72,tarjeta
V-5550,2026-08-23,Hotel Plaza,Toner HP,3,24167.48,transferencia
V-5551,2026-08-23,Optica Vision,Mouse inalambrico,10,101880.20,transferencia
V-5552,2026-08-23,Constructora Norte,Monitor 24'',3,585770.83,tarjeta
V-5553,2026-08-23,Ana Martinez,Harina x25kg,12,35215.94,tarjeta
V-5554,2026-08-23,Clinica Belgrano,Bolsas x100,49,56052.87,transferencia
V-5555,2026-08-23,Veterinaria Patitas,Agua mineral x6,41,74559.32,efectivo
V-5556,2026-08-23,Pedro Sanchez,Golosinas surtidas,57,8041.36,tarjeta
V-5557,2026-08-23,Veterinaria Patitas,Servicio de mantenimiento,1,30705.99,tarjeta
V-5558,2026-08-23,Clinica Belgrano,Tornillos x100,46,7297.69,mercadopago
V-5559,2026-08-23,Supermercado Don Pepe,Cable HDMI,11,38862.30,transferencia
V-5560,2026-08-23,Veterinaria Patitas,Servicio mensual,1,44197.42,tarjeta
V-5561,2026-08-24,Garcia SA,Teclado mecanico,2,78565.09,tarjeta
V-5562,2026-08-24,Panaderia Ortiz,Toner HP,4,33895.12,transferencia
V-5563,2026-08-24,Cafe Colonial,Silla ergonomica,5,488196.97,tarjeta
V-5564,2026-08-24,Kiosco El Sol,Carpeta A4,39,49489.39,tarjeta
V-5565,2026-08-24,Peluqueria Glamour,Armazon,2,32077.63,transferencia
V-5566,2026-08-24,Transportes Rios,Mouse inalambrico,9,90947.94,transferencia
V-5567,2026-08-24,Ana Martinez,Cafe en grano,2,3997.68,tarjeta
V-5568,2026-08-24,Optica Vision,Mouse inalambrico,1,9744.20,efectivo
V-5569,2026-08-24,Consultora Delta,Disco SSD 1TB,1,81644.77,tarjeta
V-5570,2026-08-24,Garcia SA,Teclado mecanico,4,165951.35,tarjeta
V-5571,2026-08-24,Agropecuaria Campo Verde,Golosinas surtidas,69,10830.07,transferencia
V-5572,2026-08-24,Constructora Norte,Golosinas surtidas,35,5753.00,efectivo
V-5573,2026-08-24,Sofia Ramirez,Servicio de mantenimiento,1,33811.18,tarjeta
V-5574,2026-08-24,Panaderia Ortiz,Harina x25kg,12,35548.11,efectivo
V-5575,2026-08-24,Restaurante El Puerto,Capacitacion,3,167920.12,transferencia
V-5576,2026-08-24,Carlos Rodriguez,Mouse inalambrico,4,42470.54,tarjeta
V-5577,2026-08-24,Mueblerias Hogar,Monitor 24'',2,377859.69,efectivo
V-5578,2026-08-24,Constructora Norte,Servicio de mantenimiento,1,28872.63,efectivo
V-5579,2026-08-24,Ferreteria Nuñez,Aceite x12,9,54854.89,cheque
V-5580,2026-08-24,Pedro Sanchez,Toner HP,2,16660.18,efectivo
V-5581,2026-08-25,Clinica Belgrano,Servicio de mantenimiento,1,29365.96,tarjeta
V-5582,2026-08-25,Valentina Diaz,Detergente 5L,2,8251.65,transferencia
V-5583,2026-08-25,Juan Perez,Harina x25kg,5,15810.26,transferencia
V-5584,2026-08-25,Agropecuaria Campo Verde,Mouse inalambrico,2,18305.65,transferencia
V-5585,2026-08-25,Consultora Delta,Mouse inalambrico,4,39730.66,efectivo
V-5586,2026-08-25,Supermercado Don Pepe,Notebook Lenovo,1,582141.24,transferencia
V-5587,2026-08-25,Clinica Belgrano,Aceite x12,4,22691.65,efectivo
V-5588,2026-08-25,Consultora Delta,Detergente 5L,8,36671.02,tarjeta
V-5589,2026-08-25,Agropecuaria Campo Verde,Toner HP,3,22091.57,tarjeta
V-5590,2026-08-25,Marta Gomez,Bolsas x100,21,21199.38,mercadopago
V-5591,2026-08-25,Ana Martinez,Pendrive 64GB,14,118848.25,transferencia
V-5592,2026-08-25,Constructora Norte,Aceite x12,9,47105.11,transferencia
V-5593,2026-08-25,Marta Gomez,Cuaderno,10,4744.49,efectivo
V-5594,2026-08-25,Juan Perez,Agua mineral x6,15,29125.61,transferencia
V-5595,2026-08-25,Bar La Esquina,Cartucho tinta,7,48714.26,tarjeta
V-5596,2026-08-26,Kiosco El Sol,Cartucho tinta,1,6822.39,mercadopago
V-5597,2026-08-26,Panaderia Ortiz,Licencia software anual,1,113914.75,transferencia
V-5598,2026-08-26,Veterinaria Patitas,Pendrive 64GB,7,56618.02,transferencia
V-5599,2026-08-26,Ana Martinez,Aceite x12,3,18797.73,transferencia
V-5600,2026-08-26,Escuela Sarmiento,Resma A4,32,28900.93,tarjeta
V-5601,2026-08-26,Mueblerias Hogar,Detergente 5L,5,20939.79,transferencia
V-5602,2026-08-26,Imprenta Rapida,Auriculares,7,140409.83,efectivo
V-5603,2026-08-26,Diego Torres,Toner HP,6,52330.14,transferencia
V-5604,2026-08-26,Estudio Contable RyR,Carpeta A4,13,16482.00,tarjeta
V-5605,2026-08-26,Lucia Fernandez,Cuaderno,6,2968.03,mercadopago
V-5606,2026-08-26,Inmobiliaria Sol,Detergente 5L,2,7831.44,tarjeta
V-5607,2026-08-26,Bar La Esquina,Agua mineral x6,10,17241.58,transferencia
V-5608,2026-08-26,Lucia Fernandez,Cartucho tinta,8,55651.28,transferencia
V-5609,2026-08-26,Kiosco El Sol,Auriculares,8,191272.81,efectivo
V-5610,2026-08-26,Escuela Sarmiento,Licencia software anual,2,262548.14,efectivo
V-5611,2026-08-27,Almacen La Paz,Armazon,4,60519.00,transferencia
V-5612,2026-08-27,Ferreteria Nuñez,Resma A4,20,20014.27,transferencia
V-5613,2026-08-27,Bar La Esquina,Agua mineral x6,36,62229.58,efectivo
V-5614,2026-08-27,Restaurante El Puerto,Mouse inalambrico,2,20707.23,transferencia
V-5615,2026-08-27,Restaurante El Puerto,Agua mineral x6,14,23279.61,mercadopago
V-5616,2026-08-27,Veterinaria Patitas,Resma A4,20,18146.31,transferencia
V-5617,2026-08-27,Almacen La Paz,Notebook Lenovo,2,1264009.37,mercadopago
V-5618,2026-08-27,Valentina Diaz,Tornillos x100,29,4237.65,transferencia
V-5619,2026-08-27,Imprenta Rapida,Armazon,3,43405.15,transferencia
V-5620,2026-08-27,Kiosco El Sol,Agua mineral x6,36,67905.13,transferencia
V-5621,2026-08-27,Kiosco El Sol,Agua mineral x6,28,48212.60,mercadopago
V-5622,2026-08-27,Gimnasio Fuerza,Monitor 24'',3,542224.41,tarjeta
V-5623,2026-08-27,Martin Castro,Licencia software anual,3,360481.22,transferencia
V-5624,2026-08-27,Mueblerias Hogar,Notebook Lenovo,1,603786.28,cheque
V-5625,2026-08-27,Sofia Ramirez,Bolsas x100,51,54313.03,transferencia
V-5626,2026-08-27,Hotel Plaza,Detergente 5L,14,55368.52,efectivo
V-5627,2026-08-27,Libreria Central,Cuaderno,14,6743.19,tarjeta
V-5628,2026-08-27,Pedro Sanchez,Cable HDMI,2,6937.96,tarjeta
V-5629,2026-08-27,Hotel Plaza,Disco SSD 1TB,6,437546.28,transferencia
V-5630,2026-08-27,Juan Perez,Mouse inalambrico,1,9753.77,transferencia
V-5631,2026-08-28,Supermercado Don Pepe,Pendrive 64GB,9,70551.84,transferencia
V-5632,2026-08-28,Clinica Belgrano,Capacitacion,2,120221.86,efectivo
V-5633,2026-08-28,Peluqueria Glamour,Aceite x12,1,6027.70,tarjeta
V-5634,2026-08-28,Comercial Andrade,Hosting mensual,1,12904.68,mercadopago
V-5635,2026-08-28,Martin Castro,Capacitacion,2,117820.27,transferencia
V-5636,2026-08-28,Carniceria El Toro,Aceite x12,2,11367.76,transferencia
V-5637,2026-08-28,Peluqueria Glamour,Silla ergonomica,4,354806.04,efectivo
V-5638,2026-08-28,Optica Vision,Toner HP,3,26099.08,transferencia
V-5639,2026-08-28,Libreria Central,Golosinas surtidas,90,12549.82,tarjeta
V-5640,2026-08-28,Escuela Sarmiento,Cuaderno,5,2266.22,transferencia
V-5641,2026-08-28,Martin Castro,Golosinas surtidas,87,12247.70,tarjeta
V-5642,2026-08-28,Ferreteria Nuñez,Cuaderno,7,2835.81,transferencia
V-5643,2026-08-28,Martin Castro,Disco SSD 1TB,5,357598.24,efectivo
V-5644,2026-08-28,Estudio Contable RyR,Cafe en grano,7,15091.74,efectivo
V-5645,2026-08-28,Garcia SA,Auriculares,4,85307.72,efectivo
V-5646,2026-08-28,Sofia Ramirez,Disco SSD 1TB,3,211240.80,mercadopago
V-5647,2026-08-28,Distribuidora Sur,Tornillos x100,46,7405.06,mercadopago
V-5648,2026-08-29,Hotel Plaza,Servicio de consultoria,1,17720.29,mercadopago
V-5649,2026-08-29,Transportes Rios,Cartucho tinta,1,6628.43,tarjeta
V-5650,2026-08-29,Garcia SA,Servicio de consultoria,1,20078.55,efectivo
V-5651,2026-08-29,Restaurante El Puerto,Servicio de consultoria,1,17028.61,mercadopago
V-5652,2026-08-29,Kiosco El Sol,Bolsas x100,26,27127.59,tarjeta
V-5653,2026-08-29,Peluqueria Glamour,Pendrive 64GB,5,44936.47,efectivo
V-5654,2026-08-29,Escuela Sarmiento,Toner HP,6,46292.83,tarjeta
V-5655,2026-08-29,Distribuidora Sur,Hosting mensual,1,11490.81,tarjeta
V-5656,2026-08-29,Valentina Diaz,Tornillos x100,10,1645.30,mercadopago
V-5657,2026-08-29,Gimnasio Fuerza,Cafe en grano,2,3908.42,tarjeta
V-5658,2026-08-29,Supermercado Don Pepe,Auriculares,1,22764.23,tarjeta
V-5659,2026-08-29,Estudio Contable RyR,Servicio de mantenimiento,1,33072.86,transferencia
V-5660,2026-08-29,Taller Mecanico Lopez,Detergente 5L,16,63847.81,efectivo
V-5661,2026-08-29,Imprenta Rapida,Mouse inalambrico,10,99483.90,efectivo
V-5662,2026-08-29,Diego Torres,Cartucho tinta,6,42571.01,efectivo
V-5663,2026-08-30,Garcia SA,Servicio de mantenimiento,1,33266.39,tarjeta
V-5664,2026-08-30,Comercial Andrade,Aceite x12,3,17359.62,efectivo
V-5665,2026-08-30,Marta Gomez,Licencia software anual,4,486378.12,efectivo
V-5666,2026-08-30,Carniceria El Toro,Armazon,2,31122.90,tarjeta
V-5667,2026-08-30,Pedro Sanchez,Mouse inalambrico,2,20493.32,transferencia
V-5668,2026-08-30,Consultora Delta,Monitor 24'',2,340814.03,tarjeta
V-5669,2026-08-30,Imprenta Rapida,Carpeta A4,7,7699.43,transferencia
V-5670,2026-08-30,Clinica Belgrano,Teclado mecanico,1,41240.97,efectivo
V-5671,2026-08-30,Valentina Diaz,Resma A4,24,24176.97,transferencia
V-5672,2026-08-30,Peluqueria Glamour,Armazon,2,31837.11,transferencia
V-5673,2026-08-30,Cafe Colonial,Silla ergonomica,6,558425.38,transferencia
V-5674,2026-08-30,Lucia Fernandez,Licencia software anual,4,460393.05,tarjeta
V-5675,2026-08-30,Libreria Central,Capacitacion,2,128632.35,transferencia
V-5676,2026-08-30,Libreria Central,Carpeta A4,5,6037.80,transferencia
V-5677,2026-08-30,Lucia Fernandez,Golosinas surtidas,52,7291.61,tarjeta
V-5678,2026-08-31,Transportes Rios,Disco SSD 1TB,1,71608.60,efectivo
V-5679,2026-08-31,Veterinaria Patitas,Cuaderno,12,5637.76,transferencia
V-5680,2026-08-31,Imprenta Rapida,Pendrive 64GB,13,112717.79,tarjeta
V-5681,2026-08-31,Mueblerias Hogar,Harina x25kg,9,26682.38,mercadopago
V-5682,2026-08-31,Agropecuaria Campo Verde,Mouse inalambrico,3,31364.49,efectivo
V-5683,2026-08-31,Hotel Plaza,Servicio de consultoria,1,17676.94,tarjeta
V-5684,2026-08-31,Panaderia Ortiz,Cafe en grano,14,26392.21,tarjeta
V-5685,2026-08-31,Gimnasio Fuerza,Harina x25kg,12,37942.39,transferencia
V-5686,2026-08-31,Carniceria El Toro,Cafe en grano,15,27495.40,mercadopago
V-5687,2026-08-31,Juan Perez,Golosinas surtidas,87,12754.74,transferencia
V-5688,2026-08-31,Constructora Norte,Auriculares,3,67387.33,transferencia
V-5689,2026-08-31,Ferreteria Nuñez,Carpeta A4,49,60178.70,tarjeta
V-5690,2026-09-01,Optica Vision,Toner HP,4,31074.78,tarjeta
V-5691,2026-09-01,Ferreteria Nuñez,Capacitacion,1,54317.31,tarjeta
V-5692,2026-09-01,Gimnasio Fuerza,Cartucho tinta,3,21080.17,efectivo
V-5693,2026-09-01,Pedro Sanchez,Servicio de mantenimiento,1,34559.02,tarjeta
V-5694,2026-09-01,Distribuidora Sur,Silla ergonomica,1,93028.09,efectivo
V-5695,2026-09-01,Bar La Esquina,Disco SSD 1TB,1,82067.65,efectivo
V-5696,2026-09-01,Lucia Fernandez,Servicio de mantenimiento,1,32000.71,tarjeta
V-5697,2026-09-01,Panaderia Ortiz,Capacitacion,2,108182.16,transferencia
V-5698,2026-09-01,Estudio Contable RyR,Toner HP,6,49426.58,tarjeta
V-5699,2026-09-01,Cafe Colonial,Agua mineral x6,20,33923.85,transferencia
V-5700,2026-09-01,Marta Gomez,Licencia software anual,4,440136.25,transferencia
V-5701,2026-09-01,Mueblerias Hogar,Agua mineral x6,6,10117.02,tarjeta
V-5702,2026-09-01,Libreria Central,Teclado mecanico,1,37063.55,efectivo
V-5703,2026-09-01,Kiosco El Sol,Mouse inalambrico,5,50960.14,tarjeta
V-5704,2026-09-01,Lucia Fernandez,Armazon,3,50869.40,transferencia
V-5705,2026-09-01,Restaurante El Puerto,Monitor 24'',2,340337.12,efectivo
V-5706,2026-09-01,Supermercado Don Pepe,Armazon,2,28747.64,transferencia
V-5707,2026-09-01,Carniceria El Toro,Mouse inalambrico,8,77858.62,efectivo
V-5708,2026-09-01,Sofia Ramirez,Cuaderno,26,11411.82,efectivo
V-5709,2026-09-01,Bar La Esquina,Capacitacion,1,59327.25,tarjeta
V-5710,2026-09-01,Cafe Colonial,Disco SSD 1TB,3,211311.53,efectivo
V-5711,2026-09-01,Diego Torres,Toner HP,1,8375.53,tarjeta
V-5712,2026-09-02,Gimnasio Fuerza,Teclado mecanico,4,147135.43,transferencia
V-5713,2026-09-02,Clinica Belgrano,Silla ergonomica,6,615181.71,transferencia
V-5714,2026-09-02,Imprenta Rapida,Servicio de consultoria,1,18698.96,tarjeta
V-5715,2026-09-02,Cafe Colonial,Notebook Lenovo,2,1280220.85,transferencia
V-5716,2026-09-02,Bar La Esquina,Golosinas surtidas,51,6990.95,tarjeta
V-5717,2026-09-02,Sofia Ramirez,Agua mineral x6,40,74588.44,transferencia
V-5718,2026-09-02,Ana Martinez,Agua mineral x6,35,64670.90,transferencia
V-5719,2026-09-02,Diego Torres,Golosinas surtidas,39,5497.15,transferencia
V-5720,2026-09-02,Distribuidora Sur,Armazon,2,28344.00,tarjeta
V-5721,2026-09-02,Peluqueria Glamour,Agua mineral x6,38,71415.92,tarjeta
V-5722,2026-09-02,Restaurante El Puerto,Cafe en grano,9,16501.64,efectivo
V-5723,2026-09-02,Juan Perez,Licencia software anual,3,337864.69,transferencia
V-5724,2026-09-02,Veterinaria Patitas,Cable HDMI,4,13869.96,efectivo
V-5725,2026-09-02,Agropecuaria Campo Verde,Cafe en grano,11,23110.30,mercadopago
V-5726,2026-09-02,Kiosco El Sol,Golosinas surtidas,51,7960.65,transferencia
V-5727,2026-09-02,Peluqueria Glamour,Aceite x12,7,38659.75,efectivo
V-5728,2026-09-03,Escuela Sarmiento,Mouse inalambrico,10,92290.36,efectivo
V-5729,2026-09-03,Valentina Diaz,Cartucho tinta,5,29921.33,transferencia
V-5730,2026-09-03,Agropecuaria Campo Verde,Detergente 5L,17,70153.85,transferencia
V-5731,2026-09-03,Distribuidora Sur,Harina x25kg,5,16799.98,transferencia
V-5732,2026-09-03,Garcia SA,Toner HP,3,25113.07,efectivo
V-5733,2026-09-03,Almacen La Paz,Hosting mensual,1,11192.80,tarjeta
V-5734,2026-09-03,Supermercado Don Pepe,Tornillos x100,32,5063.80,mercadopago
V-5735,2026-09-03,Diego Torres,Armazon,1,16446.99,transferencia
V-5736,2026-09-03,Supermercado Don Pepe,Aceite x12,6,37230.58,mercadopago
V-5737,2026-09-03,Hotel Plaza,Auriculares,4,87806.56,efectivo
V-5738,2026-09-03,Clinica Belgrano,Harina x25kg,8,25363.43,transferencia
V-5739,2026-09-03,Optica Vision,Monitor 24'',3,549577.50,transferencia
V-5740,2026-09-03,Hotel Plaza,Capacitacion,3,172367.25,efectivo
V-5741,2026-09-03,Distribuidora Sur,Servicio de consultoria,1,18155.15,transferencia
V-5742,2026-09-04,Agropecuaria Campo Verde,Teclado mecanico,5,175925.33,tarjeta
V-5743,2026-09-04,Bar La Esquina,Mouse inalambrico,9,95764.20,transferencia
V-5744,2026-09-04,Distribuidora Sur,Detergente 5L,3,13523.25,efectivo
V-5745,2026-09-04,Libreria Central,Carpeta A4,31,38769.56,tarjeta
V-5746,2026-09-04,Garcia SA,Cafe en grano,13,25061.80,tarjeta
V-5747,2026-09-04,Consultora Delta,Servicio de mantenimiento,1,30447.36,efectivo
V-5748,2026-09-04,Lucia Fernandez,Resma A4,13,13064.41,tarjeta
V-5749,2026-09-04,Libreria Central,Hosting mensual,1,12962.48,transferencia
V-5750,2026-09-04,Transportes Rios,Servicio mensual,1,48536.82,tarjeta
V-5751,2026-09-04,Gimnasio Fuerza,Pendrive 64GB,1,8137.69,cheque
V-5752,2026-09-04,Distribuidora Sur,Cable HDMI,10,34745.49,tarjeta
V-5753,2026-09-04,Marta Gomez,Pendrive 64GB,17,138468.76,tarjeta
V-5754,2026-09-04,Inmobiliaria Sol,Servicio mensual,1,46347.57,transferencia
V-5755,2026-09-04,Panaderia Ortiz,Cuaderno,33,15014.84,efectivo
V-5756,2026-09-04,Panaderia Ortiz,Servicio mensual,1,46305.97,efectivo
V-5757,2026-09-04,Constructora Norte,Auriculares,5,105966.44,tarjeta
V-5758,2026-09-04,Constructora Norte,Disco SSD 1TB,6,445074.03,transferencia
V-5759,2026-09-04,Inmobiliaria Sol,Agua mineral x6,19,35368.97,tarjeta
V-5760,2026-09-04,Distribuidora Sur,Servicio de consultoria,1,16899.25,mercadopago
V-5761,2026-09-04,Marta Gomez,Capacitacion,1,54324.80,mercadopago
V-5762,2026-09-05,Peluqueria Glamour,Cable HDMI,11,38638.54,mercadopago
V-5763,2026-09-05,Carniceria El Toro,Golosinas surtidas,69,11006.41,transferencia
V-5764,2026-09-05,Sofia Ramirez,Disco SSD 1TB,2,147685.79,efectivo
V-5765,2026-09-05,Peluqueria Glamour,Mouse inalambrico,1,10676.11,transferencia
V-5766,2026-09-05,Diego Torres,Bolsas x100,39,43803.06,efectivo
V-5767,2026-09-05,Pedro Sanchez,Agua mineral x6,10,18710.32,transferencia
V-5768,2026-09-05,Martin Castro,Harina x25kg,12,38518.21,mercadopago
V-5769,2026-09-05,Martin Castro,Carpeta A4,32,41293.12,transferencia
V-5770,2026-09-05,Consultora Delta,Cartucho tinta,6,42254.37,tarjeta
V-5771,2026-09-05,Carlos Rodriguez,Capacitacion,1,55364.70,transferencia
V-5772,2026-09-05,Ferreteria Nuñez,Licencia software anual,3,378979.04,mercadopago
V-5773,2026-09-05,Comercial Andrade,Auriculares,4,85785.93,transferencia
V-5774,2026-09-05,Bar La Esquina,Carpeta A4,26,29900.67,tarjeta
V-5775,2026-09-05,Marta Gomez,Hosting mensual,1,12098.14,transferencia
V-5776,2026-09-05,Juan Perez,Lapiceras x12,25,60114.85,transferencia
V-5777,2026-09-05,Marta Gomez,Agua mineral x6,9,14778.45,transferencia
V-5778,2026-09-05,Peluqueria Glamour,Resma A4,27,26225.70,transferencia
V-5779,2026-09-06,Carlos Rodriguez,Detergente 5L,8,35842.05,tarjeta
V-5780,2026-09-06,Ana Martinez,Agua mineral x6,11,18906.78,tarjeta
V-5781,2026-09-06,Marta Gomez,Monitor 24'',3,524044.47,transferencia
V-5782,2026-09-06,Constructora Norte,Licencia software anual,1,110474.62,tarjeta
V-5783,2026-09-06,Bar La Esquina,Harina x25kg,8,23717.89,tarjeta
V-5784,2026-09-06,Juan Perez,Capacitacion,2,121173.96,transferencia
V-5785,2026-09-06,Transportes Rios,Auriculares,1,20480.98,efectivo
V-5786,2026-09-06,Martin Castro,Detergente 5L,5,20600.15,tarjeta
V-5787,2026-09-06,Estudio Contable RyR,Cartucho tinta,4,25915.41,tarjeta
V-5788,2026-09-06,Pedro Sanchez,Toner HP,3,24377.55,tarjeta
V-5789,2026-09-07,Agropecuaria Campo Verde,Hosting mensual,1,11070.77,tarjeta
V-5790,2026-09-07,Mueblerias Hogar,Capacitacion,2,118524.98,efectivo
V-5791,2026-09-07,Optica Vision,Lapiceras x12,8,19829.74,tarjeta
V-5792,2026-09-07,Garcia SA,Silla ergonomica,1,99168.93,transferencia
V-5793,2026-09-07,Farmacia San Martin,Cartucho tinta,4,25349.60,tarjeta
V-5794,2026-09-07,Almacen La Paz,Cartucho tinta,2,13228.96,transferencia
V-5795,2026-09-07,Taller Mecanico Lopez,Bolsas x100,14,15539.93,tarjeta
V-5796,2026-09-07,Mueblerias Hogar,Cafe en grano,5,10157.00,efectivo
V-5797,2026-09-07,Pedro Sanchez,Lapiceras x12,7,16068.49,tarjeta
V-5798,2026-09-07,Escuela Sarmiento,Golosinas surtidas,32,4769.40,transferencia
V-5799,2026-09-07,Carniceria El Toro,Notebook Lenovo,1,642483.61,efectivo
V-5800,2026-09-08,Diego Torres,Auriculares,7,151774.92,tarjeta
V-5801,2026-09-08,Carlos Rodriguez,Servicio mensual,1,47833.09,transferencia
V-5802,2026-09-08,Transportes Rios,Hosting mensual,1,11290.82,transferencia
V-5803,2026-09-08,Valentina Diaz,Disco SSD 1TB,4,295799.85,efectivo
V-5804,2026-09-08,Hotel Plaza,Cafe en grano,6,11559.97,efectivo
V-5805,2026-09-08,Distribuidora Sur,Bolsas x100,8,8209.71,mercadopago
V-5806,2026-09-08,Taller Mecanico Lopez,Armazon,3,45816.16,transferencia
V-5807,2026-09-08,Comercial Andrade,Cartucho tinta,8,55309.12,tarjeta
V-5808,2026-09-08,Comercial Andrade,Servicio de mantenimiento,1,29600.39,tarjeta
V-5809,2026-09-08,Optica Vision,Disco SSD 1TB,2,151667.10,mercadopago
V-5810,2026-09-08,Bar La Esquina,Hosting mensual,1,11925.94,transferencia
V-5811,2026-09-08,Imprenta Rapida,Disco SSD 1TB,5,359436.71,transferencia
V-5812,2026-09-08,Pedro Sanchez,Cable HDMI,8,28853.85,transferencia
V-5813,2026-09-08,Sofia Ramirez,Disco SSD 1TB,5,342110.89,mercadopago
V-5814,2026-09-09,Panaderia Ortiz,Golosinas surtidas,29,3956.80,efectivo
V-5815,2026-09-09,Restaurante El Puerto,Aceite x12,3,16051.64,tarjeta
V-5816,2026-09-09,Gimnasio Fuerza,Carpeta A4,48,62948.87,efectivo
V-5817,2026-09-09,Escuela Sarmiento,Silla ergonomica,6,588492.53,transferencia
V-5818,2026-09-09,Mueblerias Hogar,Licencia software anual,4,521728.86,tarjeta
V-5819,2026-09-09,Cafe Colonial,Silla ergonomica,1,92647.77,tarjeta
V-5820,2026-09-09,Transportes Rios,Disco SSD 1TB,4,294158.15,tarjeta
V-5821,2026-09-09,Pedro Sanchez,Notebook Lenovo,3,1900696.80,tarjeta
V-5822,2026-09-09,Consultora Delta,Cafe en grano,5,9575.14,transferencia
V-5823,2026-09-09,Restaurante El Puerto,Licencia software anual,3,334968.42,mercadopago
V-5824,2026-09-09,Hotel Plaza,Detergente 5L,14,60942.09,transferencia
V-5825,2026-09-09,Libreria Central,Monitor 24'',2,392917.53,transferencia
V-5826,2026-09-09,Taller Mecanico Lopez,Resma A4,9,9373.75,cheque
V-5827,2026-09-09,Hotel Plaza,Bolsas x100,5,5454.52,efectivo
V-5828,2026-09-09,Marta Gomez,Silla ergonomica,6,540730.12,efectivo
V-5829,2026-09-09,Mueblerias Hogar,Harina x25kg,9,29510.34,transferencia
V-5830,2026-09-09,Estudio Contable RyR,Auriculares,6,119780.55,transferencia
V-5831,2026-09-10,Garcia SA,Mouse inalambrico,3,28924.07,tarjeta
V-5832,2026-09-10,Agropecuaria Campo Verde,Golosinas surtidas,71,10327.62,efectivo
V-5833,2026-09-10,Veterinaria Patitas,Detergente 5L,10,44895.44,tarjeta
V-5834,2026-09-10,Ana Martinez,Pendrive 64GB,18,165806.52,transferencia
V-5835,2026-09-10,Ana Martinez,Cuaderno,37,16651.31,tarjeta
V-5836,2026-09-10,Estudio Contable RyR,Carpeta A4,10,12240.30,transferencia
V-5837,2026-09-10,Farmacia San Martin,Mouse inalambrico,8,79499.71,tarjeta
V-5838,2026-09-10,Clinica Belgrano,Carpeta A4,50,60064.29,cheque
V-5839,2026-09-10,Taller Mecanico Lopez,Mouse inalambrico,5,50752.03,efectivo
V-5840,2026-09-10,Diego Torres,Servicio de consultoria,1,16988.99,efectivo
V-5841,2026-09-10,Hotel Plaza,Capacitacion,3,176676.05,transferencia
V-5842,2026-09-10,Carniceria El Toro,Lapiceras x12,6,13853.89,transferencia
V-5843,2026-09-10,Diego Torres,Pendrive 64GB,19,174473.03,efectivo
V-5844,2026-09-10,Juan Perez,Cuaderno,5,2042.73,efectivo
V-5845,2026-09-10,Garcia SA,Cable HDMI,11,39715.28,tarjeta
V-5846,2026-09-10,Pedro Sanchez,Detergente 5L,3,11557.63,efectivo
V-5847,2026-09-10,Valentina Diaz,Harina x25kg,3,9465.96,efectivo
V-5848,2026-09-11,Diego Torres,Aceite x12,4,24276.99,mercadopago
V-5849,2026-09-11,Carlos Rodriguez,Mouse inalambrico,4,41000.32,cheque
V-5850,2026-09-11,Ana Martinez,Harina x25kg,8,26511.28,tarjeta
V-5851,2026-09-11,Carlos Rodriguez,Bolsas x100,53,62178.19,efectivo
V-5852,2026-09-11,Juan Perez,Resma A4,8,7218.07,tarjeta
V-5853,2026-09-11,Taller Mecanico Lopez,Lapiceras x12,28,68479.34,transferencia
V-5854,2026-09-11,Lucia Fernandez,Monitor 24'',1,188176.26,efectivo
V-5855,2026-09-11,Supermercado Don Pepe,Cartucho tinta,1,6075.54,transferencia
V-5856,2026-09-11,Martin Castro,Aceite x12,2,11024.03,efectivo
V-5857,2026-09-11,Supermercado Don Pepe,Licencia software anual,1,122919.30,transferencia
V-5858,2026-09-11,Clinica Belgrano,Aceite x12,4,23408.11,tarjeta
V-5859,2026-09-12,Optica Vision,Cafe en grano,14,27537.91,tarjeta
V-5860,2026-09-12,Ferreteria Nuñez,Agua mineral x6,6,10825.59,transferencia
V-5861,2026-09-12,Gimnasio Fuerza,Golosinas surtidas,74,11144.21,efectivo
V-5862,2026-09-12,Transportes Rios,Pendrive 64GB,19,155140.12,mercadopago
V-5863,2026-09-12,Gimnasio Fuerza,Aceite x12,8,48762.85,mercadopago
V-5864,2026-09-12,Ferreteria Nuñez,Cafe en grano,3,6592.21,transferencia
V-5865,2026-09-12,Taller Mecanico Lopez,Armazon,2,32080.93,transferencia
V-5866,2026-09-12,Carlos Rodriguez,Licencia software anual,4,479730.69,tarjeta
V-5867,2026-09-12,Distribuidora Sur,Licencia software anual,5,574825.91,transferencia
V-5868,2026-09-12,Distribuidora Sur,Servicio de mantenimiento,1,33580.77,efectivo
V-5869,2026-09-12,Clinica Belgrano,Licencia software anual,2,238769.80,efectivo
V-5870,2026-09-12,Estudio Contable RyR,Armazon,1,16298.15,tarjeta
V-5871,2026-09-12,Estudio Contable RyR,Silla ergonomica,4,378399.15,tarjeta
V-5872,2026-09-12,Distribuidora Sur,Silla ergonomica,4,408099.71,efectivo
V-5873,2026-09-12,Taller Mecanico Lopez,Cartucho tinta,4,25527.67,tarjeta
V-5874,2026-09-12,Gimnasio Fuerza,Lapiceras x12,30,74373.14,transferencia
V-5875,2026-09-12,Optica Vision,Cable HDMI,11,37703.14,tarjeta
V-5876,2026-09-12,Libreria Central,Mouse inalambrico,3,29941.69,tarjeta
V-5877,2026-09-12,Peluqueria Glamour,Teclado mecanico,4,152447.59,transferencia
V-5878,2026-09-12,Constructora Norte,Bolsas x100,49,50609.04,transferencia
V-5879,2026-09-13,Valentina Diaz,Mouse inalambrico,6,54907.53,mercadopago
V-5880,2026-09-13,Comercial Andrade,Licencia software anual,5,656094.71,tarjeta
V-5881,2026-09-13,Agropecuaria Campo Verde,Servicio de mantenimiento,1,33973.91,tarjeta
V-5882,2026-09-13,Escuela Sarmiento,Golosinas surtidas,61,8859.76,tarjeta
V-5883,2026-09-13,Martin Castro,Golosinas surtidas,75,10851.11,efectivo
V-5884,2026-09-13,Carlos Rodriguez,Mouse inalambrico,5,44344.39,mercadopago
V-5885,2026-09-13,Kiosco El Sol,Armazon,1,14932.97,mercadopago
V-5886,2026-09-13,Sofia Ramirez,Auriculares,5,101745.57,transferencia
V-5887,2026-09-13,Valentina Diaz,Disco SSD 1TB,4,289779.69,tarjeta
V-5888,2026-09-13,Distribuidora Sur,Servicio de mantenimiento,1,34901.74,tarjeta
V-5889,2026-09-13,Gimnasio Fuerza,Pendrive 64GB,12,109495.01,efectivo
V-5890,2026-09-13,Bar La Esquina,Cartucho tinta,8,47634.90,efectivo
V-5891,2026-09-13,Marta Gomez,Cuaderno,38,16855.57,mercadopago
V-5892,2026-09-13,Martin Castro,Armazon,1,13963.52,transferencia
V-5893,2026-09-13,Libreria Central,Aceite x12,10,59325.67,tarjeta
V-5894,2026-09-13,Transportes Rios,Monitor 24'',4,698339.63,cheque
V-5895,2026-09-14,Panaderia Ortiz,Agua mineral x6,19,35175.11,tarjeta
V-5896,2026-09-14,Panaderia Ortiz,Servicio de consultoria,1,17026.20,transferencia
V-5897,2026-09-14,Constructora Norte,Servicio de consultoria,1,19031.86,efectivo
V-5898,2026-09-14,Agropecuaria Campo Verde,Notebook Lenovo,2,1184258.79,efectivo
V-5899,2026-09-14,Martin Castro,Servicio de consultoria,1,19097.80,transferencia
V-5900,2026-09-14,Carlos Rodriguez,Tornillos x100,15,2268.99,tarjeta
V-5901,2026-09-14,Garcia SA,Servicio mensual,1,46205.89,tarjeta
V-5902,2026-09-14,Diego Torres,Carpeta A4,7,7582.92,tarjeta
V-5903,2026-09-14,Libreria Central,Servicio de consultoria,1,19655.83,mercadopago
V-5904,2026-09-14,Farmacia San Martin,Agua mineral x6,50,88622.54,efectivo
V-5905,2026-09-14,Escuela Sarmiento,Servicio de mantenimiento,1,31126.27,mercadopago
V-5906,2026-09-14,Garcia SA,Cable HDMI,11,36869.76,efectivo
V-5907,2026-09-14,Ferreteria Nuñez,Harina x25kg,9,30043.44,efectivo
V-5908,2026-09-14,Martin Castro,Disco SSD 1TB,3,216228.40,tarjeta
V-5909,2026-09-14,Pedro Sanchez,Teclado mecanico,4,144573.65,tarjeta
V-5910,2026-09-14,Lucia Fernandez,Silla ergonomica,2,184751.71,transferencia
V-5911,2026-09-14,Kiosco El Sol,Armazon,2,29477.19,transferencia
V-5912,2026-09-14,Carniceria El Toro,Agua mineral x6,32,62165.65,efectivo
V-5913,2026-09-14,Peluqueria Glamour,Teclado mecanico,3,123746.51,transferencia
V-5914,2026-09-15,Carlos Rodriguez,Cable HDMI,14,46723.15,efectivo
V-5915,2026-09-15,Gimnasio Fuerza,Cartucho tinta,4,26839.02,efectivo
V-5916,2026-09-15,Diego Torres,Teclado mecanico,2,81391.08,transferencia
V-5917,2026-09-15,Taller Mecanico Lopez,Mouse inalambrico,5,49172.33,transferencia
V-5918,2026-09-15,Inmobiliaria Sol,Pendrive 64GB,15,126805.44,tarjeta
V-5919,2026-09-15,Clinica Belgrano,Auriculares,5,104361.47,efectivo
V-5920,2026-09-15,Farmacia San Martin,Licencia software anual,5,566213.17,transferencia
V-5921,2026-09-15,Veterinaria Patitas,Pendrive 64GB,14,130824.24,efectivo
V-5922,2026-09-15,Lucia Fernandez,Notebook Lenovo,2,1121897.24,transferencia
V-5923,2026-09-15,Juan Perez,Notebook Lenovo,2,1362642.47,tarjeta
V-5924,2026-09-15,Optica Vision,Cartucho tinta,5,31855.80,efectivo
V-5925,2026-09-15,Consultora Delta,Servicio de consultoria,1,18344.18,transferencia
V-5926,2026-09-15,Agropecuaria Campo Verde,Disco SSD 1TB,5,394386.54,transferencia
V-5927,2026-09-16,Diego Torres,Monitor 24'',4,680727.82,mercadopago
V-5928,2026-09-16,Gimnasio Fuerza,Pendrive 64GB,19,155515.85,efectivo
V-5929,2026-09-16,Garcia SA,Detergente 5L,2,7966.04,transferencia
V-5930,2026-09-16,Gimnasio Fuerza,Golosinas surtidas,62,9409.92,transferencia
V-5931,2026-09-16,Comercial Andrade,Notebook Lenovo,3,1723347.76,transferencia
V-5932,2026-09-16,Valentina Diaz,Harina x25kg,2,6395.84,transferencia
V-5933,2026-09-16,Kiosco El Sol,Servicio mensual,1,42542.78,transferencia
V-5934,2026-09-16,Supermercado Don Pepe,Monitor 24'',3,569352.10,efectivo
V-5935,2026-09-16,Veterinaria Patitas,Disco SSD 1TB,4,307226.43,transferencia
V-5936,2026-09-16,Taller Mecanico Lopez,Hosting mensual,1,11068.02,efectivo
V-5937,2026-09-16,Optica Vision,Servicio de mantenimiento,1,30558.54,tarjeta
V-5938,2026-09-16,Panaderia Ortiz,Tornillos x100,34,5785.02,tarjeta
V-5939,2026-09-16,Libreria Central,Capacitacion,3,175690.95,efectivo
V-5940,2026-09-16,Inmobiliaria Sol,Armazon,1,16094.89,tarjeta
V-5941,2026-09-17,Gimnasio Fuerza,Cafe en grano,10,18769.76,transferencia
V-5942,2026-09-17,Almacen La Paz,Harina x25kg,3,8852.75,cheque
V-5943,2026-09-17,Imprenta Rapida,Hosting mensual,1,12203.04,transferencia
V-5944,2026-09-17,Lucia Fernandez,Silla ergonomica,6,615813.99,transferencia
V-5945,2026-09-17,Supermercado Don Pepe,Armazon,3,48878.93,efectivo
V-5946,2026-09-17,Clinica Belgrano,Bolsas x100,7,8352.66,transferencia
V-5947,2026-09-17,Clinica Belgrano,Tornillos x100,39,6670.81,tarjeta
V-5948,2026-09-17,Estudio Contable RyR,Cafe en grano,9,17100.65,cheque
V-5949,2026-09-17,Escuela Sarmiento,Golosinas surtidas,31,4806.05,tarjeta
V-5950,2026-09-17,Farmacia San Martin,Teclado mecanico,2,79967.97,mercadopago
V-5951,2026-09-17,Farmacia San Martin,Tornillos x100,32,4637.44,tarjeta
V-5952,2026-09-17,Constructora Norte,Lapiceras x12,27,66808.84,transferencia
V-5953,2026-09-17,Supermercado Don Pepe,Servicio de mantenimiento,1,31512.94,transferencia
V-5954,2026-09-17,Taller Mecanico Lopez,Capacitacion,2,113771.97,mercadopago
V-5955,2026-09-17,Almacen La Paz,Licencia software anual,3,392387.07,efectivo
V-5956,2026-09-17,Veterinaria Patitas,Notebook Lenovo,2,1199225.54,efectivo
V-5957,2026-09-17,Distribuidora Sur,Capacitacion,3,181434.70,mercadopago
V-5958,2026-09-18,Supermercado Don Pepe,Bolsas x100,51,55188.63,efectivo
V-5959,2026-09-18,Ana Martinez,Toner HP,2,17665.35,transferencia
V-5960,2026-09-18,Valentina Diaz,Cafe en grano,15,31652.39,tarjeta
V-5961,2026-09-18,Ferreteria Nuñez,Notebook Lenovo,2,1240516.29,efectivo
V-5962,2026-09-18,Hotel Plaza,Agua mineral x6,14,22968.21,tarjeta
V-5963,2026-09-18,Juan Perez,Cafe en grano,8,15352.90,efectivo
V-5964,2026-09-18,Taller Mecanico Lopez,Golosinas surtidas,90,12624.40,transferencia
V-5965,2026-09-18,Hotel Plaza,Aceite x12,3,17002.12,tarjeta
V-5966,2026-09-18,Kiosco El Sol,Monitor 24'',2,367659.25,transferencia
V-5967,2026-09-18,Restaurante El Puerto,Harina x25kg,6,18936.55,tarjeta
V-5968,2026-09-18,Carlos Rodriguez,Servicio mensual,1,45192.04,tarjeta
V-5969,2026-09-18,Hotel Plaza,Cafe en grano,8,17225.38,transferencia
V-5970,2026-09-18,Optica Vision,Hosting mensual,1,12927.84,efectivo
V-5971,2026-09-18,Estudio Contable RyR,Servicio de mantenimiento,1,31895.32,transferencia
V-5972,2026-09-19,Bar La Esquina,Teclado mecanico,2,78786.46,mercadopago
V-5973,2026-09-19,Pedro Sanchez,Auriculares,8,179694.47,mercadopago
V-5974,2026-09-19,Ana Martinez,Harina x25kg,3,10062.05,efectivo
V-5975,2026-09-19,Panaderia Ortiz,Lapiceras x12,5,12820.45,efectivo
V-5976,2026-09-19,Diego Torres,Resma A4,8,8286.15,transferencia
V-5977,2026-09-19,Mueblerias Hogar,Licencia software anual,2,223523.08,tarjeta
V-5978,2026-09-19,Imprenta Rapida,Mouse inalambrico,10,105837.89,tarjeta
V-5979,2026-09-19,Escuela Sarmiento,Detergente 5L,16,66328.41,transferencia
V-5980,2026-09-19,Peluqueria Glamour,Servicio de consultoria,1,17156.56,efectivo
V-5981,2026-09-19,Restaurante El Puerto,Silla ergonomica,1,93899.35,transferencia
V-5982,2026-09-19,Ferreteria Nuñez,Licencia software anual,5,640858.50,tarjeta
V-5983,2026-09-19,Imprenta Rapida,Servicio mensual,1,42788.66,transferencia
V-5984,2026-09-19,Pedro Sanchez,Hosting mensual,1,10814.11,efectivo
V-5985,2026-09-19,Valentina Diaz,Lapiceras x12,9,21861.19,tarjeta
V-5986,2026-09-19,Lucia Fernandez,Carpeta A4,18,22657.43,tarjeta
V-5987,2026-09-19,Imprenta Rapida,Carpeta A4,8,8966.59,tarjeta
V-5988,2026-09-19,Marta Gomez,Monitor 24'',4,654801.25,transferencia
V-5989,2026-09-20,Transportes Rios,Licencia software anual,2,229110.84,efectivo
V-5990,2026-09-20,Panaderia Ortiz,Cuaderno,9,4079.54,transferencia
V-5991,2026-09-20,Juan Perez,Teclado mecanico,5,190189.57,transferencia
V-5992,2026-09-20,Distribuidora Sur,Cafe en grano,15,30296.76,tarjeta
V-5993,2026-09-20,Imprenta Rapida,Resma A4,8,8508.21,transferencia
V-5994,2026-09-20,Estudio Contable RyR,Cafe en grano,6,11700.71,tarjeta
V-5995,2026-09-20,Taller Mecanico Lopez,Tornillos x100,14,2017.31,tarjeta
V-5996,2026-09-20,Taller Mecanico Lopez,Cartucho tinta,3,18960.48,transferencia
V-5997,2026-09-20,Kiosco El Sol,Disco SSD 1TB,5,393017.41,mercadopago
V-5998,2026-09-20,Clinica Belgrano,Detergente 5L,14,59070.15,transferencia
V-5999,2026-09-20,Agropecuaria Campo Verde,Capacitacion,1,56850.71,efectivo
V-6000,2026-09-20,Escuela Sarmiento,Detergente 5L,4,17299.00,cheque
